id,name,action,priority,phoneNumber,labelId,isEnabled,count,avatar,ruleType,subscriptionId
+19315321848,Robocall,block,3,+19315321848,robocall,1,0,,phone_rule,us-ftc-robocall-daily
+14047819473,Robocall,block,3,+14047819473,robocall,1,0,,phone_rule,us-ftc-robocall-daily
+12393177803,Robocall,block,3,+12393177803,robocall,1,0,,phone_rule,us-ftc-robocall-daily
+17273491561,Robocall,block,3,+17273491561,robocall,1,0,,phone_rule,us-ftc-robocall-daily
+17407611027,Robocall,block,3,+17407611027,robocall,1,0,,phone_rule,us-ftc-robocall-daily
+14244511975,Robocall,block,3,+14244511975,robocall,1,0,,phone_rule,us-ftc-robocall-daily
+16033092055,Robocall,block,3,+16033092055,robocall,1,0,,phone_rule,us-ftc-robocall-daily
+14782172795,Robocall,block,3,+14782172795,robocall,1,0,,phone_rule,us-ftc-robocall-daily
+17325812990,Robocall,block,3,+17325812990,robocall,1,0,,phone_rule,us-ftc-robocall-daily
+13513229379,Robocall,block,3,+13513229379,robocall,1,0,,phone_rule,us-ftc-robocall-daily
+19047561540,Robocall,block,3,+19047561540,robocall,1,0,,phone_rule,us-ftc-robocall-daily
+19032204012,Robocall,block,3,+19032204012,robocall,1,0,,phone_rule,us-ftc-robocall-daily
+16308011234,Robocall,block,3,+16308011234,robocall,1,0,,phone_rule,us-ftc-robocall-daily
+18665503587,Robocall,block,3,+18665503587,robocall,1,0,,phone_rule,us-ftc-robocall-daily
+18446043630,Robocall,block,3,+18446043630,robocall,1,0,,phone_rule,us-ftc-robocall-daily
+15028796939,Robocall,block,3,+15028796939,robocall,1,0,,phone_rule,us-ftc-robocall-daily
+17249206885,Robocall,block,3,+17249206885,robocall,1,0,,phone_rule,us-ftc-robocall-daily
+18763464332,Robocall,block,3,+18763464332,robocall,1,0,,phone_rule,us-ftc-robocall-daily
+13023153872,Robocall,block,3,+13023153872,robocall,1,0,,phone_rule,us-ftc-robocall-daily
+14844086393,Robocall,block,3,+14844086393,robocall,1,0,,phone_rule,us-ftc-robocall-daily
+18883101056,Robocall,block,3,+18883101056,robocall,1,0,,phone_rule,us-ftc-robocall-daily
+13603871197,Robocall,block,3,+13603871197,robocall,1,0,,phone_rule,us-ftc-robocall-daily
+14248575123,Robocall,block,3,+14248575123,robocall,1,0,,phone_rule,us-ftc-robocall-daily
+15024760075,Robocall,block,3,+15024760075,robocall,1,0,,phone_rule,us-ftc-robocall-daily
+12142649163,Robocall,block,3,+12142649163,robocall,1,0,,phone_rule,us-ftc-robocall-daily
+19379552597,Robocall,block,3,+19379552597,robocall,1,0,,phone_rule,us-ftc-robocall-daily
+16282874155,Robocall,block,3,+16282874155,robocall,1,0,,phone_rule,us-ftc-robocall-daily
+16232551825,Robocall,block,3,+16232551825,robocall,1,0,,phone_rule,us-ftc-robocall-daily
+19159004123,Robocall,block,3,+19159004123,robocall,1,0,,phone_rule,us-ftc-robocall-daily
+19402868404,Robocall,block,3,+19402868404,robocall,1,0,,phone_rule,us-ftc-robocall-daily
+12343036518,Robocall,block,3,+12343036518,robocall,1,0,,phone_rule,us-ftc-robocall-daily
+19289255333,Robocall,block,3,+19289255333,robocall,1,0,,phone_rule,us-ftc-robocall-daily
+14244147983,Robocall,block,3,+14244147983,robocall,1,0,,phone_rule,us-ftc-robocall-daily
+14353834137,Robocall,block,3,+14353834137,robocall,1,0,,phone_rule,us-ftc-robocall-daily
+18337590213,Robocall,block,3,+18337590213,robocall,1,0,,phone_rule,us-ftc-robocall-daily
+13218661469,Robocall,block,3,+13218661469,robocall,1,0,,phone_rule,us-ftc-robocall-daily
+19798877533,Robocall,block,3,+19798877533,robocall,1,0,,phone_rule,us-ftc-robocall-daily
+14642000578,Robocall,block,3,+14642000578,robocall,1,0,,phone_rule,us-ftc-robocall-daily
+13519009049,Robocall,block,3,+13519009049,robocall,1,0,,phone_rule,us-ftc-robocall-daily
+13303470133,Robocall,block,3,+13303470133,robocall,1,0,,phone_rule,us-ftc-robocall-daily
+15829999074,Robocall,block,3,+15829999074,robocall,1,0,,phone_rule,us-ftc-robocall-daily
+19375604976,Robocall,block,3,+19375604976,robocall,1,0,,phone_rule,us-ftc-robocall-daily
+12606932154,Robocall,block,3,+12606932154,robocall,1,0,,phone_rule,us-ftc-robocall-daily
+19379552417,Robocall,block,3,+19379552417,robocall,1,0,,phone_rule,us-ftc-robocall-daily
+15204423355,Robocall,block,3,+15204423355,robocall,1,0,,phone_rule,us-ftc-robocall-daily
+16282892580,Robocall,block,3,+16282892580,robocall,1,0,,phone_rule,us-ftc-robocall-daily
+19013416898,Robocall,block,3,+19013416898,robocall,1,0,,phone_rule,us-ftc-robocall-daily
+12564463994,Robocall,block,3,+12564463994,robocall,1,0,,phone_rule,us-ftc-robocall-daily
+16146837355,Robocall,block,3,+16146837355,robocall,1,0,,phone_rule,us-ftc-robocall-daily
+12344326216,Robocall,block,3,+12344326216,robocall,1,0,,phone_rule,us-ftc-robocall-daily
+16095036424,Robocall,block,3,+16095036424,robocall,1,0,,phone_rule,us-ftc-robocall-daily
+13852048816,Robocall,block,3,+13852048816,robocall,1,0,,phone_rule,us-ftc-robocall-daily
+12068472475,Robocall,block,3,+12068472475,robocall,1,0,,phone_rule,us-ftc-robocall-daily
+18334273340,Robocall,block,3,+18334273340,robocall,1,0,,phone_rule,us-ftc-robocall-daily
+18774701045,Robocall,block,3,+18774701045,robocall,1,0,,phone_rule,us-ftc-robocall-daily
+18445023218,Robocall,block,3,+18445023218,robocall,1,0,,phone_rule,us-ftc-robocall-daily
+18667716477,Robocall,block,3,+18667716477,robocall,1,0,,phone_rule,us-ftc-robocall-daily
+18555802847,Robocall,block,3,+18555802847,robocall,1,0,,phone_rule,us-ftc-robocall-daily
+18667714993,Robocall,block,3,+18667714993,robocall,1,0,,phone_rule,us-ftc-robocall-daily
+18889123745,Robocall,block,3,+18889123745,robocall,1,0,,phone_rule,us-ftc-robocall-daily
+18335773451,Robocall,block,3,+18335773451,robocall,1,0,,phone_rule,us-ftc-robocall-daily
+18446905572,Robocall,block,3,+18446905572,robocall,1,0,,phone_rule,us-ftc-robocall-daily
+18559070445,Robocall,block,3,+18559070445,robocall,1,0,,phone_rule,us-ftc-robocall-daily
+18335774125,Robocall,block,3,+18335774125,robocall,1,0,,phone_rule,us-ftc-robocall-daily
+18559077668,Robocall,block,3,+18559077668,robocall,1,0,,phone_rule,us-ftc-robocall-daily
+18773160734,Robocall,block,3,+18773160734,robocall,1,0,,phone_rule,us-ftc-robocall-daily
+18335775731,Robocall,block,3,+18335775731,robocall,1,0,,phone_rule,us-ftc-robocall-daily
+18446905126,Robocall,block,3,+18446905126,robocall,1,0,,phone_rule,us-ftc-robocall-daily
+18446903448,Robocall,block,3,+18446903448,robocall,1,0,,phone_rule,us-ftc-robocall-daily
+18446903419,Robocall,block,3,+18446903419,robocall,1,0,,phone_rule,us-ftc-robocall-daily
+18446906209,Robocall,block,3,+18446906209,robocall,1,0,,phone_rule,us-ftc-robocall-daily
+18559075998,Robocall,block,3,+18559075998,robocall,1,0,,phone_rule,us-ftc-robocall-daily
+18773166799,Robocall,block,3,+18773166799,robocall,1,0,,phone_rule,us-ftc-robocall-daily
+18887514479,Robocall,block,3,+18887514479,robocall,1,0,,phone_rule,us-ftc-robocall-daily
+18773193150,Robocall,block,3,+18773193150,robocall,1,0,,phone_rule,us-ftc-robocall-daily
+18883101970,Robocall,block,3,+18883101970,robocall,1,0,,phone_rule,us-ftc-robocall-daily
+18594239201,Robocall,block,3,+18594239201,robocall,1,0,,phone_rule,us-ftc-robocall-daily
+14698643536,Robocall,block,3,+14698643536,robocall,1,0,,phone_rule,us-ftc-robocall-daily
+17179719630,Robocall,block,3,+17179719630,robocall,1,0,,phone_rule,us-ftc-robocall-daily
+17726430474,Robocall,block,3,+17726430474,robocall,1,0,,phone_rule,us-ftc-robocall-daily
+16502155637,Robocall,block,3,+16502155637,robocall,1,0,,phone_rule,us-ftc-robocall-daily
+18883889906,Robocall,block,3,+18883889906,robocall,1,0,,phone_rule,us-ftc-robocall-daily
+14133316308,Robocall,block,3,+14133316308,robocall,1,0,,phone_rule,us-ftc-robocall-daily
+13344057814,Robocall,block,3,+13344057814,robocall,1,0,,phone_rule,us-ftc-robocall-daily
+14699234160,Robocall,block,3,+14699234160,robocall,1,0,,phone_rule,us-ftc-robocall-daily
+14132823890,Robocall,block,3,+14132823890,robocall,1,0,,phone_rule,us-ftc-robocall-daily
+18889427285,Robocall,block,3,+18889427285,robocall,1,0,,phone_rule,us-ftc-robocall-daily
+14137494421,Robocall,block,3,+14137494421,robocall,1,0,,phone_rule,us-ftc-robocall-daily
+18572566078,Robocall,block,3,+18572566078,robocall,1,0,,phone_rule,us-ftc-robocall-daily
+14132825796,Robocall,block,3,+14132825796,robocall,1,0,,phone_rule,us-ftc-robocall-daily
+12085689192,Robocall,block,3,+12085689192,robocall,1,0,,phone_rule,us-ftc-robocall-daily
+18776131121,Robocall,block,3,+18776131121,robocall,1,0,,phone_rule,us-ftc-robocall-daily
+14138490497,Robocall,block,3,+14138490497,robocall,1,0,,phone_rule,us-ftc-robocall-daily
+18776139313,Robocall,block,3,+18776139313,robocall,1,0,,phone_rule,us-ftc-robocall-daily
+14138638537,Robocall,block,3,+14138638537,robocall,1,0,,phone_rule,us-ftc-robocall-daily
+14133150620,Robocall,block,3,+14133150620,robocall,1,0,,phone_rule,us-ftc-robocall-daily
+18557600209,Robocall,block,3,+18557600209,robocall,1,0,,phone_rule,us-ftc-robocall-daily
+16824699405,Robocall,block,3,+16824699405,robocall,1,0,,phone_rule,us-ftc-robocall-daily
+14133121813,Robocall,block,3,+14133121813,robocall,1,0,,phone_rule,us-ftc-robocall-daily
+14133922325,Robocall,block,3,+14133922325,robocall,1,0,,phone_rule,us-ftc-robocall-daily
+14132334970,Robocall,block,3,+14132334970,robocall,1,0,,phone_rule,us-ftc-robocall-daily
+18667760506,Robocall,block,3,+18667760506,robocall,1,0,,phone_rule,us-ftc-robocall-daily
+19099251426,Robocall,block,3,+19099251426,robocall,1,0,,phone_rule,us-ftc-robocall-daily
+14133449200,Robocall,block,3,+14133449200,robocall,1,0,,phone_rule,us-ftc-robocall-daily
+14135711379,Robocall,block,3,+14135711379,robocall,1,0,,phone_rule,us-ftc-robocall-daily
+18776231786,Robocall,block,3,+18776231786,robocall,1,0,,phone_rule,us-ftc-robocall-daily
+16163086339,Robocall,block,3,+16163086339,robocall,1,0,,phone_rule,us-ftc-robocall-daily
+14133065908,Robocall,block,3,+14133065908,robocall,1,0,,phone_rule,us-ftc-robocall-daily
+18667931548,Robocall,block,3,+18667931548,robocall,1,0,,phone_rule,us-ftc-robocall-daily
+14132962818,Robocall,block,3,+14132962818,robocall,1,0,,phone_rule,us-ftc-robocall-daily
+15168423583,Robocall,block,3,+15168423583,robocall,1,0,,phone_rule,us-ftc-robocall-daily
+14132526317,Robocall,block,3,+14132526317,robocall,1,0,,phone_rule,us-ftc-robocall-daily
+18774981391,Robocall,block,3,+18774981391,robocall,1,0,,phone_rule,us-ftc-robocall-daily
+15168423384,Robocall,block,3,+15168423384,robocall,1,0,,phone_rule,us-ftc-robocall-daily
+14132953573,Robocall,block,3,+14132953573,robocall,1,0,,phone_rule,us-ftc-robocall-daily
+15168423556,Robocall,block,3,+15168423556,robocall,1,0,,phone_rule,us-ftc-robocall-daily
+18553711062,Robocall,block,3,+18553711062,robocall,1,0,,phone_rule,us-ftc-robocall-daily
+14135795328,Robocall,block,3,+14135795328,robocall,1,0,,phone_rule,us-ftc-robocall-daily
+15168423548,Robocall,block,3,+15168423548,robocall,1,0,,phone_rule,us-ftc-robocall-daily
+18666810187,Robocall,block,3,+18666810187,robocall,1,0,,phone_rule,us-ftc-robocall-daily
+14138474153,Robocall,block,3,+14138474153,robocall,1,0,,phone_rule,us-ftc-robocall-daily
+18334273623,Robocall,block,3,+18334273623,robocall,1,0,,phone_rule,us-ftc-robocall-daily
+18447921220,Robocall,block,3,+18447921220,robocall,1,0,,phone_rule,us-ftc-robocall-daily
+14132251306,Robocall,block,3,+14132251306,robocall,1,0,,phone_rule,us-ftc-robocall-daily
+14135354939,Robocall,block,3,+14135354939,robocall,1,0,,phone_rule,us-ftc-robocall-daily
+14132177779,Robocall,block,3,+14132177779,robocall,1,0,,phone_rule,us-ftc-robocall-daily
+15732026215,Robocall,block,3,+15732026215,robocall,1,0,,phone_rule,us-ftc-robocall-daily
+14144327135,Robocall,block,3,+14144327135,robocall,1,0,,phone_rule,us-ftc-robocall-daily
+12193575921,Robocall,block,3,+12193575921,robocall,1,0,,phone_rule,us-ftc-robocall-daily
+14132398215,Robocall,block,3,+14132398215,robocall,1,0,,phone_rule,us-ftc-robocall-daily
+14134260547,Robocall,block,3,+14134260547,robocall,1,0,,phone_rule,us-ftc-robocall-daily
+14135178455,Robocall,block,3,+14135178455,robocall,1,0,,phone_rule,us-ftc-robocall-daily
+14134440896,Robocall,block,3,+14134440896,robocall,1,0,,phone_rule,us-ftc-robocall-daily
+14134446435,Robocall,block,3,+14134446435,robocall,1,0,,phone_rule,us-ftc-robocall-daily
+14133316217,Robocall,block,3,+14133316217,robocall,1,0,,phone_rule,us-ftc-robocall-daily
+14134072269,Robocall,block,3,+14134072269,robocall,1,0,,phone_rule,us-ftc-robocall-daily
+14134238847,Robocall,block,3,+14134238847,robocall,1,0,,phone_rule,us-ftc-robocall-daily
+14706979910,Robocall,block,3,+14706979910,robocall,1,0,,phone_rule,us-ftc-robocall-daily
+19378290593,Robocall,block,3,+19378290593,robocall,1,0,,phone_rule,us-ftc-robocall-daily
+14138627655,Robocall,block,3,+14138627655,robocall,1,0,,phone_rule,us-ftc-robocall-daily
+17348726175,Robocall,block,3,+17348726175,robocall,1,0,,phone_rule,us-ftc-robocall-daily
+18579907147,Robocall,block,3,+18579907147,robocall,1,0,,phone_rule,us-ftc-robocall-daily
+14135325114,Robocall,block,3,+14135325114,robocall,1,0,,phone_rule,us-ftc-robocall-daily
+14136859863,Robocall,block,3,+14136859863,robocall,1,0,,phone_rule,us-ftc-robocall-daily
+17247886945,Robocall,block,3,+17247886945,robocall,1,0,,phone_rule,us-ftc-robocall-daily
+14132860834,Robocall,block,3,+14132860834,robocall,1,0,,phone_rule,us-ftc-robocall-daily
+14133519648,Robocall,block,3,+14133519648,robocall,1,0,,phone_rule,us-ftc-robocall-daily
+14132474661,Robocall,block,3,+14132474661,robocall,1,0,,phone_rule,us-ftc-robocall-daily
+15029479946,Robocall,block,3,+15029479946,robocall,1,0,,phone_rule,us-ftc-robocall-daily
+14136888042,Robocall,block,3,+14136888042,robocall,1,0,,phone_rule,us-ftc-robocall-daily
+14137290777,Robocall,block,3,+14137290777,robocall,1,0,,phone_rule,us-ftc-robocall-daily
+17726345715,Robocall,block,3,+17726345715,robocall,1,0,,phone_rule,us-ftc-robocall-daily
+19452621355,Robocall,block,3,+19452621355,robocall,1,0,,phone_rule,us-ftc-robocall-daily
+19802246040,Robocall,block,3,+19802246040,robocall,1,0,,phone_rule,us-ftc-robocall-daily
+14754051335,Robocall,block,3,+14754051335,robocall,1,0,,phone_rule,us-ftc-robocall-daily
+17868456209,Robocall,block,3,+17868456209,robocall,1,0,,phone_rule,us-ftc-robocall-daily
+18335532212,Robocall,block,3,+18335532212,robocall,1,0,,phone_rule,us-ftc-robocall-daily
+13068968914,Robocall,block,3,+13068968914,robocall,1,0,,phone_rule,us-ftc-robocall-daily
+18473212018,Robocall,block,3,+18473212018,robocall,1,0,,phone_rule,us-ftc-robocall-daily
+19455425122,Robocall,block,3,+19455425122,robocall,1,0,,phone_rule,us-ftc-robocall-daily
+18473938968,Robocall,block,3,+18473938968,robocall,1,0,,phone_rule,us-ftc-robocall-daily
+17075154032,Robocall,block,3,+17075154032,robocall,1,0,,phone_rule,us-ftc-robocall-daily
+19803924341,Robocall,block,3,+19803924341,robocall,1,0,,phone_rule,us-ftc-robocall-daily
+18644487004,Robocall,block,3,+18644487004,robocall,1,0,,phone_rule,us-ftc-robocall-daily
+15188391456,Robocall,block,3,+15188391456,robocall,1,0,,phone_rule,us-ftc-robocall-daily
+19848008315,Robocall,block,3,+19848008315,robocall,1,0,,phone_rule,us-ftc-robocall-daily
+14707222367,Robocall,block,3,+14707222367,robocall,1,0,,phone_rule,us-ftc-robocall-daily
+13147577791,Robocall,block,3,+13147577791,robocall,1,0,,phone_rule,us-ftc-robocall-daily
+12233876275,Robocall,block,3,+12233876275,robocall,1,0,,phone_rule,us-ftc-robocall-daily
+17823463583,Robocall,block,3,+17823463583,robocall,1,0,,phone_rule,us-ftc-robocall-daily
+14372332959,Robocall,block,3,+14372332959,robocall,1,0,,phone_rule,us-ftc-robocall-daily
+14012058594,Robocall,block,3,+14012058594,robocall,1,0,,phone_rule,us-ftc-robocall-daily
+18334273604,Robocall,block,3,+18334273604,robocall,1,0,,phone_rule,us-ftc-robocall-daily
+18773920027,Robocall,block,3,+18773920027,robocall,1,0,,phone_rule,us-ftc-robocall-daily
+13614239350,Robocall,block,3,+13614239350,robocall,1,0,,phone_rule,us-ftc-robocall-daily
+18446043803,Robocall,block,3,+18446043803,robocall,1,0,,phone_rule,us-ftc-robocall-daily
+18554470128,Robocall,block,3,+18554470128,robocall,1,0,,phone_rule,us-ftc-robocall-daily
+13613493813,Robocall,block,3,+13613493813,robocall,1,0,,phone_rule,us-ftc-robocall-daily
+18884217067,Robocall,block,3,+18884217067,robocall,1,0,,phone_rule,us-ftc-robocall-daily
+12088316516,Robocall,block,3,+12088316516,robocall,1,0,,phone_rule,us-ftc-robocall-daily
+14012693903,Robocall,block,3,+14012693903,robocall,1,0,,phone_rule,us-ftc-robocall-daily
+14049961723,Robocall,block,3,+14049961723,robocall,1,0,,phone_rule,us-ftc-robocall-daily
+12012848668,Robocall,block,3,+12012848668,robocall,1,0,,phone_rule,us-ftc-robocall-daily
+19048336121,Robocall,block,3,+19048336121,robocall,1,0,,phone_rule,us-ftc-robocall-daily
+19047343814,Robocall,block,3,+19047343814,robocall,1,0,,phone_rule,us-ftc-robocall-daily
+14049820860,Robocall,block,3,+14049820860,robocall,1,0,,phone_rule,us-ftc-robocall-daily
+14044071060,Robocall,block,3,+14044071060,robocall,1,0,,phone_rule,us-ftc-robocall-daily
+18882779034,Robocall,block,3,+18882779034,robocall,1,0,,phone_rule,us-ftc-robocall-daily
+16787162786,Robocall,block,3,+16787162786,robocall,1,0,,phone_rule,us-ftc-robocall-daily
+15132731521,Robocall,block,3,+15132731521,robocall,1,0,,phone_rule,us-ftc-robocall-daily
+14047645308,Robocall,block,3,+14047645308,robocall,1,0,,phone_rule,us-ftc-robocall-daily
+14048820565,Robocall,block,3,+14048820565,robocall,1,0,,phone_rule,us-ftc-robocall-daily
+18329265409,Robocall,block,3,+18329265409,robocall,1,0,,phone_rule,us-ftc-robocall-daily
+16812821699,Robocall,block,3,+16812821699,robocall,1,0,,phone_rule,us-ftc-robocall-daily
+12029491034,Robocall,block,3,+12029491034,robocall,1,0,,phone_rule,us-ftc-robocall-daily
+12088077736,Robocall,block,3,+12088077736,robocall,1,0,,phone_rule,us-ftc-robocall-daily
+19034387769,Robocall,block,3,+19034387769,robocall,1,0,,phone_rule,us-ftc-robocall-daily
+18889364968,Robocall,block,3,+18889364968,robocall,1,0,,phone_rule,us-ftc-robocall-daily
+19058051496,Robocall,block,3,+19058051496,robocall,1,0,,phone_rule,us-ftc-robocall-daily
+18335413343,Robocall,block,3,+18335413343,robocall,1,0,,phone_rule,us-ftc-robocall-daily
+17712133863,Robocall,block,3,+17712133863,robocall,1,0,,phone_rule,us-ftc-robocall-daily
+18553712251,Robocall,block,3,+18553712251,robocall,1,0,,phone_rule,us-ftc-robocall-daily
+18382361965,Robocall,block,3,+18382361965,robocall,1,0,,phone_rule,us-ftc-robocall-daily
+18338109139,Robocall,block,3,+18338109139,robocall,1,0,,phone_rule,us-ftc-robocall-daily
+18335750517,Robocall,block,3,+18335750517,robocall,1,0,,phone_rule,us-ftc-robocall-daily
+16362751393,Robocall,block,3,+16362751393,robocall,1,0,,phone_rule,us-ftc-robocall-daily
+18142404145,Robocall,block,3,+18142404145,robocall,1,0,,phone_rule,us-ftc-robocall-daily
+18315806949,Robocall,block,3,+18315806949,robocall,1,0,,phone_rule,us-ftc-robocall-daily
+18334118552,Robocall,block,3,+18334118552,robocall,1,0,,phone_rule,us-ftc-robocall-daily
+14124074189,Robocall,block,3,+14124074189,robocall,1,0,,phone_rule,us-ftc-robocall-daily
+17276699754,Robocall,block,3,+17276699754,robocall,1,0,,phone_rule,us-ftc-robocall-daily
+18335272621,Robocall,block,3,+18335272621,robocall,1,0,,phone_rule,us-ftc-robocall-daily
+17407085405,Robocall,block,3,+17407085405,robocall,1,0,,phone_rule,us-ftc-robocall-daily
+18339135251,Robocall,block,3,+18339135251,robocall,1,0,,phone_rule,us-ftc-robocall-daily
+18665500033,Robocall,block,3,+18665500033,robocall,1,0,,phone_rule,us-ftc-robocall-daily
+13262087654,Robocall,block,3,+13262087654,robocall,1,0,,phone_rule,us-ftc-robocall-daily
+15174126780,Robocall,block,3,+15174126780,robocall,1,0,,phone_rule,us-ftc-robocall-daily
+18335752149,Robocall,block,3,+18335752149,robocall,1,0,,phone_rule,us-ftc-robocall-daily
+13526475400,Robocall,block,3,+13526475400,robocall,1,0,,phone_rule,us-ftc-robocall-daily
+18882402831,Robocall,block,3,+18882402831,robocall,1,0,,phone_rule,us-ftc-robocall-daily
+18886166411,Robocall,block,3,+18886166411,robocall,1,0,,phone_rule,us-ftc-robocall-daily
+18009356199,Robocall,block,3,+18009356199,robocall,1,0,,phone_rule,us-ftc-robocall-daily
+18327239949,Robocall,block,3,+18327239949,robocall,1,0,,phone_rule,us-ftc-robocall-daily
+12153981445,Robocall,block,3,+12153981445,robocall,1,0,,phone_rule,us-ftc-robocall-daily
+14123189712,Robocall,block,3,+14123189712,robocall,1,0,,phone_rule,us-ftc-robocall-daily
+12029824141,Robocall,block,3,+12029824141,robocall,1,0,,phone_rule,us-ftc-robocall-daily
+19738439381,Robocall,block,3,+19738439381,robocall,1,0,,phone_rule,us-ftc-robocall-daily
+17167091158,Robocall,block,3,+17167091158,robocall,1,0,,phone_rule,us-ftc-robocall-daily
+14703485293,Robocall,block,3,+14703485293,robocall,1,0,,phone_rule,us-ftc-robocall-daily
+18596970724,Robocall,block,3,+18596970724,robocall,1,0,,phone_rule,us-ftc-robocall-daily
+14126743581,Robocall,block,3,+14126743581,robocall,1,0,,phone_rule,us-ftc-robocall-daily
+18774700485,Robocall,block,3,+18774700485,robocall,1,0,,phone_rule,us-ftc-robocall-daily
+18456135906,Robocall,block,3,+18456135906,robocall,1,0,,phone_rule,us-ftc-robocall-daily
+15154897873,Robocall,block,3,+15154897873,robocall,1,0,,phone_rule,us-ftc-robocall-daily
+15188411738,Robocall,block,3,+15188411738,robocall,1,0,,phone_rule,us-ftc-robocall-daily
+16284449179,Robocall,block,3,+16284449179,robocall,1,0,,phone_rule,us-ftc-robocall-daily
+18889044008,Robocall,block,3,+18889044008,robocall,1,0,,phone_rule,us-ftc-robocall-daily
+17855788057,Robocall,block,3,+17855788057,robocall,1,0,,phone_rule,us-ftc-robocall-daily
+18335753336,Robocall,block,3,+18335753336,robocall,1,0,,phone_rule,us-ftc-robocall-daily
+18774700783,Robocall,block,3,+18774700783,robocall,1,0,,phone_rule,us-ftc-robocall-daily
+18453183631,Robocall,block,3,+18453183631,robocall,1,0,,phone_rule,us-ftc-robocall-daily
+15018320048,Robocall,block,3,+15018320048,robocall,1,0,,phone_rule,us-ftc-robocall-daily
+17815524528,Robocall,block,3,+17815524528,robocall,1,0,,phone_rule,us-ftc-robocall-daily
+18889040879,Robocall,block,3,+18889040879,robocall,1,0,,phone_rule,us-ftc-robocall-daily
+18667279502,Robocall,block,3,+18667279502,robocall,1,0,,phone_rule,us-ftc-robocall-daily
+13074818492,Robocall,block,3,+13074818492,robocall,1,0,,phone_rule,us-ftc-robocall-daily
+18335413658,Robocall,block,3,+18335413658,robocall,1,0,,phone_rule,us-ftc-robocall-daily
+15632249166,Robocall,block,3,+15632249166,robocall,1,0,,phone_rule,us-ftc-robocall-daily
+15127168049,Robocall,block,3,+15127168049,robocall,1,0,,phone_rule,us-ftc-robocall-daily
+17073050941,Robocall,block,3,+17073050941,robocall,1,0,,phone_rule,us-ftc-robocall-daily
+13527666235,Robocall,block,3,+13527666235,robocall,1,0,,phone_rule,us-ftc-robocall-daily
+18665709067,Robocall,block,3,+18665709067,robocall,1,0,,phone_rule,us-ftc-robocall-daily
+18574020550,Robocall,block,3,+18574020550,robocall,1,0,,phone_rule,us-ftc-robocall-daily
+17013657627,Robocall,block,3,+17013657627,robocall,1,0,,phone_rule,us-ftc-robocall-daily
+15138617336,Robocall,block,3,+15138617336,robocall,1,0,,phone_rule,us-ftc-robocall-daily
+15132954736,Robocall,block,3,+15132954736,robocall,1,0,,phone_rule,us-ftc-robocall-daily
+12526858426,Robocall,block,3,+12526858426,robocall,1,0,,phone_rule,us-ftc-robocall-daily
+18889121952,Robocall,block,3,+18889121952,robocall,1,0,,phone_rule,us-ftc-robocall-daily
+19027863724,Robocall,block,3,+19027863724,robocall,1,0,,phone_rule,us-ftc-robocall-daily
+15138037921,Robocall,block,3,+15138037921,robocall,1,0,,phone_rule,us-ftc-robocall-daily
+19373153556,Robocall,block,3,+19373153556,robocall,1,0,,phone_rule,us-ftc-robocall-daily
+18558830423,Robocall,block,3,+18558830423,robocall,1,0,,phone_rule,us-ftc-robocall-daily
+15028623479,Robocall,block,3,+15028623479,robocall,1,0,,phone_rule,us-ftc-robocall-daily
+18554470356,Robocall,block,3,+18554470356,robocall,1,0,,phone_rule,us-ftc-robocall-daily
+18059402451,Robocall,block,3,+18059402451,robocall,1,0,,phone_rule,us-ftc-robocall-daily
+16143188525,Robocall,block,3,+16143188525,robocall,1,0,,phone_rule,us-ftc-robocall-daily
+16188579211,Robocall,block,3,+16188579211,robocall,1,0,,phone_rule,us-ftc-robocall-daily
+19199135525,Robocall,block,3,+19199135525,robocall,1,0,,phone_rule,us-ftc-robocall-daily
+16039000913,Robocall,block,3,+16039000913,robocall,1,0,,phone_rule,us-ftc-robocall-daily
+12154854383,Robocall,block,3,+12154854383,robocall,1,0,,phone_rule,us-ftc-robocall-daily
+16097962788,Robocall,block,3,+16097962788,robocall,1,0,,phone_rule,us-ftc-robocall-daily
+18574027909,Robocall,block,3,+18574027909,robocall,1,0,,phone_rule,us-ftc-robocall-daily
+13526543382,Robocall,block,3,+13526543382,robocall,1,0,,phone_rule,us-ftc-robocall-daily
+12178349964,Robocall,block,3,+12178349964,robocall,1,0,,phone_rule,us-ftc-robocall-daily
+15028628811,Robocall,block,3,+15028628811,robocall,1,0,,phone_rule,us-ftc-robocall-daily
+18049642806,Robocall,block,3,+18049642806,robocall,1,0,,phone_rule,us-ftc-robocall-daily
+18663864392,Robocall,block,3,+18663864392,robocall,1,0,,phone_rule,us-ftc-robocall-daily
+18456135542,Robocall,block,3,+18456135542,robocall,1,0,,phone_rule,us-ftc-robocall-daily
+18773912731,Robocall,block,3,+18773912731,robocall,1,0,,phone_rule,us-ftc-robocall-daily
+17695293272,Robocall,block,3,+17695293272,robocall,1,0,,phone_rule,us-ftc-robocall-daily
+18655906240,Robocall,block,3,+18655906240,robocall,1,0,,phone_rule,us-ftc-robocall-daily
+19794162360,Robocall,block,3,+19794162360,robocall,1,0,,phone_rule,us-ftc-robocall-daily
+17702802967,Robocall,block,3,+17702802967,robocall,1,0,,phone_rule,us-ftc-robocall-daily
+12044534800,Robocall,block,3,+12044534800,robocall,1,0,,phone_rule,us-ftc-robocall-daily
+18885315403,Robocall,block,3,+18885315403,robocall,1,0,,phone_rule,us-ftc-robocall-daily
+16568889649,Robocall,block,3,+16568889649,robocall,1,0,,phone_rule,us-ftc-robocall-daily
+18332580465,Robocall,block,3,+18332580465,robocall,1,0,,phone_rule,us-ftc-robocall-daily
+15023431416,Robocall,block,3,+15023431416,robocall,1,0,,phone_rule,us-ftc-robocall-daily
+16317298156,Robocall,block,3,+16317298156,robocall,1,0,,phone_rule,us-ftc-robocall-daily
+17819771824,Robocall,block,3,+17819771824,robocall,1,0,,phone_rule,us-ftc-robocall-daily
+18337098488,Robocall,block,3,+18337098488,robocall,1,0,,phone_rule,us-ftc-robocall-daily
+16032579035,Robocall,block,3,+16032579035,robocall,1,0,,phone_rule,us-ftc-robocall-daily
+12153304734,Robocall,block,3,+12153304734,robocall,1,0,,phone_rule,us-ftc-robocall-daily
+18559942120,Robocall,block,3,+18559942120,robocall,1,0,,phone_rule,us-ftc-robocall-daily
+18657384701,Robocall,block,3,+18657384701,robocall,1,0,,phone_rule,us-ftc-robocall-daily
+18028099784,Robocall,block,3,+18028099784,robocall,1,0,,phone_rule,us-ftc-robocall-daily
+17706915331,Robocall,block,3,+17706915331,robocall,1,0,,phone_rule,us-ftc-robocall-daily
+15637422019,Robocall,block,3,+15637422019,robocall,1,0,,phone_rule,us-ftc-robocall-daily
+13142544103,Robocall,block,3,+13142544103,robocall,1,0,,phone_rule,us-ftc-robocall-daily
+15734445576,Robocall,block,3,+15734445576,robocall,1,0,,phone_rule,us-ftc-robocall-daily
+14105875636,Robocall,block,3,+14105875636,robocall,1,0,,phone_rule,us-ftc-robocall-daily
+13473383388,Robocall,block,3,+13473383388,robocall,1,0,,phone_rule,us-ftc-robocall-daily
+14107033165,Robocall,block,3,+14107033165,robocall,1,0,,phone_rule,us-ftc-robocall-daily
+19376339936,Robocall,block,3,+19376339936,robocall,1,0,,phone_rule,us-ftc-robocall-daily
+13525816589,Robocall,block,3,+13525816589,robocall,1,0,,phone_rule,us-ftc-robocall-daily
+17259005034,Robocall,block,3,+17259005034,robocall,1,0,,phone_rule,us-ftc-robocall-daily
+13146560315,Robocall,block,3,+13146560315,robocall,1,0,,phone_rule,us-ftc-robocall-daily
+16783404703,Robocall,block,3,+16783404703,robocall,1,0,,phone_rule,us-ftc-robocall-daily
+15153478124,Robocall,block,3,+15153478124,robocall,1,0,,phone_rule,us-ftc-robocall-daily
+17576140657,Robocall,block,3,+17576140657,robocall,1,0,,phone_rule,us-ftc-robocall-daily
+15879689672,Robocall,block,3,+15879689672,robocall,1,0,,phone_rule,us-ftc-robocall-daily
+12312967351,Robocall,block,3,+12312967351,robocall,1,0,,phone_rule,us-ftc-robocall-daily
+19782885263,Robocall,block,3,+19782885263,robocall,1,0,,phone_rule,us-ftc-robocall-daily
+12023812413,Robocall,block,3,+12023812413,robocall,1,0,,phone_rule,us-ftc-robocall-daily
+14125238954,Robocall,block,3,+14125238954,robocall,1,0,,phone_rule,us-ftc-robocall-daily
+19283445555,Robocall,block,3,+19283445555,robocall,1,0,,phone_rule,us-ftc-robocall-daily
+18557600686,Robocall,block,3,+18557600686,robocall,1,0,,phone_rule,us-ftc-robocall-daily
+18666947859,Robocall,block,3,+18666947859,robocall,1,0,,phone_rule,us-ftc-robocall-daily
+18332432514,Robocall,block,3,+18332432514,robocall,1,0,,phone_rule,us-ftc-robocall-daily
+13192618087,Robocall,block,3,+13192618087,robocall,1,0,,phone_rule,us-ftc-robocall-daily
+17134245507,Robocall,block,3,+17134245507,robocall,1,0,,phone_rule,us-ftc-robocall-daily
+18336845548,Robocall,block,3,+18336845548,robocall,1,0,,phone_rule,us-ftc-robocall-daily
+14235978602,Robocall,block,3,+14235978602,robocall,1,0,,phone_rule,us-ftc-robocall-daily
+18334273407,Robocall,block,3,+18334273407,robocall,1,0,,phone_rule,us-ftc-robocall-daily
+14343456616,Robocall,block,3,+14343456616,robocall,1,0,,phone_rule,us-ftc-robocall-daily
+18775252644,Robocall,block,3,+18775252644,robocall,1,0,,phone_rule,us-ftc-robocall-daily
+16104301069,Robocall,block,3,+16104301069,robocall,1,0,,phone_rule,us-ftc-robocall-daily
+17134760260,Robocall,block,3,+17134760260,robocall,1,0,,phone_rule,us-ftc-robocall-daily
+14047499937,Robocall,block,3,+14047499937,robocall,1,0,,phone_rule,us-ftc-robocall-daily
+19134122117,Robocall,block,3,+19134122117,robocall,1,0,,phone_rule,us-ftc-robocall-daily
+17579701841,Robocall,block,3,+17579701841,robocall,1,0,,phone_rule,us-ftc-robocall-daily
+19432748961,Robocall,block,3,+19432748961,robocall,1,0,,phone_rule,us-ftc-robocall-daily
+16469309982,Robocall,block,3,+16469309982,robocall,1,0,,phone_rule,us-ftc-robocall-daily
+14472529818,Robocall,block,3,+14472529818,robocall,1,0,,phone_rule,us-ftc-robocall-daily
+17138140605,Robocall,block,3,+17138140605,robocall,1,0,,phone_rule,us-ftc-robocall-daily
+17733799562,Robocall,block,3,+17733799562,robocall,1,0,,phone_rule,us-ftc-robocall-daily
+18573364287,Robocall,block,3,+18573364287,robocall,1,0,,phone_rule,us-ftc-robocall-daily
+17135702078,Robocall,block,3,+17135702078,robocall,1,0,,phone_rule,us-ftc-robocall-daily
+18449416751,Robocall,block,3,+18449416751,robocall,1,0,,phone_rule,us-ftc-robocall-daily
+17048027247,Robocall,block,3,+17048027247,robocall,1,0,,phone_rule,us-ftc-robocall-daily
+19894991820,Robocall,block,3,+19894991820,robocall,1,0,,phone_rule,us-ftc-robocall-daily
+16104813291,Robocall,block,3,+16104813291,robocall,1,0,,phone_rule,us-ftc-robocall-daily
+15193246781,Robocall,block,3,+15193246781,robocall,1,0,,phone_rule,us-ftc-robocall-daily
+13052048234,Robocall,block,3,+13052048234,robocall,1,0,,phone_rule,us-ftc-robocall-daily
+12342915331,Robocall,block,3,+12342915331,robocall,1,0,,phone_rule,us-ftc-robocall-daily
+19045607518,Robocall,block,3,+19045607518,robocall,1,0,,phone_rule,us-ftc-robocall-daily
+15738000061,Robocall,block,3,+15738000061,robocall,1,0,,phone_rule,us-ftc-robocall-daily
+19706341798,Robocall,block,3,+19706341798,robocall,1,0,,phone_rule,us-ftc-robocall-daily
+12025586598,Robocall,block,3,+12025586598,robocall,1,0,,phone_rule,us-ftc-robocall-daily
+13017455064,Robocall,block,3,+13017455064,robocall,1,0,,phone_rule,us-ftc-robocall-daily
+19045198712,Robocall,block,3,+19045198712,robocall,1,0,,phone_rule,us-ftc-robocall-daily
+17133697485,Robocall,block,3,+17133697485,robocall,1,0,,phone_rule,us-ftc-robocall-daily
+17245647066,Robocall,block,3,+17245647066,robocall,1,0,,phone_rule,us-ftc-robocall-daily
+18556701029,Robocall,block,3,+18556701029,robocall,1,0,,phone_rule,us-ftc-robocall-daily
+15512766643,Robocall,block,3,+15512766643,robocall,1,0,,phone_rule,us-ftc-robocall-daily
+18773922827,Robocall,block,3,+18773922827,robocall,1,0,,phone_rule,us-ftc-robocall-daily
+17754191490,Robocall,block,3,+17754191490,robocall,1,0,,phone_rule,us-ftc-robocall-daily
+16104333420,Robocall,block,3,+16104333420,robocall,1,0,,phone_rule,us-ftc-robocall-daily
+19432741912,Robocall,block,3,+19432741912,robocall,1,0,,phone_rule,us-ftc-robocall-daily
+17133758735,Robocall,block,3,+17133758735,robocall,1,0,,phone_rule,us-ftc-robocall-daily
+19894185393,Robocall,block,3,+19894185393,robocall,1,0,,phone_rule,us-ftc-robocall-daily
+12053515012,Robocall,block,3,+12053515012,robocall,1,0,,phone_rule,us-ftc-robocall-daily
+17128820228,Robocall,block,3,+17128820228,robocall,1,0,,phone_rule,us-ftc-robocall-daily
+15707224308,Robocall,block,3,+15707224308,robocall,1,0,,phone_rule,us-ftc-robocall-daily
+13363863096,Robocall,block,3,+13363863096,robocall,1,0,,phone_rule,us-ftc-robocall-daily
+17136891110,Robocall,block,3,+17136891110,robocall,1,0,,phone_rule,us-ftc-robocall-daily
+19058134695,Robocall,block,3,+19058134695,robocall,1,0,,phone_rule,us-ftc-robocall-daily
+17407602600,Robocall,block,3,+17407602600,robocall,1,0,,phone_rule,us-ftc-robocall-daily
+19892738368,Robocall,block,3,+19892738368,robocall,1,0,,phone_rule,us-ftc-robocall-daily
+19146010020,Robocall,block,3,+19146010020,robocall,1,0,,phone_rule,us-ftc-robocall-daily
+16104492158,Robocall,block,3,+16104492158,robocall,1,0,,phone_rule,us-ftc-robocall-daily
+14136012133,Robocall,block,3,+14136012133,robocall,1,0,,phone_rule,us-ftc-robocall-daily
+18596439849,Robocall,block,3,+18596439849,robocall,1,0,,phone_rule,us-ftc-robocall-daily
+18669590516,Robocall,block,3,+18669590516,robocall,1,0,,phone_rule,us-ftc-robocall-daily
+19897612437,Robocall,block,3,+19897612437,robocall,1,0,,phone_rule,us-ftc-robocall-daily
+18564028076,Robocall,block,3,+18564028076,robocall,1,0,,phone_rule,us-ftc-robocall-daily
+13465380538,Robocall,block,3,+13465380538,robocall,1,0,,phone_rule,us-ftc-robocall-daily
+16104372937,Robocall,block,3,+16104372937,robocall,1,0,,phone_rule,us-ftc-robocall-daily
+17607562047,Robocall,block,3,+17607562047,robocall,1,0,,phone_rule,us-ftc-robocall-daily
+15405071354,Robocall,block,3,+15405071354,robocall,1,0,,phone_rule,us-ftc-robocall-daily
+17653392753,Robocall,block,3,+17653392753,robocall,1,0,,phone_rule,us-ftc-robocall-daily
+18002348888,Robocall,block,3,+18002348888,robocall,1,0,,phone_rule,us-ftc-robocall-daily
+17472059950,Robocall,block,3,+17472059950,robocall,1,0,,phone_rule,us-ftc-robocall-daily
+19344323987,Robocall,block,3,+19344323987,robocall,1,0,,phone_rule,us-ftc-robocall-daily
+16572452033,Robocall,block,3,+16572452033,robocall,1,0,,phone_rule,us-ftc-robocall-daily
+16145299624,Robocall,block,3,+16145299624,robocall,1,0,,phone_rule,us-ftc-robocall-daily
+19899008083,Robocall,block,3,+19899008083,robocall,1,0,,phone_rule,us-ftc-robocall-daily
+19894631139,Robocall,block,3,+19894631139,robocall,1,0,,phone_rule,us-ftc-robocall-daily
+12077687051,Robocall,block,3,+12077687051,robocall,1,0,,phone_rule,us-ftc-robocall-daily
+17035947592,Robocall,block,3,+17035947592,robocall,1,0,,phone_rule,us-ftc-robocall-daily
+13852549975,Robocall,block,3,+13852549975,robocall,1,0,,phone_rule,us-ftc-robocall-daily
+18779068849,Robocall,block,3,+18779068849,robocall,1,0,,phone_rule,us-ftc-robocall-daily
+14042852338,Robocall,block,3,+14042852338,robocall,1,0,,phone_rule,us-ftc-robocall-daily
+16672029892,Robocall,block,3,+16672029892,robocall,1,0,,phone_rule,us-ftc-robocall-daily
+17605442744,Robocall,block,3,+17605442744,robocall,1,0,,phone_rule,us-ftc-robocall-daily
+12079072028,Robocall,block,3,+12079072028,robocall,1,0,,phone_rule,us-ftc-robocall-daily
+19728563383,Robocall,block,3,+19728563383,robocall,1,0,,phone_rule,us-ftc-robocall-daily
+16897880632,Robocall,block,3,+16897880632,robocall,1,0,,phone_rule,us-ftc-robocall-daily
+16106185908,Robocall,block,3,+16106185908,robocall,1,0,,phone_rule,us-ftc-robocall-daily
+15158952440,Robocall,block,3,+15158952440,robocall,1,0,,phone_rule,us-ftc-robocall-daily
+12393846975,Robocall,block,3,+12393846975,robocall,1,0,,phone_rule,us-ftc-robocall-daily
+15169851928,Robocall,block,3,+15169851928,robocall,1,0,,phone_rule,us-ftc-robocall-daily
+19892576489,Robocall,block,3,+19892576489,robocall,1,0,,phone_rule,us-ftc-robocall-daily
+16016121364,Robocall,block,3,+16016121364,robocall,1,0,,phone_rule,us-ftc-robocall-daily
+18438989595,Robocall,block,3,+18438989595,robocall,1,0,,phone_rule,us-ftc-robocall-daily
+17622046290,Robocall,block,3,+17622046290,robocall,1,0,,phone_rule,us-ftc-robocall-daily
+14013852814,Robocall,block,3,+14013852814,robocall,1,0,,phone_rule,us-ftc-robocall-daily
+14026078901,Robocall,block,3,+14026078901,robocall,1,0,,phone_rule,us-ftc-robocall-daily
+18336625762,Robocall,block,3,+18336625762,robocall,1,0,,phone_rule,us-ftc-robocall-daily
+12499666740,Robocall,block,3,+12499666740,robocall,1,0,,phone_rule,us-ftc-robocall-daily
+12152263129,Robocall,block,3,+12152263129,robocall,1,0,,phone_rule,us-ftc-robocall-daily
+19893460615,Robocall,block,3,+19893460615,robocall,1,0,,phone_rule,us-ftc-robocall-daily
+14028668611,Robocall,block,3,+14028668611,robocall,1,0,,phone_rule,us-ftc-robocall-daily
+17012050545,Robocall,block,3,+17012050545,robocall,1,0,,phone_rule,us-ftc-robocall-daily
+16593569682,Robocall,block,3,+16593569682,robocall,1,0,,phone_rule,us-ftc-robocall-daily
+17208202901,Robocall,block,3,+17208202901,robocall,1,0,,phone_rule,us-ftc-robocall-daily
+15637241134,Robocall,block,3,+15637241134,robocall,1,0,,phone_rule,us-ftc-robocall-daily
+15138617953,Robocall,block,3,+15138617953,robocall,1,0,,phone_rule,us-ftc-robocall-daily
+14023073997,Robocall,block,3,+14023073997,robocall,1,0,,phone_rule,us-ftc-robocall-daily
+18885666072,Robocall,block,3,+18885666072,robocall,1,0,,phone_rule,us-ftc-robocall-daily
+19895659439,Robocall,block,3,+19895659439,robocall,1,0,,phone_rule,us-ftc-robocall-daily
+18328364076,Robocall,block,3,+18328364076,robocall,1,0,,phone_rule,us-ftc-robocall-daily
+12894690946,Robocall,block,3,+12894690946,robocall,1,0,,phone_rule,us-ftc-robocall-daily
+18324083458,Robocall,block,3,+18324083458,robocall,1,0,,phone_rule,us-ftc-robocall-daily
+18137521556,Robocall,block,3,+18137521556,robocall,1,0,,phone_rule,us-ftc-robocall-daily
+12487910886,Robocall,block,3,+12487910886,robocall,1,0,,phone_rule,us-ftc-robocall-daily
+16304102960,Robocall,block,3,+16304102960,robocall,1,0,,phone_rule,us-ftc-robocall-daily
+19898004625,Robocall,block,3,+19898004625,robocall,1,0,,phone_rule,us-ftc-robocall-daily
+14144379422,Robocall,block,3,+14144379422,robocall,1,0,,phone_rule,us-ftc-robocall-daily
+17277244769,Robocall,block,3,+17277244769,robocall,1,0,,phone_rule,us-ftc-robocall-daily
+15722223093,Robocall,block,3,+15722223093,robocall,1,0,,phone_rule,us-ftc-robocall-daily
+18446040440,Robocall,block,3,+18446040440,robocall,1,0,,phone_rule,us-ftc-robocall-daily
+16104819888,Robocall,block,3,+16104819888,robocall,1,0,,phone_rule,us-ftc-robocall-daily
+18333938763,Robocall,block,3,+18333938763,robocall,1,0,,phone_rule,us-ftc-robocall-daily
+15028795929,Robocall,block,3,+15028795929,robocall,1,0,,phone_rule,us-ftc-robocall-daily
+19896745878,Robocall,block,3,+19896745878,robocall,1,0,,phone_rule,us-ftc-robocall-daily
+17783695382,Robocall,block,3,+17783695382,robocall,1,0,,phone_rule,us-ftc-robocall-daily
+18774701615,Robocall,block,3,+18774701615,robocall,1,0,,phone_rule,us-ftc-robocall-daily
+13148208493,Robocall,block,3,+13148208493,robocall,1,0,,phone_rule,us-ftc-robocall-daily
+14049687949,Robocall,block,3,+14049687949,robocall,1,0,,phone_rule,us-ftc-robocall-daily
+18046815956,Robocall,block,3,+18046815956,robocall,1,0,,phone_rule,us-ftc-robocall-daily
+19432743856,Robocall,block,3,+19432743856,robocall,1,0,,phone_rule,us-ftc-robocall-daily
+14095473676,Robocall,block,3,+14095473676,robocall,1,0,,phone_rule,us-ftc-robocall-daily
+19897865136,Robocall,block,3,+19897865136,robocall,1,0,,phone_rule,us-ftc-robocall-daily
+12036643708,Robocall,block,3,+12036643708,robocall,1,0,,phone_rule,us-ftc-robocall-daily
+16102992043,Robocall,block,3,+16102992043,robocall,1,0,,phone_rule,us-ftc-robocall-daily
+14702938084,Robocall,block,3,+14702938084,robocall,1,0,,phone_rule,us-ftc-robocall-daily
+19317885979,Robocall,block,3,+19317885979,robocall,1,0,,phone_rule,us-ftc-robocall-daily
+16035508951,Robocall,block,3,+16035508951,robocall,1,0,,phone_rule,us-ftc-robocall-daily
+14032044535,Robocall,block,3,+14032044535,robocall,1,0,,phone_rule,us-ftc-robocall-daily
+16018908486,Robocall,block,3,+16018908486,robocall,1,0,,phone_rule,us-ftc-robocall-daily
+13029463877,Robocall,block,3,+13029463877,robocall,1,0,,phone_rule,us-ftc-robocall-daily
+15025132085,Robocall,block,3,+15025132085,robocall,1,0,,phone_rule,us-ftc-robocall-daily
+15615593860,Robocall,block,3,+15615593860,robocall,1,0,,phone_rule,us-ftc-robocall-daily
+15053490315,Robocall,block,3,+15053490315,robocall,1,0,,phone_rule,us-ftc-robocall-daily
+18157253638,Robocall,block,3,+18157253638,robocall,1,0,,phone_rule,us-ftc-robocall-daily
+19044422889,Robocall,block,3,+19044422889,robocall,1,0,,phone_rule,us-ftc-robocall-daily
+19726274589,Robocall,block,3,+19726274589,robocall,1,0,,phone_rule,us-ftc-robocall-daily
+16672023414,Robocall,block,3,+16672023414,robocall,1,0,,phone_rule,us-ftc-robocall-daily
+18665503614,Robocall,block,3,+18665503614,robocall,1,0,,phone_rule,us-ftc-robocall-daily
+19893014173,Robocall,block,3,+19893014173,robocall,1,0,,phone_rule,us-ftc-robocall-daily
+16185231814,Robocall,block,3,+16185231814,robocall,1,0,,phone_rule,us-ftc-robocall-daily
+19594669308,Robocall,block,3,+19594669308,robocall,1,0,,phone_rule,us-ftc-robocall-daily
+16156834258,Robocall,block,3,+16156834258,robocall,1,0,,phone_rule,us-ftc-robocall-daily
+14259527870,Robocall,block,3,+14259527870,robocall,1,0,,phone_rule,us-ftc-robocall-daily
+19197455324,Robocall,block,3,+19197455324,robocall,1,0,,phone_rule,us-ftc-robocall-daily
+18455077553,Robocall,block,3,+18455077553,robocall,1,0,,phone_rule,us-ftc-robocall-daily
+18107979906,Robocall,block,3,+18107979906,robocall,1,0,,phone_rule,us-ftc-robocall-daily
+12317155636,Robocall,block,3,+12317155636,robocall,1,0,,phone_rule,us-ftc-robocall-daily
+14322985137,Robocall,block,3,+14322985137,robocall,1,0,,phone_rule,us-ftc-robocall-daily
+18889051675,Robocall,block,3,+18889051675,robocall,1,0,,phone_rule,us-ftc-robocall-daily
+19147446310,Robocall,block,3,+19147446310,robocall,1,0,,phone_rule,us-ftc-robocall-daily
+18446043926,Robocall,block,3,+18446043926,robocall,1,0,,phone_rule,us-ftc-robocall-daily
+18197538602,Robocall,block,3,+18197538602,robocall,1,0,,phone_rule,us-ftc-robocall-daily
+18664783172,Robocall,block,3,+18664783172,robocall,1,0,,phone_rule,us-ftc-robocall-daily
+12265173218,Robocall,block,3,+12265173218,robocall,1,0,,phone_rule,us-ftc-robocall-daily
+14013854638,Robocall,block,3,+14013854638,robocall,1,0,,phone_rule,us-ftc-robocall-daily
+15633569190,Robocall,block,3,+15633569190,robocall,1,0,,phone_rule,us-ftc-robocall-daily
+17074878609,Robocall,block,3,+17074878609,robocall,1,0,,phone_rule,us-ftc-robocall-daily
+12044967631,Robocall,block,3,+12044967631,robocall,1,0,,phone_rule,us-ftc-robocall-daily
+12704535922,Robocall,block,3,+12704535922,robocall,1,0,,phone_rule,us-ftc-robocall-daily
+13377738055,Robocall,block,3,+13377738055,robocall,1,0,,phone_rule,us-ftc-robocall-daily
+17058598095,Robocall,block,3,+17058598095,robocall,1,0,,phone_rule,us-ftc-robocall-daily
+16173910194,Robocall,block,3,+16173910194,robocall,1,0,,phone_rule,us-ftc-robocall-daily
+14053351383,Robocall,block,3,+14053351383,robocall,1,0,,phone_rule,us-ftc-robocall-daily
+15028627638,Robocall,block,3,+15028627638,robocall,1,0,,phone_rule,us-ftc-robocall-daily
+18779610180,Robocall,block,3,+18779610180,robocall,1,0,,phone_rule,us-ftc-robocall-daily
+17747751518,Robocall,block,3,+17747751518,robocall,1,0,,phone_rule,us-ftc-robocall-daily
+12486995593,Robocall,block,3,+12486995593,robocall,1,0,,phone_rule,us-ftc-robocall-daily
+17575040485,Robocall,block,3,+17575040485,robocall,1,0,,phone_rule,us-ftc-robocall-daily
+14236738240,Robocall,block,3,+14236738240,robocall,1,0,,phone_rule,us-ftc-robocall-daily
+18317448903,Robocall,block,3,+18317448903,robocall,1,0,,phone_rule,us-ftc-robocall-daily
+18624152324,Robocall,block,3,+18624152324,robocall,1,0,,phone_rule,us-ftc-robocall-daily
+17209200580,Robocall,block,3,+17209200580,robocall,1,0,,phone_rule,us-ftc-robocall-daily
+12405868987,Robocall,block,3,+12405868987,robocall,1,0,,phone_rule,us-ftc-robocall-daily
+18106910826,Robocall,block,3,+18106910826,robocall,1,0,,phone_rule,us-ftc-robocall-daily
+15186071275,Robocall,block,3,+15186071275,robocall,1,0,,phone_rule,us-ftc-robocall-daily
+18778675915,Robocall,block,3,+18778675915,robocall,1,0,,phone_rule,us-ftc-robocall-daily
+14038126122,Robocall,block,3,+14038126122,robocall,1,0,,phone_rule,us-ftc-robocall-daily
+12178637210,Robocall,block,3,+12178637210,robocall,1,0,,phone_rule,us-ftc-robocall-daily
+12272385944,Robocall,block,3,+12272385944,robocall,1,0,,phone_rule,us-ftc-robocall-daily
+12674305706,Robocall,block,3,+12674305706,robocall,1,0,,phone_rule,us-ftc-robocall-daily
+17793518602,Robocall,block,3,+17793518602,robocall,1,0,,phone_rule,us-ftc-robocall-daily
+18563050799,Robocall,block,3,+18563050799,robocall,1,0,,phone_rule,us-ftc-robocall-daily
+15028629537,Robocall,block,3,+15028629537,robocall,1,0,,phone_rule,us-ftc-robocall-daily
+14372470966,Robocall,block,3,+14372470966,robocall,1,0,,phone_rule,us-ftc-robocall-daily
+15594730536,Robocall,block,3,+15594730536,robocall,1,0,,phone_rule,us-ftc-robocall-daily
+18564478936,Robocall,block,3,+18564478936,robocall,1,0,,phone_rule,us-ftc-robocall-daily
+13213699651,Robocall,block,3,+13213699651,robocall,1,0,,phone_rule,us-ftc-robocall-daily
+17056476644,Robocall,block,3,+17056476644,robocall,1,0,,phone_rule,us-ftc-robocall-daily
+17756378226,Robocall,block,3,+17756378226,robocall,1,0,,phone_rule,us-ftc-robocall-daily
+12527571078,Robocall,block,3,+12527571078,robocall,1,0,,phone_rule,us-ftc-robocall-daily
+18889043510,Robocall,block,3,+18889043510,robocall,1,0,,phone_rule,us-ftc-robocall-daily
+12493715197,Robocall,block,3,+12493715197,robocall,1,0,,phone_rule,us-ftc-robocall-daily
+14307867077,Robocall,block,3,+14307867077,robocall,1,0,,phone_rule,us-ftc-robocall-daily
+16102277668,Robocall,block,3,+16102277668,robocall,1,0,,phone_rule,us-ftc-robocall-daily
+18447102959,Robocall,block,3,+18447102959,robocall,1,0,,phone_rule,us-ftc-robocall-daily
+19899488355,Robocall,block,3,+19899488355,robocall,1,0,,phone_rule,us-ftc-robocall-daily
+15167928785,Robocall,block,3,+15167928785,robocall,1,0,,phone_rule,us-ftc-robocall-daily
+16503999391,Robocall,block,3,+16503999391,robocall,1,0,,phone_rule,us-ftc-robocall-daily
+16135690562,Robocall,block,3,+16135690562,robocall,1,0,,phone_rule,us-ftc-robocall-daily
+12408629885,Robocall,block,3,+12408629885,robocall,1,0,,phone_rule,us-ftc-robocall-daily
+12524229523,Robocall,block,3,+12524229523,robocall,1,0,,phone_rule,us-ftc-robocall-daily
+16044046727,Robocall,block,3,+16044046727,robocall,1,0,,phone_rule,us-ftc-robocall-daily
+12246623070,Robocall,block,3,+12246623070,robocall,1,0,,phone_rule,us-ftc-robocall-daily
+14315000950,Robocall,block,3,+14315000950,robocall,1,0,,phone_rule,us-ftc-robocall-daily
+14127903572,Robocall,block,3,+14127903572,robocall,1,0,,phone_rule,us-ftc-robocall-daily
+12314406749,Robocall,block,3,+12314406749,robocall,1,0,,phone_rule,us-ftc-robocall-daily
+18665500894,Robocall,block,3,+18665500894,robocall,1,0,,phone_rule,us-ftc-robocall-daily
+19898366787,Robocall,block,3,+19898366787,robocall,1,0,,phone_rule,us-ftc-robocall-daily
+12272385940,Robocall,block,3,+12272385940,robocall,1,0,,phone_rule,us-ftc-robocall-daily
+13433588054,Robocall,block,3,+13433588054,robocall,1,0,,phone_rule,us-ftc-robocall-daily
+18028665000,Robocall,block,3,+18028665000,robocall,1,0,,phone_rule,us-ftc-robocall-daily
+14387030519,Robocall,block,3,+14387030519,robocall,1,0,,phone_rule,us-ftc-robocall-daily
+18335413537,Robocall,block,3,+18335413537,robocall,1,0,,phone_rule,us-ftc-robocall-daily
+19896256137,Robocall,block,3,+19896256137,robocall,1,0,,phone_rule,us-ftc-robocall-daily
+18482789386,Robocall,block,3,+18482789386,robocall,1,0,,phone_rule,us-ftc-robocall-daily
+13014789127,Robocall,block,3,+13014789127,robocall,1,0,,phone_rule,us-ftc-robocall-daily
+18133314366,Robocall,block,3,+18133314366,robocall,1,0,,phone_rule,us-ftc-robocall-daily
+14185311206,Robocall,block,3,+14185311206,robocall,1,0,,phone_rule,us-ftc-robocall-daily
+12896721284,Robocall,block,3,+12896721284,robocall,1,0,,phone_rule,us-ftc-robocall-daily
+16629000649,Robocall,block,3,+16629000649,robocall,1,0,,phone_rule,us-ftc-robocall-daily
+18889120824,Robocall,block,3,+18889120824,robocall,1,0,,phone_rule,us-ftc-robocall-daily
+19898930310,Robocall,block,3,+19898930310,robocall,1,0,,phone_rule,us-ftc-robocall-daily
+18775782507,Robocall,block,3,+18775782507,robocall,1,0,,phone_rule,us-ftc-robocall-daily
+15206058714,Robocall,block,3,+15206058714,robocall,1,0,,phone_rule,us-ftc-robocall-daily
+12404078982,Robocall,block,3,+12404078982,robocall,1,0,,phone_rule,us-ftc-robocall-daily
+17066379507,Robocall,block,3,+17066379507,robocall,1,0,,phone_rule,us-ftc-robocall-daily
+12314628151,Robocall,block,3,+12314628151,robocall,1,0,,phone_rule,us-ftc-robocall-daily
+18133799691,Robocall,block,3,+18133799691,robocall,1,0,,phone_rule,us-ftc-robocall-daily
+12043532414,Robocall,block,3,+12043532414,robocall,1,0,,phone_rule,us-ftc-robocall-daily
+17346242065,Robocall,block,3,+17346242065,robocall,1,0,,phone_rule,us-ftc-robocall-daily
+15315000950,Robocall,block,3,+15315000950,robocall,1,0,,phone_rule,us-ftc-robocall-daily
+19734860186,Robocall,block,3,+19734860186,robocall,1,0,,phone_rule,us-ftc-robocall-daily
+18622180342,Robocall,block,3,+18622180342,robocall,1,0,,phone_rule,us-ftc-robocall-daily
+19454090715,Robocall,block,3,+19454090715,robocall,1,0,,phone_rule,us-ftc-robocall-daily
+17068105323,Robocall,block,3,+17068105323,robocall,1,0,,phone_rule,us-ftc-robocall-daily
+15612006234,Robocall,block,3,+15612006234,robocall,1,0,,phone_rule,us-ftc-robocall-daily
+14508893434,Robocall,block,3,+14508893434,robocall,1,0,,phone_rule,us-ftc-robocall-daily
+19039129676,Robocall,block,3,+19039129676,robocall,1,0,,phone_rule,us-ftc-robocall-daily
+14437817404,Robocall,block,3,+14437817404,robocall,1,0,,phone_rule,us-ftc-robocall-daily
+18338931975,Robocall,block,3,+18338931975,robocall,1,0,,phone_rule,us-ftc-robocall-daily
+15513297037,Robocall,block,3,+15513297037,robocall,1,0,,phone_rule,us-ftc-robocall-daily
+16145253333,Robocall,block,3,+16145253333,robocall,1,0,,phone_rule,us-ftc-robocall-daily
+14389980804,Robocall,block,3,+14389980804,robocall,1,0,,phone_rule,us-ftc-robocall-daily
+16096976243,Robocall,block,3,+16096976243,robocall,1,0,,phone_rule,us-ftc-robocall-daily
+16159421570,Robocall,block,3,+16159421570,robocall,1,0,,phone_rule,us-ftc-robocall-daily
+18138254235,Robocall,block,3,+18138254235,robocall,1,0,,phone_rule,us-ftc-robocall-daily
+13014095142,Robocall,block,3,+13014095142,robocall,1,0,,phone_rule,us-ftc-robocall-daily
+19899994036,Robocall,block,3,+19899994036,robocall,1,0,,phone_rule,us-ftc-robocall-daily
+18336845507,Robocall,block,3,+18336845507,robocall,1,0,,phone_rule,us-ftc-robocall-daily
+15342129531,Robocall,block,3,+15342129531,robocall,1,0,,phone_rule,us-ftc-robocall-daily
+18338188694,Robocall,block,3,+18338188694,robocall,1,0,,phone_rule,us-ftc-robocall-daily
+17577320305,Robocall,block,3,+17577320305,robocall,1,0,,phone_rule,us-ftc-robocall-daily
+18774700835,Robocall,block,3,+18774700835,robocall,1,0,,phone_rule,us-ftc-robocall-daily
+12076362680,Robocall,block,3,+12076362680,robocall,1,0,,phone_rule,us-ftc-robocall-daily
+16189472064,Robocall,block,3,+16189472064,robocall,1,0,,phone_rule,us-ftc-robocall-daily
+19894524369,Robocall,block,3,+19894524369,robocall,1,0,,phone_rule,us-ftc-robocall-daily
+13617485808,Robocall,block,3,+13617485808,robocall,1,0,,phone_rule,us-ftc-robocall-daily
+18338538587,Robocall,block,3,+18338538587,robocall,1,0,,phone_rule,us-ftc-robocall-daily
+18448708870,Robocall,block,3,+18448708870,robocall,1,0,,phone_rule,us-ftc-robocall-daily
+17323986551,Robocall,block,3,+17323986551,robocall,1,0,,phone_rule,us-ftc-robocall-daily
+16152777219,Robocall,block,3,+16152777219,robocall,1,0,,phone_rule,us-ftc-robocall-daily
+19898507525,Robocall,block,3,+19898507525,robocall,1,0,,phone_rule,us-ftc-robocall-daily
+13014266490,Robocall,block,3,+13014266490,robocall,1,0,,phone_rule,us-ftc-robocall-daily
+14642002568,Robocall,block,3,+14642002568,robocall,1,0,,phone_rule,us-ftc-robocall-daily
+13145978865,Robocall,block,3,+13145978865,robocall,1,0,,phone_rule,us-ftc-robocall-daily
+16185059286,Robocall,block,3,+16185059286,robocall,1,0,,phone_rule,us-ftc-robocall-daily
+18339109289,Robocall,block,3,+18339109289,robocall,1,0,,phone_rule,us-ftc-robocall-daily
+18338188696,Robocall,block,3,+18338188696,robocall,1,0,,phone_rule,us-ftc-robocall-daily
+13072428441,Robocall,block,3,+13072428441,robocall,1,0,,phone_rule,us-ftc-robocall-daily
+15012254309,Robocall,block,3,+15012254309,robocall,1,0,,phone_rule,us-ftc-robocall-daily
+19432745561,Robocall,block,3,+19432745561,robocall,1,0,,phone_rule,us-ftc-robocall-daily
+18663861878,Robocall,block,3,+18663861878,robocall,1,0,,phone_rule,us-ftc-robocall-daily
+13393567053,Robocall,block,3,+13393567053,robocall,1,0,,phone_rule,us-ftc-robocall-daily
+15748347545,Robocall,block,3,+15748347545,robocall,1,0,,phone_rule,us-ftc-robocall-daily
+18594500448,Robocall,block,3,+18594500448,robocall,1,0,,phone_rule,us-ftc-robocall-daily
+14192730918,Robocall,block,3,+14192730918,robocall,1,0,,phone_rule,us-ftc-robocall-daily
+18334274602,Robocall,block,3,+18334274602,robocall,1,0,,phone_rule,us-ftc-robocall-daily
+19869105684,Robocall,block,3,+19869105684,robocall,1,0,,phone_rule,us-ftc-robocall-daily
+17323986550,Robocall,block,3,+17323986550,robocall,1,0,,phone_rule,us-ftc-robocall-daily
+12272462354,Robocall,block,3,+12272462354,robocall,1,0,,phone_rule,us-ftc-robocall-daily
+18335752709,Robocall,block,3,+18335752709,robocall,1,0,,phone_rule,us-ftc-robocall-daily
+14353755256,Robocall,block,3,+14353755256,robocall,1,0,,phone_rule,us-ftc-robocall-daily
+16478480826,Robocall,block,3,+16478480826,robocall,1,0,,phone_rule,us-ftc-robocall-daily
+14807843521,Robocall,block,3,+14807843521,robocall,1,0,,phone_rule,us-ftc-robocall-daily
+15309481420,Robocall,block,3,+15309481420,robocall,1,0,,phone_rule,us-ftc-robocall-daily
+16106714792,Robocall,block,3,+16106714792,robocall,1,0,,phone_rule,us-ftc-robocall-daily
+19378486000,Robocall,block,3,+19378486000,robocall,1,0,,phone_rule,us-ftc-robocall-daily
+14436595780,Robocall,block,3,+14436595780,robocall,1,0,,phone_rule,us-ftc-robocall-daily
+19898948140,Robocall,block,3,+19898948140,robocall,1,0,,phone_rule,us-ftc-robocall-daily
+14183919519,Robocall,block,3,+14183919519,robocall,1,0,,phone_rule,us-ftc-robocall-daily
+13615882295,Robocall,block,3,+13615882295,robocall,1,0,,phone_rule,us-ftc-robocall-daily
+18445697700,Robocall,block,3,+18445697700,robocall,1,0,,phone_rule,us-ftc-robocall-daily
+16106107866,Robocall,block,3,+16106107866,robocall,1,0,,phone_rule,us-ftc-robocall-daily
+16672656442,Robocall,block,3,+16672656442,robocall,1,0,,phone_rule,us-ftc-robocall-daily
+19048796727,Robocall,block,3,+19048796727,robocall,1,0,,phone_rule,us-ftc-robocall-daily
+16128008761,Robocall,block,3,+16128008761,robocall,1,0,,phone_rule,us-ftc-robocall-daily
+17326802915,Robocall,block,3,+17326802915,robocall,1,0,,phone_rule,us-ftc-robocall-daily
+18478577431,Robocall,block,3,+18478577431,robocall,1,0,,phone_rule,us-ftc-robocall-daily
+18663983135,Robocall,block,3,+18663983135,robocall,1,0,,phone_rule,us-ftc-robocall-daily
+12406509013,Robocall,block,3,+12406509013,robocall,1,0,,phone_rule,us-ftc-robocall-daily
+19896427549,Robocall,block,3,+19896427549,robocall,1,0,,phone_rule,us-ftc-robocall-daily
+19046654610,Robocall,block,3,+19046654610,robocall,1,0,,phone_rule,us-ftc-robocall-daily
+16783742838,Robocall,block,3,+16783742838,robocall,1,0,,phone_rule,us-ftc-robocall-daily
+19187966428,Robocall,block,3,+19187966428,robocall,1,0,,phone_rule,us-ftc-robocall-daily
+14327866977,Robocall,block,3,+14327866977,robocall,1,0,,phone_rule,us-ftc-robocall-daily
+19892569683,Robocall,block,3,+19892569683,robocall,1,0,,phone_rule,us-ftc-robocall-daily
+19284239360,Robocall,block,3,+19284239360,robocall,1,0,,phone_rule,us-ftc-robocall-daily
+18009629898,Robocall,block,3,+18009629898,robocall,1,0,,phone_rule,us-ftc-robocall-daily
+14436596343,Robocall,block,3,+14436596343,robocall,1,0,,phone_rule,us-ftc-robocall-daily
+12254883544,Robocall,block,3,+12254883544,robocall,1,0,,phone_rule,us-ftc-robocall-daily
+18473204839,Robocall,block,3,+18473204839,robocall,1,0,,phone_rule,us-ftc-robocall-daily
+15707324201,Robocall,block,3,+15707324201,robocall,1,0,,phone_rule,us-ftc-robocall-daily
+17326774519,Robocall,block,3,+17326774519,robocall,1,0,,phone_rule,us-ftc-robocall-daily
+16672656468,Robocall,block,3,+16672656468,robocall,1,0,,phone_rule,us-ftc-robocall-daily
+16462040670,Robocall,block,3,+16462040670,robocall,1,0,,phone_rule,us-ftc-robocall-daily
+19893246058,Robocall,block,3,+19893246058,robocall,1,0,,phone_rule,us-ftc-robocall-daily
+14702938076,Robocall,block,3,+14702938076,robocall,1,0,,phone_rule,us-ftc-robocall-daily
+19566733199,Robocall,block,3,+19566733199,robocall,1,0,,phone_rule,us-ftc-robocall-daily
+17073587923,Robocall,block,3,+17073587923,robocall,1,0,,phone_rule,us-ftc-robocall-daily
+16678422180,Robocall,block,3,+16678422180,robocall,1,0,,phone_rule,us-ftc-robocall-daily
+19729612770,Robocall,block,3,+19729612770,robocall,1,0,,phone_rule,us-ftc-robocall-daily
+13862391873,Robocall,block,3,+13862391873,robocall,1,0,,phone_rule,us-ftc-robocall-daily
+14432511258,Robocall,block,3,+14432511258,robocall,1,0,,phone_rule,us-ftc-robocall-daily
+19895785967,Robocall,block,3,+19895785967,robocall,1,0,,phone_rule,us-ftc-robocall-daily
+19518241781,Robocall,block,3,+19518241781,robocall,1,0,,phone_rule,us-ftc-robocall-daily
+19343364399,Robocall,block,3,+19343364399,robocall,1,0,,phone_rule,us-ftc-robocall-daily
+15165903173,Robocall,block,3,+15165903173,robocall,1,0,,phone_rule,us-ftc-robocall-daily
+12406509433,Robocall,block,3,+12406509433,robocall,1,0,,phone_rule,us-ftc-robocall-daily
+19892351009,Robocall,block,3,+19892351009,robocall,1,0,,phone_rule,us-ftc-robocall-daily
+16096976250,Robocall,block,3,+16096976250,robocall,1,0,,phone_rule,us-ftc-robocall-daily
+13163926607,Robocall,block,3,+13163926607,robocall,1,0,,phone_rule,us-ftc-robocall-daily
+13242040426,Robocall,block,3,+13242040426,robocall,1,0,,phone_rule,us-ftc-robocall-daily
+12406499889,Robocall,block,3,+12406499889,robocall,1,0,,phone_rule,us-ftc-robocall-daily
+13164650115,Robocall,block,3,+13164650115,robocall,1,0,,phone_rule,us-ftc-robocall-daily
+19892997246,Robocall,block,3,+19892997246,robocall,1,0,,phone_rule,us-ftc-robocall-daily
+13612081405,Robocall,block,3,+13612081405,robocall,1,0,,phone_rule,us-ftc-robocall-daily
+12029200704,Robocall,block,3,+12029200704,robocall,1,0,,phone_rule,us-ftc-robocall-daily
+16672656084,Robocall,block,3,+16672656084,robocall,1,0,,phone_rule,us-ftc-robocall-daily
+18476966669,Robocall,block,3,+18476966669,robocall,1,0,,phone_rule,us-ftc-robocall-daily
+18186509042,Robocall,block,3,+18186509042,robocall,1,0,,phone_rule,us-ftc-robocall-daily
+13126826121,Robocall,block,3,+13126826121,robocall,1,0,,phone_rule,us-ftc-robocall-daily
+16672657481,Robocall,block,3,+16672657481,robocall,1,0,,phone_rule,us-ftc-robocall-daily
+18665933926,Robocall,block,3,+18665933926,robocall,1,0,,phone_rule,us-ftc-robocall-daily
+15486985055,Robocall,block,3,+15486985055,robocall,1,0,,phone_rule,us-ftc-robocall-daily
+16674732440,Robocall,block,3,+16674732440,robocall,1,0,,phone_rule,us-ftc-robocall-daily
+18105229970,Robocall,block,3,+18105229970,robocall,1,0,,phone_rule,us-ftc-robocall-daily
+19892576762,Robocall,block,3,+19892576762,robocall,1,0,,phone_rule,us-ftc-robocall-daily
+18554940254,Robocall,block,3,+18554940254,robocall,1,0,,phone_rule,us-ftc-robocall-daily
+16185231832,Robocall,block,3,+16185231832,robocall,1,0,,phone_rule,us-ftc-robocall-daily
+13619785575,Robocall,block,3,+13619785575,robocall,1,0,,phone_rule,us-ftc-robocall-daily
+18592618687,Robocall,block,3,+18592618687,robocall,1,0,,phone_rule,us-ftc-robocall-daily
+12569525217,Robocall,block,3,+12569525217,robocall,1,0,,phone_rule,us-ftc-robocall-daily
+16092690180,Robocall,block,3,+16092690180,robocall,1,0,,phone_rule,us-ftc-robocall-daily
+14108344660,Robocall,block,3,+14108344660,robocall,1,0,,phone_rule,us-ftc-robocall-daily
+18309656409,Robocall,block,3,+18309656409,robocall,1,0,,phone_rule,us-ftc-robocall-daily
+15028799443,Robocall,block,3,+15028799443,robocall,1,0,,phone_rule,us-ftc-robocall-daily
+18146340983,Robocall,block,3,+18146340983,robocall,1,0,,phone_rule,us-ftc-robocall-daily
+19406987402,Robocall,block,3,+19406987402,robocall,1,0,,phone_rule,us-ftc-robocall-daily
+14102807977,Robocall,block,3,+14102807977,robocall,1,0,,phone_rule,us-ftc-robocall-daily
+19042746558,Robocall,block,3,+19042746558,robocall,1,0,,phone_rule,us-ftc-robocall-daily
+12052463277,Robocall,block,3,+12052463277,robocall,1,0,,phone_rule,us-ftc-robocall-daily
+18154721959,Robocall,block,3,+18154721959,robocall,1,0,,phone_rule,us-ftc-robocall-daily
+18666549224,Robocall,block,3,+18666549224,robocall,1,0,,phone_rule,us-ftc-robocall-daily
+12405252274,Robocall,block,3,+12405252274,robocall,1,0,,phone_rule,us-ftc-robocall-daily
+16516278002,Robocall,block,3,+16516278002,robocall,1,0,,phone_rule,us-ftc-robocall-daily
+13613173242,Robocall,block,3,+13613173242,robocall,1,0,,phone_rule,us-ftc-robocall-daily
+16135141963,Robocall,block,3,+16135141963,robocall,1,0,,phone_rule,us-ftc-robocall-daily
+12569051204,Robocall,block,3,+12569051204,robocall,1,0,,phone_rule,us-ftc-robocall-daily
+15028795986,Robocall,block,3,+15028795986,robocall,1,0,,phone_rule,us-ftc-robocall-daily
+12403497308,Robocall,block,3,+12403497308,robocall,1,0,,phone_rule,us-ftc-robocall-daily
+14845009632,Robocall,block,3,+14845009632,robocall,1,0,,phone_rule,us-ftc-robocall-daily
+18552850042,Robocall,block,3,+18552850042,robocall,1,0,,phone_rule,us-ftc-robocall-daily
+17743099047,Robocall,block,3,+17743099047,robocall,1,0,,phone_rule,us-ftc-robocall-daily
+12032905393,Robocall,block,3,+12032905393,robocall,1,0,,phone_rule,us-ftc-robocall-daily
+19084910686,Robocall,block,3,+19084910686,robocall,1,0,,phone_rule,us-ftc-robocall-daily
+13014090330,Robocall,block,3,+13014090330,robocall,1,0,,phone_rule,us-ftc-robocall-daily
+15066992364,Robocall,block,3,+15066992364,robocall,1,0,,phone_rule,us-ftc-robocall-daily
+12024305971,Robocall,block,3,+12024305971,robocall,1,0,,phone_rule,us-ftc-robocall-daily
+14402780195,Robocall,block,3,+14402780195,robocall,1,0,,phone_rule,us-ftc-robocall-daily
+12562082467,Robocall,block,3,+12562082467,robocall,1,0,,phone_rule,us-ftc-robocall-daily
+18145549259,Robocall,block,3,+18145549259,robocall,1,0,,phone_rule,us-ftc-robocall-daily
+13368004479,Robocall,block,3,+13368004479,robocall,1,0,,phone_rule,us-ftc-robocall-daily
+14436579529,Robocall,block,3,+14436579529,robocall,1,0,,phone_rule,us-ftc-robocall-daily
+18883104941,Robocall,block,3,+18883104941,robocall,1,0,,phone_rule,us-ftc-robocall-daily
+16287894589,Robocall,block,3,+16287894589,robocall,1,0,,phone_rule,us-ftc-robocall-daily
+13612251795,Robocall,block,3,+13612251795,robocall,1,0,,phone_rule,us-ftc-robocall-daily
+17088643631,Robocall,block,3,+17088643631,robocall,1,0,,phone_rule,us-ftc-robocall-daily
+16183522724,Robocall,block,3,+16183522724,robocall,1,0,,phone_rule,us-ftc-robocall-daily
+18302165248,Robocall,block,3,+18302165248,robocall,1,0,,phone_rule,us-ftc-robocall-daily
+18508531177,Robocall,block,3,+18508531177,robocall,1,0,,phone_rule,us-ftc-robocall-daily
+12563633551,Robocall,block,3,+12563633551,robocall,1,0,,phone_rule,us-ftc-robocall-daily
+12406842101,Robocall,block,3,+12406842101,robocall,1,0,,phone_rule,us-ftc-robocall-daily
+17324005792,Robocall,block,3,+17324005792,robocall,1,0,,phone_rule,us-ftc-robocall-daily
+13026632258,Robocall,block,3,+13026632258,robocall,1,0,,phone_rule,us-ftc-robocall-daily
+14122978171,Robocall,block,3,+14122978171,robocall,1,0,,phone_rule,us-ftc-robocall-daily
+16459334189,Robocall,block,3,+16459334189,robocall,1,0,,phone_rule,us-ftc-robocall-daily
+17623669033,Robocall,block,3,+17623669033,robocall,1,0,,phone_rule,us-ftc-robocall-daily
+16148455586,Robocall,block,3,+16148455586,robocall,1,0,,phone_rule,us-ftc-robocall-daily
+17258889571,Robocall,block,3,+17258889571,robocall,1,0,,phone_rule,us-ftc-robocall-daily
+15748215271,Robocall,block,3,+15748215271,robocall,1,0,,phone_rule,us-ftc-robocall-daily
+18335153624,Robocall,block,3,+18335153624,robocall,1,0,,phone_rule,us-ftc-robocall-daily
+14244555782,Robocall,block,3,+14244555782,robocall,1,0,,phone_rule,us-ftc-robocall-daily
+17829845805,Robocall,block,3,+17829845805,robocall,1,0,,phone_rule,us-ftc-robocall-daily
+12566696598,Robocall,block,3,+12566696598,robocall,1,0,,phone_rule,us-ftc-robocall-daily
+18142620002,Robocall,block,3,+18142620002,robocall,1,0,,phone_rule,us-ftc-robocall-daily
+13397778592,Robocall,block,3,+13397778592,robocall,1,0,,phone_rule,us-ftc-robocall-daily
+18886737985,Robocall,block,3,+18886737985,robocall,1,0,,phone_rule,us-ftc-robocall-daily
+18707091020,Robocall,block,3,+18707091020,robocall,1,0,,phone_rule,us-ftc-robocall-daily
+19402280812,Robocall,block,3,+19402280812,robocall,1,0,,phone_rule,us-ftc-robocall-daily
+16673156599,Robocall,block,3,+16673156599,robocall,1,0,,phone_rule,us-ftc-robocall-daily
+16312669361,Robocall,block,3,+16312669361,robocall,1,0,,phone_rule,us-ftc-robocall-daily
+18033696147,Robocall,block,3,+18033696147,robocall,1,0,,phone_rule,us-ftc-robocall-daily
+18663995534,Robocall,block,3,+18663995534,robocall,1,0,,phone_rule,us-ftc-robocall-daily
+16148701271,Robocall,block,3,+16148701271,robocall,1,0,,phone_rule,us-ftc-robocall-daily
+16463227107,Robocall,block,3,+16463227107,robocall,1,0,,phone_rule,us-ftc-robocall-daily
+18569941372,Robocall,block,3,+18569941372,robocall,1,0,,phone_rule,us-ftc-robocall-daily
+18004193986,Robocall,block,3,+18004193986,robocall,1,0,,phone_rule,us-ftc-robocall-daily
+17808321589,Robocall,block,3,+17808321589,robocall,1,0,,phone_rule,us-ftc-robocall-daily
+17044138010,Robocall,block,3,+17044138010,robocall,1,0,,phone_rule,us-ftc-robocall-daily
+13212378579,Robocall,block,3,+13212378579,robocall,1,0,,phone_rule,us-ftc-robocall-daily
+14313064285,Robocall,block,3,+14313064285,robocall,1,0,,phone_rule,us-ftc-robocall-daily
+15805408335,Robocall,block,3,+15805408335,robocall,1,0,,phone_rule,us-ftc-robocall-daily
+18559942360,Robocall,block,3,+18559942360,robocall,1,0,,phone_rule,us-ftc-robocall-daily
+13185434735,Robocall,block,3,+13185434735,robocall,1,0,,phone_rule,us-ftc-robocall-daily
+18147646557,Robocall,block,3,+18147646557,robocall,1,0,,phone_rule,us-ftc-robocall-daily
+16105954498,Robocall,block,3,+16105954498,robocall,1,0,,phone_rule,us-ftc-robocall-daily
+19702892634,Robocall,block,3,+19702892634,robocall,1,0,,phone_rule,us-ftc-robocall-daily
+18775781676,Robocall,block,3,+18775781676,robocall,1,0,,phone_rule,us-ftc-robocall-daily
+18775569255,Robocall,block,3,+18775569255,robocall,1,0,,phone_rule,us-ftc-robocall-daily
+16142980878,Robocall,block,3,+16142980878,robocall,1,0,,phone_rule,us-ftc-robocall-daily
+18572278064,Robocall,block,3,+18572278064,robocall,1,0,,phone_rule,us-ftc-robocall-daily
+15044454933,Robocall,block,3,+15044454933,robocall,1,0,,phone_rule,us-ftc-robocall-daily
+12525167538,Robocall,block,3,+12525167538,robocall,1,0,,phone_rule,us-ftc-robocall-daily
+17824629100,Robocall,block,3,+17824629100,robocall,1,0,,phone_rule,us-ftc-robocall-daily
+13195693773,Robocall,block,3,+13195693773,robocall,1,0,,phone_rule,us-ftc-robocall-daily
+18335753784,Robocall,block,3,+18335753784,robocall,1,0,,phone_rule,us-ftc-robocall-daily
+13189051767,Robocall,block,3,+13189051767,robocall,1,0,,phone_rule,us-ftc-robocall-daily
+19832264191,Robocall,block,3,+19832264191,robocall,1,0,,phone_rule,us-ftc-robocall-daily
+16147159364,Robocall,block,3,+16147159364,robocall,1,0,,phone_rule,us-ftc-robocall-daily
+18137577466,Robocall,block,3,+18137577466,robocall,1,0,,phone_rule,us-ftc-robocall-daily
+18884344690,Robocall,block,3,+18884344690,robocall,1,0,,phone_rule,us-ftc-robocall-daily
+15129743801,Robocall,block,3,+15129743801,robocall,1,0,,phone_rule,us-ftc-robocall-daily
+18447920215,Robocall,block,3,+18447920215,robocall,1,0,,phone_rule,us-ftc-robocall-daily
+18482888578,Robocall,block,3,+18482888578,robocall,1,0,,phone_rule,us-ftc-robocall-daily
+16064004190,Robocall,block,3,+16064004190,robocall,1,0,,phone_rule,us-ftc-robocall-daily
+19737128115,Robocall,block,3,+19737128115,robocall,1,0,,phone_rule,us-ftc-robocall-daily
+15712880350,Robocall,block,3,+15712880350,robocall,1,0,,phone_rule,us-ftc-robocall-daily
+19132271211,Robocall,block,3,+19132271211,robocall,1,0,,phone_rule,us-ftc-robocall-daily
+18445542158,Robocall,block,3,+18445542158,robocall,1,0,,phone_rule,us-ftc-robocall-daily
+12173369675,Robocall,block,3,+12173369675,robocall,1,0,,phone_rule,us-ftc-robocall-daily
+12765280999,Robocall,block,3,+12765280999,robocall,1,0,,phone_rule,us-ftc-robocall-daily
+12078238825,Robocall,block,3,+12078238825,robocall,1,0,,phone_rule,us-ftc-robocall-daily
+18005939272,Robocall,block,3,+18005939272,robocall,1,0,,phone_rule,us-ftc-robocall-daily
+13037652910,Robocall,block,3,+13037652910,robocall,1,0,,phone_rule,us-ftc-robocall-daily
+17606486649,Robocall,block,3,+17606486649,robocall,1,0,,phone_rule,us-ftc-robocall-daily
+15706369861,Robocall,block,3,+15706369861,robocall,1,0,,phone_rule,us-ftc-robocall-daily
+12047046412,Robocall,block,3,+12047046412,robocall,1,0,,phone_rule,us-ftc-robocall-daily
+15147713227,Robocall,block,3,+15147713227,robocall,1,0,,phone_rule,us-ftc-robocall-daily
+15722008614,Robocall,block,3,+15722008614,robocall,1,0,,phone_rule,us-ftc-robocall-daily
+19182555283,Robocall,block,3,+19182555283,robocall,1,0,,phone_rule,us-ftc-robocall-daily
+16823209778,Robocall,block,3,+16823209778,robocall,1,0,,phone_rule,us-ftc-robocall-daily
+15705200304,Robocall,block,3,+15705200304,robocall,1,0,,phone_rule,us-ftc-robocall-daily
+18884184694,Robocall,block,3,+18884184694,robocall,1,0,,phone_rule,us-ftc-robocall-daily
+18554942056,Robocall,block,3,+18554942056,robocall,1,0,,phone_rule,us-ftc-robocall-daily
+15132841157,Robocall,block,3,+15132841157,robocall,1,0,,phone_rule,us-ftc-robocall-daily
+17157505268,Robocall,block,3,+17157505268,robocall,1,0,,phone_rule,us-ftc-robocall-daily
+15807578609,Robocall,block,3,+15807578609,robocall,1,0,,phone_rule,us-ftc-robocall-daily
+12049141338,Robocall,block,3,+12049141338,robocall,1,0,,phone_rule,us-ftc-robocall-daily
+13037185957,Robocall,block,3,+13037185957,robocall,1,0,,phone_rule,us-ftc-robocall-daily
+18004068148,Robocall,block,3,+18004068148,robocall,1,0,,phone_rule,us-ftc-robocall-daily
+17404138693,Robocall,block,3,+17404138693,robocall,1,0,,phone_rule,us-ftc-robocall-daily
+18664783342,Robocall,block,3,+18664783342,robocall,1,0,,phone_rule,us-ftc-robocall-daily
+15702404205,Robocall,block,3,+15702404205,robocall,1,0,,phone_rule,us-ftc-robocall-daily
+12283334206,Robocall,block,3,+12283334206,robocall,1,0,,phone_rule,us-ftc-robocall-daily
+19052772562,Robocall,block,3,+19052772562,robocall,1,0,,phone_rule,us-ftc-robocall-daily
+18557934887,Robocall,block,3,+18557934887,robocall,1,0,,phone_rule,us-ftc-robocall-daily
+18609579250,Robocall,block,3,+18609579250,robocall,1,0,,phone_rule,us-ftc-robocall-daily
+12897399105,Robocall,block,3,+12897399105,robocall,1,0,,phone_rule,us-ftc-robocall-daily
+18176167231,Robocall,block,3,+18176167231,robocall,1,0,,phone_rule,us-ftc-robocall-daily
+19038031814,Robocall,block,3,+19038031814,robocall,1,0,,phone_rule,us-ftc-robocall-daily
+18884215855,Robocall,block,3,+18884215855,robocall,1,0,,phone_rule,us-ftc-robocall-daily
+19735480401,Robocall,block,3,+19735480401,robocall,1,0,,phone_rule,us-ftc-robocall-daily
+16053183111,Robocall,block,3,+16053183111,robocall,1,0,,phone_rule,us-ftc-robocall-daily
+17822729408,Robocall,block,3,+17822729408,robocall,1,0,,phone_rule,us-ftc-robocall-daily
+18666812819,Robocall,block,3,+18666812819,robocall,1,0,,phone_rule,us-ftc-robocall-daily
+18048700566,Robocall,block,3,+18048700566,robocall,1,0,,phone_rule,us-ftc-robocall-daily
+18335752592,Robocall,block,3,+18335752592,robocall,1,0,,phone_rule,us-ftc-robocall-daily
+16047483845,Robocall,block,3,+16047483845,robocall,1,0,,phone_rule,us-ftc-robocall-daily
+18339128911,Robocall,block,3,+18339128911,robocall,1,0,,phone_rule,us-ftc-robocall-daily
+18704088720,Robocall,block,3,+18704088720,robocall,1,0,,phone_rule,us-ftc-robocall-daily
+12626289071,Robocall,block,3,+12626289071,robocall,1,0,,phone_rule,us-ftc-robocall-daily
+18554941315,Robocall,block,3,+18554941315,robocall,1,0,,phone_rule,us-ftc-robocall-daily
+12547813140,Robocall,block,3,+12547813140,robocall,1,0,,phone_rule,us-ftc-robocall-daily
+18666549944,Robocall,block,3,+18666549944,robocall,1,0,,phone_rule,us-ftc-robocall-daily
+17377387384,Robocall,block,3,+17377387384,robocall,1,0,,phone_rule,us-ftc-robocall-daily
+18058885427,Robocall,block,3,+18058885427,robocall,1,0,,phone_rule,us-ftc-robocall-daily
+15742560615,Robocall,block,3,+15742560615,robocall,1,0,,phone_rule,us-ftc-robocall-daily
+15183169224,Robocall,block,3,+15183169224,robocall,1,0,,phone_rule,us-ftc-robocall-daily
+18668515611,Robocall,block,3,+18668515611,robocall,1,0,,phone_rule,us-ftc-robocall-daily
+13802347169,Robocall,block,3,+13802347169,robocall,1,0,,phone_rule,us-ftc-robocall-daily
+18262689214,Robocall,block,3,+18262689214,robocall,1,0,,phone_rule,us-ftc-robocall-daily
+15516006918,Robocall,block,3,+15516006918,robocall,1,0,,phone_rule,us-ftc-robocall-daily
+14108342890,Robocall,block,3,+14108342890,robocall,1,0,,phone_rule,us-ftc-robocall-daily
+18623948838,Robocall,block,3,+18623948838,robocall,1,0,,phone_rule,us-ftc-robocall-daily
+18556611824,Robocall,block,3,+18556611824,robocall,1,0,,phone_rule,us-ftc-robocall-daily
+15644445923,Robocall,block,3,+15644445923,robocall,1,0,,phone_rule,us-ftc-robocall-daily
+16014565169,Robocall,block,3,+16014565169,robocall,1,0,,phone_rule,us-ftc-robocall-daily
+12547703484,Robocall,block,3,+12547703484,robocall,1,0,,phone_rule,us-ftc-robocall-daily
+13062449887,Robocall,block,3,+13062449887,robocall,1,0,,phone_rule,us-ftc-robocall-daily
+16788818869,Robocall,block,3,+16788818869,robocall,1,0,,phone_rule,us-ftc-robocall-daily
+18665501799,Robocall,block,3,+18665501799,robocall,1,0,,phone_rule,us-ftc-robocall-daily
+19412923895,Robocall,block,3,+19412923895,robocall,1,0,,phone_rule,us-ftc-robocall-daily
+16202924130,Robocall,block,3,+16202924130,robocall,1,0,,phone_rule,us-ftc-robocall-daily
+18572320212,Robocall,block,3,+18572320212,robocall,1,0,,phone_rule,us-ftc-robocall-daily
+18777203780,Robocall,block,3,+18777203780,robocall,1,0,,phone_rule,us-ftc-robocall-daily
+15704320004,Robocall,block,3,+15704320004,robocall,1,0,,phone_rule,us-ftc-robocall-daily
+14324654799,Robocall,block,3,+14324654799,robocall,1,0,,phone_rule,us-ftc-robocall-daily
+19294633451,Robocall,block,3,+19294633451,robocall,1,0,,phone_rule,us-ftc-robocall-daily
+18334273094,Robocall,block,3,+18334273094,robocall,1,0,,phone_rule,us-ftc-robocall-daily
+17758545401,Robocall,block,3,+17758545401,robocall,1,0,,phone_rule,us-ftc-robocall-daily
+14693261488,Robocall,block,3,+14693261488,robocall,1,0,,phone_rule,us-ftc-robocall-daily
+12154746030,Robocall,block,3,+12154746030,robocall,1,0,,phone_rule,us-ftc-robocall-daily
+19053088842,Robocall,block,3,+19053088842,robocall,1,0,,phone_rule,us-ftc-robocall-daily
+13344427995,Robocall,block,3,+13344427995,robocall,1,0,,phone_rule,us-ftc-robocall-daily
+18884218639,Robocall,block,3,+18884218639,robocall,1,0,,phone_rule,us-ftc-robocall-daily
+12249902928,Robocall,block,3,+12249902928,robocall,1,0,,phone_rule,us-ftc-robocall-daily
+13169995079,Robocall,block,3,+13169995079,robocall,1,0,,phone_rule,us-ftc-robocall-daily
+16397414586,Robocall,block,3,+16397414586,robocall,1,0,,phone_rule,us-ftc-robocall-daily
+16104265010,Robocall,block,3,+16104265010,robocall,1,0,,phone_rule,us-ftc-robocall-daily
+19414323695,Robocall,block,3,+19414323695,robocall,1,0,,phone_rule,us-ftc-robocall-daily
+14078872694,Robocall,block,3,+14078872694,robocall,1,0,,phone_rule,us-ftc-robocall-daily
+16163052942,Robocall,block,3,+16163052942,robocall,1,0,,phone_rule,us-ftc-robocall-daily
+18439546020,Robocall,block,3,+18439546020,robocall,1,0,,phone_rule,us-ftc-robocall-daily
+18333901982,Robocall,block,3,+18333901982,robocall,1,0,,phone_rule,us-ftc-robocall-daily
+19517292497,Robocall,block,3,+19517292497,robocall,1,0,,phone_rule,us-ftc-robocall-daily
+12162479071,Robocall,block,3,+12162479071,robocall,1,0,,phone_rule,us-ftc-robocall-daily
+15302132546,Robocall,block,3,+15302132546,robocall,1,0,,phone_rule,us-ftc-robocall-daily
+15705543928,Robocall,block,3,+15705543928,robocall,1,0,,phone_rule,us-ftc-robocall-daily
+19174805886,Robocall,block,3,+19174805886,robocall,1,0,,phone_rule,us-ftc-robocall-daily
+16046457616,Robocall,block,3,+16046457616,robocall,1,0,,phone_rule,us-ftc-robocall-daily
+16149549734,Robocall,block,3,+16149549734,robocall,1,0,,phone_rule,us-ftc-robocall-daily
+14382339218,Robocall,block,3,+14382339218,robocall,1,0,,phone_rule,us-ftc-robocall-daily
+12342043614,Robocall,block,3,+12342043614,robocall,1,0,,phone_rule,us-ftc-robocall-daily
+18667716750,Robocall,block,3,+18667716750,robocall,1,0,,phone_rule,us-ftc-robocall-daily
+19716064757,Robocall,block,3,+19716064757,robocall,1,0,,phone_rule,us-ftc-robocall-daily
+18289631448,Robocall,block,3,+18289631448,robocall,1,0,,phone_rule,us-ftc-robocall-daily
+18884219167,Robocall,block,3,+18884219167,robocall,1,0,,phone_rule,us-ftc-robocall-daily
+18258899565,Robocall,block,3,+18258899565,robocall,1,0,,phone_rule,us-ftc-robocall-daily
+12163847870,Robocall,block,3,+12163847870,robocall,1,0,,phone_rule,us-ftc-robocall-daily
+16015332076,Robocall,block,3,+16015332076,robocall,1,0,,phone_rule,us-ftc-robocall-daily
+15402023108,Robocall,block,3,+15402023108,robocall,1,0,,phone_rule,us-ftc-robocall-daily
+15305034013,Robocall,block,3,+15305034013,robocall,1,0,,phone_rule,us-ftc-robocall-daily
+18778553417,Robocall,block,3,+18778553417,robocall,1,0,,phone_rule,us-ftc-robocall-daily
+13802484070,Robocall,block,3,+13802484070,robocall,1,0,,phone_rule,us-ftc-robocall-daily
+17863129717,Robocall,block,3,+17863129717,robocall,1,0,,phone_rule,us-ftc-robocall-daily
+12262022411,Robocall,block,3,+12262022411,robocall,1,0,,phone_rule,us-ftc-robocall-daily
+18776183574,Robocall,block,3,+18776183574,robocall,1,0,,phone_rule,us-ftc-robocall-daily
+18338026047,Robocall,block,3,+18338026047,robocall,1,0,,phone_rule,us-ftc-robocall-daily
+18338099770,Robocall,block,3,+18338099770,robocall,1,0,,phone_rule,us-ftc-robocall-daily
+17062084198,Robocall,block,3,+17062084198,robocall,1,0,,phone_rule,us-ftc-robocall-daily
+16232889021,Robocall,block,3,+16232889021,robocall,1,0,,phone_rule,us-ftc-robocall-daily
+17185146269,Robocall,block,3,+17185146269,robocall,1,0,,phone_rule,us-ftc-robocall-daily
+15513889618,Robocall,block,3,+15513889618,robocall,1,0,,phone_rule,us-ftc-robocall-daily
+19494020393,Robocall,block,3,+19494020393,robocall,1,0,,phone_rule,us-ftc-robocall-daily
+17754381723,Robocall,block,3,+17754381723,robocall,1,0,,phone_rule,us-ftc-robocall-daily
+18042868655,Robocall,block,3,+18042868655,robocall,1,0,,phone_rule,us-ftc-robocall-daily
+15018403867,Robocall,block,3,+15018403867,robocall,1,0,,phone_rule,us-ftc-robocall-daily
+18146583329,Robocall,block,3,+18146583329,robocall,1,0,,phone_rule,us-ftc-robocall-daily
+16312030679,Robocall,block,3,+16312030679,robocall,1,0,,phone_rule,us-ftc-robocall-daily
+16033339682,Robocall,block,3,+16033339682,robocall,1,0,,phone_rule,us-ftc-robocall-daily
+19793601768,Robocall,block,3,+19793601768,robocall,1,0,,phone_rule,us-ftc-robocall-daily
+18287222452,Robocall,block,3,+18287222452,robocall,1,0,,phone_rule,us-ftc-robocall-daily
+18338512820,Robocall,block,3,+18338512820,robocall,1,0,,phone_rule,us-ftc-robocall-daily
+16466851634,Robocall,block,3,+16466851634,robocall,1,0,,phone_rule,us-ftc-robocall-daily
+15145748892,Robocall,block,3,+15145748892,robocall,1,0,,phone_rule,us-ftc-robocall-daily
+15514555374,Robocall,block,3,+15514555374,robocall,1,0,,phone_rule,us-ftc-robocall-daily
+13202307845,Robocall,block,3,+13202307845,robocall,1,0,,phone_rule,us-ftc-robocall-daily
+18454488062,Robocall,block,3,+18454488062,robocall,1,0,,phone_rule,us-ftc-robocall-daily
+18149263269,Robocall,block,3,+18149263269,robocall,1,0,,phone_rule,us-ftc-robocall-daily
+13173778571,Robocall,block,3,+13173778571,robocall,1,0,,phone_rule,us-ftc-robocall-daily
+18474122929,Robocall,block,3,+18474122929,robocall,1,0,,phone_rule,us-ftc-robocall-daily
+16597663877,Robocall,block,3,+16597663877,robocall,1,0,,phone_rule,us-ftc-robocall-daily
+16782250113,Robocall,block,3,+16782250113,robocall,1,0,,phone_rule,us-ftc-robocall-daily
+14028624828,Robocall,block,3,+14028624828,robocall,1,0,,phone_rule,us-ftc-robocall-daily
+18454976943,Robocall,block,3,+18454976943,robocall,1,0,,phone_rule,us-ftc-robocall-daily
+18023351372,Robocall,block,3,+18023351372,robocall,1,0,,phone_rule,us-ftc-robocall-daily
+17185822067,Robocall,block,3,+17185822067,robocall,1,0,,phone_rule,us-ftc-robocall-daily
+19738331622,Robocall,block,3,+19738331622,robocall,1,0,,phone_rule,us-ftc-robocall-daily
+18709678659,Robocall,block,3,+18709678659,robocall,1,0,,phone_rule,us-ftc-robocall-daily
+18728189031,Robocall,block,3,+18728189031,robocall,1,0,,phone_rule,us-ftc-robocall-daily
+18775690169,Robocall,block,3,+18775690169,robocall,1,0,,phone_rule,us-ftc-robocall-daily
+14259777144,Robocall,block,3,+14259777144,robocall,1,0,,phone_rule,us-ftc-robocall-daily
+18447920988,Robocall,block,3,+18447920988,robocall,1,0,,phone_rule,us-ftc-robocall-daily
+15706698721,Robocall,block,3,+15706698721,robocall,1,0,,phone_rule,us-ftc-robocall-daily
+16465512321,Robocall,block,3,+16465512321,robocall,1,0,,phone_rule,us-ftc-robocall-daily
+17579422722,Robocall,block,3,+17579422722,robocall,1,0,,phone_rule,us-ftc-robocall-daily
+18335464691,Robocall,block,3,+18335464691,robocall,1,0,,phone_rule,us-ftc-robocall-daily
+18553248874,Robocall,block,3,+18553248874,robocall,1,0,,phone_rule,us-ftc-robocall-daily
+18636990632,Robocall,block,3,+18636990632,robocall,1,0,,phone_rule,us-ftc-robocall-daily
+18664780621,Robocall,block,3,+18664780621,robocall,1,0,,phone_rule,us-ftc-robocall-daily
+15198522561,Robocall,block,3,+15198522561,robocall,1,0,,phone_rule,us-ftc-robocall-daily
+19179794984,Robocall,block,3,+19179794984,robocall,1,0,,phone_rule,us-ftc-robocall-daily
+15023347006,Robocall,block,3,+15023347006,robocall,1,0,,phone_rule,us-ftc-robocall-daily
+15138572292,Robocall,block,3,+15138572292,robocall,1,0,,phone_rule,us-ftc-robocall-daily
+18133417777,Robocall,block,3,+18133417777,robocall,1,0,,phone_rule,us-ftc-robocall-daily
+18665501608,Robocall,block,3,+18665501608,robocall,1,0,,phone_rule,us-ftc-robocall-daily
+12024181122,Robocall,block,3,+12024181122,robocall,1,0,,phone_rule,us-ftc-robocall-daily
+14012340852,Robocall,block,3,+14012340852,robocall,1,0,,phone_rule,us-ftc-robocall-daily
+17279319080,Robocall,block,3,+17279319080,robocall,1,0,,phone_rule,us-ftc-robocall-daily
+18574027824,Robocall,block,3,+18574027824,robocall,1,0,,phone_rule,us-ftc-robocall-daily
+15129847307,Robocall,block,3,+15129847307,robocall,1,0,,phone_rule,us-ftc-robocall-daily
+12029161755,Robocall,block,3,+12029161755,robocall,1,0,,phone_rule,us-ftc-robocall-daily
+18649384673,Robocall,block,3,+18649384673,robocall,1,0,,phone_rule,us-ftc-robocall-daily
+19549498418,Robocall,block,3,+19549498418,robocall,1,0,,phone_rule,us-ftc-robocall-daily
+16147080247,Robocall,block,3,+16147080247,robocall,1,0,,phone_rule,us-ftc-robocall-daily
+18335771453,Robocall,block,3,+18335771453,robocall,1,0,,phone_rule,us-ftc-robocall-daily
+18037973036,Robocall,block,3,+18037973036,robocall,1,0,,phone_rule,us-ftc-robocall-daily
+17722806915,Robocall,block,3,+17722806915,robocall,1,0,,phone_rule,us-ftc-robocall-daily
+18175029832,Robocall,block,3,+18175029832,robocall,1,0,,phone_rule,us-ftc-robocall-daily
+18889122744,Robocall,block,3,+18889122744,robocall,1,0,,phone_rule,us-ftc-robocall-daily
+17274996151,Robocall,block,3,+17274996151,robocall,1,0,,phone_rule,us-ftc-robocall-daily
+18104764452,Robocall,block,3,+18104764452,robocall,1,0,,phone_rule,us-ftc-robocall-daily
+16092054575,Robocall,block,3,+16092054575,robocall,1,0,,phone_rule,us-ftc-robocall-daily
+17574531364,Robocall,block,3,+17574531364,robocall,1,0,,phone_rule,us-ftc-robocall-daily
+12296334136,Robocall,block,3,+12296334136,robocall,1,0,,phone_rule,us-ftc-robocall-daily
+12032458301,Robocall,block,3,+12032458301,robocall,1,0,,phone_rule,us-ftc-robocall-daily
+12233876866,Robocall,block,3,+12233876866,robocall,1,0,,phone_rule,us-ftc-robocall-daily
+18445151643,Robocall,block,3,+18445151643,robocall,1,0,,phone_rule,us-ftc-robocall-daily
+12363432308,Robocall,block,3,+12363432308,robocall,1,0,,phone_rule,us-ftc-robocall-daily
+17273226702,Robocall,block,3,+17273226702,robocall,1,0,,phone_rule,us-ftc-robocall-daily
+14013867071,Robocall,block,3,+14013867071,robocall,1,0,,phone_rule,us-ftc-robocall-daily
+18668478550,Robocall,block,3,+18668478550,robocall,1,0,,phone_rule,us-ftc-robocall-daily
+12513576121,Robocall,block,3,+12513576121,robocall,1,0,,phone_rule,us-ftc-robocall-daily
+18319006262,Robocall,block,3,+18319006262,robocall,1,0,,phone_rule,us-ftc-robocall-daily
+15139952817,Robocall,block,3,+15139952817,robocall,1,0,,phone_rule,us-ftc-robocall-daily
+19703026912,Robocall,block,3,+19703026912,robocall,1,0,,phone_rule,us-ftc-robocall-daily
+19379073742,Robocall,block,3,+19379073742,robocall,1,0,,phone_rule,us-ftc-robocall-daily
+17174026424,Robocall,block,3,+17174026424,robocall,1,0,,phone_rule,us-ftc-robocall-daily
+14073507276,Robocall,block,3,+14073507276,robocall,1,0,,phone_rule,us-ftc-robocall-daily
+16012130932,Robocall,block,3,+16012130932,robocall,1,0,,phone_rule,us-ftc-robocall-daily
+18139159661,Robocall,block,3,+18139159661,robocall,1,0,,phone_rule,us-ftc-robocall-daily
+18337089829,Robocall,block,3,+18337089829,robocall,1,0,,phone_rule,us-ftc-robocall-daily
+12057455568,Robocall,block,3,+12057455568,robocall,1,0,,phone_rule,us-ftc-robocall-daily
+14099463402,Robocall,block,3,+14099463402,robocall,1,0,,phone_rule,us-ftc-robocall-daily
+18624493049,Robocall,block,3,+18624493049,robocall,1,0,,phone_rule,us-ftc-robocall-daily
+17244094713,Robocall,block,3,+17244094713,robocall,1,0,,phone_rule,us-ftc-robocall-daily
+13863437559,Robocall,block,3,+13863437559,robocall,1,0,,phone_rule,us-ftc-robocall-daily
+18108816933,Robocall,block,3,+18108816933,robocall,1,0,,phone_rule,us-ftc-robocall-daily
+16452300080,Robocall,block,3,+16452300080,robocall,1,0,,phone_rule,us-ftc-robocall-daily
+17724689940,Robocall,block,3,+17724689940,robocall,1,0,,phone_rule,us-ftc-robocall-daily
+13656089553,Robocall,block,3,+13656089553,robocall,1,0,,phone_rule,us-ftc-robocall-daily
+13344448105,Robocall,block,3,+13344448105,robocall,1,0,,phone_rule,us-ftc-robocall-daily
+14058090313,Robocall,block,3,+14058090313,robocall,1,0,,phone_rule,us-ftc-robocall-daily
+19167556202,Robocall,block,3,+19167556202,robocall,1,0,,phone_rule,us-ftc-robocall-daily
+13476448964,Robocall,block,3,+13476448964,robocall,1,0,,phone_rule,us-ftc-robocall-daily
+16672999978,Robocall,block,3,+16672999978,robocall,1,0,,phone_rule,us-ftc-robocall-daily
+15735908761,Robocall,block,3,+15735908761,robocall,1,0,,phone_rule,us-ftc-robocall-daily
+13862638076,Robocall,block,3,+13862638076,robocall,1,0,,phone_rule,us-ftc-robocall-daily
+18022088836,Robocall,block,3,+18022088836,robocall,1,0,,phone_rule,us-ftc-robocall-daily
+13866992389,Robocall,block,3,+13866992389,robocall,1,0,,phone_rule,us-ftc-robocall-daily
+16104690937,Robocall,block,3,+16104690937,robocall,1,0,,phone_rule,us-ftc-robocall-daily
+18305870375,Robocall,block,3,+18305870375,robocall,1,0,,phone_rule,us-ftc-robocall-daily
+12352041044,Robocall,block,3,+12352041044,robocall,1,0,,phone_rule,us-ftc-robocall-daily
+18553991935,Robocall,block,3,+18553991935,robocall,1,0,,phone_rule,us-ftc-robocall-daily
+18439316327,Robocall,block,3,+18439316327,robocall,1,0,,phone_rule,us-ftc-robocall-daily
+13178059137,Robocall,block,3,+13178059137,robocall,1,0,,phone_rule,us-ftc-robocall-daily
+16394809193,Robocall,block,3,+16394809193,robocall,1,0,,phone_rule,us-ftc-robocall-daily
+16312038646,Robocall,block,3,+16312038646,robocall,1,0,,phone_rule,us-ftc-robocall-daily
+18392448303,Robocall,block,3,+18392448303,robocall,1,0,,phone_rule,us-ftc-robocall-daily
+12054026141,Robocall,block,3,+12054026141,robocall,1,0,,phone_rule,us-ftc-robocall-daily
+17248659183,Robocall,block,3,+17248659183,robocall,1,0,,phone_rule,us-ftc-robocall-daily
+17184125208,Robocall,block,3,+17184125208,robocall,1,0,,phone_rule,us-ftc-robocall-daily
+19203503146,Robocall,block,3,+19203503146,robocall,1,0,,phone_rule,us-ftc-robocall-daily
+16319666966,Robocall,block,3,+16319666966,robocall,1,0,,phone_rule,us-ftc-robocall-daily
+15182196240,Robocall,block,3,+15182196240,robocall,1,0,,phone_rule,us-ftc-robocall-daily
+14317432108,Robocall,block,3,+14317432108,robocall,1,0,,phone_rule,us-ftc-robocall-daily
+19895786412,Robocall,block,3,+19895786412,robocall,1,0,,phone_rule,us-ftc-robocall-daily
+13149839766,Robocall,block,3,+13149839766,robocall,1,0,,phone_rule,us-ftc-robocall-daily
+16602652208,Robocall,block,3,+16602652208,robocall,1,0,,phone_rule,us-ftc-robocall-daily
+17246164718,Robocall,block,3,+17246164718,robocall,1,0,,phone_rule,us-ftc-robocall-daily
+13322410559,Robocall,block,3,+13322410559,robocall,1,0,,phone_rule,us-ftc-robocall-daily
+14796311064,Robocall,block,3,+14796311064,robocall,1,0,,phone_rule,us-ftc-robocall-daily
+15066992369,Robocall,block,3,+15066992369,robocall,1,0,,phone_rule,us-ftc-robocall-daily
+16604150246,Robocall,block,3,+16604150246,robocall,1,0,,phone_rule,us-ftc-robocall-daily
+18777829750,Robocall,block,3,+18777829750,robocall,1,0,,phone_rule,us-ftc-robocall-daily
+15179000260,Robocall,block,3,+15179000260,robocall,1,0,,phone_rule,us-ftc-robocall-daily
+16603557793,Robocall,block,3,+16603557793,robocall,1,0,,phone_rule,us-ftc-robocall-daily
+13862293844,Robocall,block,3,+13862293844,robocall,1,0,,phone_rule,us-ftc-robocall-daily
+17374161966,Robocall,block,3,+17374161966,robocall,1,0,,phone_rule,us-ftc-robocall-daily
+15167887063,Robocall,block,3,+15167887063,robocall,1,0,,phone_rule,us-ftc-robocall-daily
+17733051716,Robocall,block,3,+17733051716,robocall,1,0,,phone_rule,us-ftc-robocall-daily
+12566570070,Robocall,block,3,+12566570070,robocall,1,0,,phone_rule,us-ftc-robocall-daily
+16609611307,Robocall,block,3,+16609611307,robocall,1,0,,phone_rule,us-ftc-robocall-daily
+14632340794,Robocall,block,3,+14632340794,robocall,1,0,,phone_rule,us-ftc-robocall-daily
+19725566452,Robocall,block,3,+19725566452,robocall,1,0,,phone_rule,us-ftc-robocall-daily
+16316719252,Robocall,block,3,+16316719252,robocall,1,0,,phone_rule,us-ftc-robocall-daily
+15158490366,Robocall,block,3,+15158490366,robocall,1,0,,phone_rule,us-ftc-robocall-daily
+12677911113,Robocall,block,3,+12677911113,robocall,1,0,,phone_rule,us-ftc-robocall-daily
+15025132409,Robocall,block,3,+15025132409,robocall,1,0,,phone_rule,us-ftc-robocall-daily
+18634320971,Robocall,block,3,+18634320971,robocall,1,0,,phone_rule,us-ftc-robocall-daily
+16303383413,Robocall,block,3,+16303383413,robocall,1,0,,phone_rule,us-ftc-robocall-daily
+18739952929,Robocall,block,3,+18739952929,robocall,1,0,,phone_rule,us-ftc-robocall-daily
+17658938592,Robocall,block,3,+17658938592,robocall,1,0,,phone_rule,us-ftc-robocall-daily
+13863761545,Robocall,block,3,+13863761545,robocall,1,0,,phone_rule,us-ftc-robocall-daily
+19177799158,Robocall,block,3,+19177799158,robocall,1,0,,phone_rule,us-ftc-robocall-daily
+14185734231,Robocall,block,3,+14185734231,robocall,1,0,,phone_rule,us-ftc-robocall-daily
+15512679734,Robocall,block,3,+15512679734,robocall,1,0,,phone_rule,us-ftc-robocall-daily
+18884181677,Robocall,block,3,+18884181677,robocall,1,0,,phone_rule,us-ftc-robocall-daily
+17327956542,Robocall,block,3,+17327956542,robocall,1,0,,phone_rule,us-ftc-robocall-daily
+12694219889,Robocall,block,3,+12694219889,robocall,1,0,,phone_rule,us-ftc-robocall-daily
+19207091597,Robocall,block,3,+19207091597,robocall,1,0,,phone_rule,us-ftc-robocall-daily
+12528774337,Robocall,block,3,+12528774337,robocall,1,0,,phone_rule,us-ftc-robocall-daily
+14058279502,Robocall,block,3,+14058279502,robocall,1,0,,phone_rule,us-ftc-robocall-daily
+18882291383,Robocall,block,3,+18882291383,robocall,1,0,,phone_rule,us-ftc-robocall-daily
+17786449847,Robocall,block,3,+17786449847,robocall,1,0,,phone_rule,us-ftc-robocall-daily
+15412011872,Robocall,block,3,+15412011872,robocall,1,0,,phone_rule,us-ftc-robocall-daily
+17652948358,Robocall,block,3,+17652948358,robocall,1,0,,phone_rule,us-ftc-robocall-daily
+15745985196,Robocall,block,3,+15745985196,robocall,1,0,,phone_rule,us-ftc-robocall-daily
+15708636916,Robocall,block,3,+15708636916,robocall,1,0,,phone_rule,us-ftc-robocall-daily
+15028622912,Robocall,block,3,+15028622912,robocall,1,0,,phone_rule,us-ftc-robocall-daily
+18003101094,Robocall,block,3,+18003101094,robocall,1,0,,phone_rule,us-ftc-robocall-daily
+12096458335,Robocall,block,3,+12096458335,robocall,1,0,,phone_rule,us-ftc-robocall-daily
+12317908622,Robocall,block,3,+12317908622,robocall,1,0,,phone_rule,us-ftc-robocall-daily
+14454478372,Robocall,block,3,+14454478372,robocall,1,0,,phone_rule,us-ftc-robocall-daily
+19708071633,Robocall,block,3,+19708071633,robocall,1,0,,phone_rule,us-ftc-robocall-daily
+18574021926,Robocall,block,3,+18574021926,robocall,1,0,,phone_rule,us-ftc-robocall-daily
+18382831365,Robocall,block,3,+18382831365,robocall,1,0,,phone_rule,us-ftc-robocall-daily
+18542073889,Robocall,block,3,+18542073889,robocall,1,0,,phone_rule,us-ftc-robocall-daily
+17728003049,Robocall,block,3,+17728003049,robocall,1,0,,phone_rule,us-ftc-robocall-daily
+15066992343,Robocall,block,3,+15066992343,robocall,1,0,,phone_rule,us-ftc-robocall-daily
+17704286385,Robocall,block,3,+17704286385,robocall,1,0,,phone_rule,us-ftc-robocall-daily
+15743435238,Robocall,block,3,+15743435238,robocall,1,0,,phone_rule,us-ftc-robocall-daily
+15512337992,Robocall,block,3,+15512337992,robocall,1,0,,phone_rule,us-ftc-robocall-daily
+17349920758,Robocall,block,3,+17349920758,robocall,1,0,,phone_rule,us-ftc-robocall-daily
+15702194243,Robocall,block,3,+15702194243,robocall,1,0,,phone_rule,us-ftc-robocall-daily
+14387030541,Robocall,block,3,+14387030541,robocall,1,0,,phone_rule,us-ftc-robocall-daily
+14183240948,Robocall,block,3,+14183240948,robocall,1,0,,phone_rule,us-ftc-robocall-daily
+14144370464,Robocall,block,3,+14144370464,robocall,1,0,,phone_rule,us-ftc-robocall-daily
+13655142188,Robocall,block,3,+13655142188,robocall,1,0,,phone_rule,us-ftc-robocall-daily
+18483712631,Robocall,block,3,+18483712631,robocall,1,0,,phone_rule,us-ftc-robocall-daily
+13858008817,Robocall,block,3,+13858008817,robocall,1,0,,phone_rule,us-ftc-robocall-daily
+15873086141,Robocall,block,3,+15873086141,robocall,1,0,,phone_rule,us-ftc-robocall-daily
+15028677858,Robocall,block,3,+15028677858,robocall,1,0,,phone_rule,us-ftc-robocall-daily
+17045502089,Robocall,block,3,+17045502089,robocall,1,0,,phone_rule,us-ftc-robocall-daily
+14256483182,Robocall,block,3,+14256483182,robocall,1,0,,phone_rule,us-ftc-robocall-daily
+14842518148,Robocall,block,3,+14842518148,robocall,1,0,,phone_rule,us-ftc-robocall-daily
+15156084016,Robocall,block,3,+15156084016,robocall,1,0,,phone_rule,us-ftc-robocall-daily
+12523789764,Robocall,block,3,+12523789764,robocall,1,0,,phone_rule,us-ftc-robocall-daily
+16102735287,Robocall,block,3,+16102735287,robocall,1,0,,phone_rule,us-ftc-robocall-daily
+15312759240,Robocall,block,3,+15312759240,robocall,1,0,,phone_rule,us-ftc-robocall-daily
+19143296833,Robocall,block,3,+19143296833,robocall,1,0,,phone_rule,us-ftc-robocall-daily
+16477906760,Robocall,block,3,+16477906760,robocall,1,0,,phone_rule,us-ftc-robocall-daily
+13852632236,Robocall,block,3,+13852632236,robocall,1,0,,phone_rule,us-ftc-robocall-daily
+12696006966,Robocall,block,3,+12696006966,robocall,1,0,,phone_rule,us-ftc-robocall-daily
+13182166628,Robocall,block,3,+13182166628,robocall,1,0,,phone_rule,us-ftc-robocall-daily
+15156027192,Robocall,block,3,+15156027192,robocall,1,0,,phone_rule,us-ftc-robocall-daily
+15023626103,Robocall,block,3,+15023626103,robocall,1,0,,phone_rule,us-ftc-robocall-daily
+12482766646,Robocall,block,3,+12482766646,robocall,1,0,,phone_rule,us-ftc-robocall-daily
+18574023659,Robocall,block,3,+18574023659,robocall,1,0,,phone_rule,us-ftc-robocall-daily
+12367535499,Robocall,block,3,+12367535499,robocall,1,0,,phone_rule,us-ftc-robocall-daily
+18774336570,Robocall,block,3,+18774336570,robocall,1,0,,phone_rule,us-ftc-robocall-daily
+13144141113,Robocall,block,3,+13144141113,robocall,1,0,,phone_rule,us-ftc-robocall-daily
+19419441729,Robocall,block,3,+19419441729,robocall,1,0,,phone_rule,us-ftc-robocall-daily
+14184004223,Robocall,block,3,+14184004223,robocall,1,0,,phone_rule,us-ftc-robocall-daily
+14028043122,Robocall,block,3,+14028043122,robocall,1,0,,phone_rule,us-ftc-robocall-daily
+18885828333,Robocall,block,3,+18885828333,robocall,1,0,,phone_rule,us-ftc-robocall-daily
+14125249590,Robocall,block,3,+14125249590,robocall,1,0,,phone_rule,us-ftc-robocall-daily
+19206992075,Robocall,block,3,+19206992075,robocall,1,0,,phone_rule,us-ftc-robocall-daily
+19709075118,Robocall,block,3,+19709075118,robocall,1,0,,phone_rule,us-ftc-robocall-daily
+17247985444,Robocall,block,3,+17247985444,robocall,1,0,,phone_rule,us-ftc-robocall-daily
+18774700584,Robocall,block,3,+18774700584,robocall,1,0,,phone_rule,us-ftc-robocall-daily
+18556033286,Robocall,block,3,+18556033286,robocall,1,0,,phone_rule,us-ftc-robocall-daily
+18317771188,Robocall,block,3,+18317771188,robocall,1,0,,phone_rule,us-ftc-robocall-daily
+15018596959,Robocall,block,3,+15018596959,robocall,1,0,,phone_rule,us-ftc-robocall-daily
+18446043799,Robocall,block,3,+18446043799,robocall,1,0,,phone_rule,us-ftc-robocall-daily
+18053342124,Robocall,block,3,+18053342124,robocall,1,0,,phone_rule,us-ftc-robocall-daily
+18656871257,Robocall,block,3,+18656871257,robocall,1,0,,phone_rule,us-ftc-robocall-daily
+18319996860,Robocall,block,3,+18319996860,robocall,1,0,,phone_rule,us-ftc-robocall-daily
+19414991480,Robocall,block,3,+19414991480,robocall,1,0,,phone_rule,us-ftc-robocall-daily
+12087448285,Robocall,block,3,+12087448285,robocall,1,0,,phone_rule,us-ftc-robocall-daily
+17722963488,Robocall,block,3,+17722963488,robocall,1,0,,phone_rule,us-ftc-robocall-daily
+14406843409,Robocall,block,3,+14406843409,robocall,1,0,,phone_rule,us-ftc-robocall-daily
+13866754260,Robocall,block,3,+13866754260,robocall,1,0,,phone_rule,us-ftc-robocall-daily
+18003090301,Robocall,block,3,+18003090301,robocall,1,0,,phone_rule,us-ftc-robocall-daily
+13124495290,Robocall,block,3,+13124495290,robocall,1,0,,phone_rule,us-ftc-robocall-daily
+14425660260,Robocall,block,3,+14425660260,robocall,1,0,,phone_rule,us-ftc-robocall-daily
+14106450914,Robocall,block,3,+14106450914,robocall,1,0,,phone_rule,us-ftc-robocall-daily
+13349985684,Robocall,block,3,+13349985684,robocall,1,0,,phone_rule,us-ftc-robocall-daily
+16623059290,Robocall,block,3,+16623059290,robocall,1,0,,phone_rule,us-ftc-robocall-daily
+15735996130,Robocall,block,3,+15735996130,robocall,1,0,,phone_rule,us-ftc-robocall-daily
+15028624331,Robocall,block,3,+15028624331,robocall,1,0,,phone_rule,us-ftc-robocall-daily
+16313644878,Robocall,block,3,+16313644878,robocall,1,0,,phone_rule,us-ftc-robocall-daily
+19048184144,Robocall,block,3,+19048184144,robocall,1,0,,phone_rule,us-ftc-robocall-daily
+19414991825,Robocall,block,3,+19414991825,robocall,1,0,,phone_rule,us-ftc-robocall-daily
+14302553950,Robocall,block,3,+14302553950,robocall,1,0,,phone_rule,us-ftc-robocall-daily
+14693135145,Robocall,block,3,+14693135145,robocall,1,0,,phone_rule,us-ftc-robocall-daily
+17658885279,Robocall,block,3,+17658885279,robocall,1,0,,phone_rule,us-ftc-robocall-daily
+13612354609,Robocall,block,3,+13612354609,robocall,1,0,,phone_rule,us-ftc-robocall-daily
+16507781045,Robocall,block,3,+16507781045,robocall,1,0,,phone_rule,us-ftc-robocall-daily
+18503612161,Robocall,block,3,+18503612161,robocall,1,0,,phone_rule,us-ftc-robocall-daily
+17722487869,Robocall,block,3,+17722487869,robocall,1,0,,phone_rule,us-ftc-robocall-daily
+15753769131,Robocall,block,3,+15753769131,robocall,1,0,,phone_rule,us-ftc-robocall-daily
+13024812661,Robocall,block,3,+13024812661,robocall,1,0,,phone_rule,us-ftc-robocall-daily
+19367999320,Robocall,block,3,+19367999320,robocall,1,0,,phone_rule,us-ftc-robocall-daily
+18507152936,Robocall,block,3,+18507152936,robocall,1,0,,phone_rule,us-ftc-robocall-daily
+19453262309,Robocall,block,3,+19453262309,robocall,1,0,,phone_rule,us-ftc-robocall-daily
+14845003028,Robocall,block,3,+14845003028,robocall,1,0,,phone_rule,us-ftc-robocall-daily
+19453262215,Robocall,block,3,+19453262215,robocall,1,0,,phone_rule,us-ftc-robocall-daily
+15716671577,Robocall,block,3,+15716671577,robocall,1,0,,phone_rule,us-ftc-robocall-daily
+18555802523,Robocall,block,3,+18555802523,robocall,1,0,,phone_rule,us-ftc-robocall-daily
+18554470122,Robocall,block,3,+18554470122,robocall,1,0,,phone_rule,us-ftc-robocall-daily
+12282878122,Robocall,block,3,+12282878122,robocall,1,0,,phone_rule,us-ftc-robocall-daily
+18663242365,Robocall,block,3,+18663242365,robocall,1,0,,phone_rule,us-ftc-robocall-daily
+13349177163,Robocall,block,3,+13349177163,robocall,1,0,,phone_rule,us-ftc-robocall-daily
+18554940291,Robocall,block,3,+18554940291,robocall,1,0,,phone_rule,us-ftc-robocall-daily
+13124828009,Robocall,block,3,+13124828009,robocall,1,0,,phone_rule,us-ftc-robocall-daily
+16037096078,Robocall,block,3,+16037096078,robocall,1,0,,phone_rule,us-ftc-robocall-daily
+12243106409,Robocall,block,3,+12243106409,robocall,1,0,,phone_rule,us-ftc-robocall-daily
+16622430836,Robocall,block,3,+16622430836,robocall,1,0,,phone_rule,us-ftc-robocall-daily
+12079998736,Robocall,block,3,+12079998736,robocall,1,0,,phone_rule,us-ftc-robocall-daily
+18555802592,Robocall,block,3,+18555802592,robocall,1,0,,phone_rule,us-ftc-robocall-daily
+16302785432,Robocall,block,3,+16302785432,robocall,1,0,,phone_rule,us-ftc-robocall-daily
+18336639281,Robocall,block,3,+18336639281,robocall,1,0,,phone_rule,us-ftc-robocall-daily
+16622675871,Robocall,block,3,+16622675871,robocall,1,0,,phone_rule,us-ftc-robocall-daily
+15414346924,Robocall,block,3,+15414346924,robocall,1,0,,phone_rule,us-ftc-robocall-daily
+16302281633,Robocall,block,3,+16302281633,robocall,1,0,,phone_rule,us-ftc-robocall-daily
+13024813289,Robocall,block,3,+13024813289,robocall,1,0,,phone_rule,us-ftc-robocall-daily
+17165732889,Robocall,block,3,+17165732889,robocall,1,0,,phone_rule,us-ftc-robocall-daily
+16302786327,Robocall,block,3,+16302786327,robocall,1,0,,phone_rule,us-ftc-robocall-daily
+14144370549,Robocall,block,3,+14144370549,robocall,1,0,,phone_rule,us-ftc-robocall-daily
+15207482422,Robocall,block,3,+15207482422,robocall,1,0,,phone_rule,us-ftc-robocall-daily
+18558830484,Robocall,block,3,+18558830484,robocall,1,0,,phone_rule,us-ftc-robocall-daily
+12523977278,Robocall,block,3,+12523977278,robocall,1,0,,phone_rule,us-ftc-robocall-daily
+15392787617,Robocall,block,3,+15392787617,robocall,1,0,,phone_rule,us-ftc-robocall-daily
+13012041371,Robocall,block,3,+13012041371,robocall,1,0,,phone_rule,us-ftc-robocall-daily
+18168395925,Robocall,block,3,+18168395925,robocall,1,0,,phone_rule,us-ftc-robocall-daily
+15066992500,Robocall,block,3,+15066992500,robocall,1,0,,phone_rule,us-ftc-robocall-daily
+12893756921,Robocall,block,3,+12893756921,robocall,1,0,,phone_rule,us-ftc-robocall-daily
+13528999365,Robocall,block,3,+13528999365,robocall,1,0,,phone_rule,us-ftc-robocall-daily
+16203151986,Robocall,block,3,+16203151986,robocall,1,0,,phone_rule,us-ftc-robocall-daily
+19299770175,Robocall,block,3,+19299770175,robocall,1,0,,phone_rule,us-ftc-robocall-daily
+16305473607,Robocall,block,3,+16305473607,robocall,1,0,,phone_rule,us-ftc-robocall-daily
+13143840058,Robocall,block,3,+13143840058,robocall,1,0,,phone_rule,us-ftc-robocall-daily
+18324792236,Robocall,block,3,+18324792236,robocall,1,0,,phone_rule,us-ftc-robocall-daily
+18046675032,Robocall,block,3,+18046675032,robocall,1,0,,phone_rule,us-ftc-robocall-daily
+18667720996,Robocall,block,3,+18667720996,robocall,1,0,,phone_rule,us-ftc-robocall-daily
+14175127674,Robocall,block,3,+14175127674,robocall,1,0,,phone_rule,us-ftc-robocall-daily
+16203079451,Robocall,block,3,+16203079451,robocall,1,0,,phone_rule,us-ftc-robocall-daily
+16462463357,Robocall,block,3,+16462463357,robocall,1,0,,phone_rule,us-ftc-robocall-daily
+18338590555,Robocall,block,3,+18338590555,robocall,1,0,,phone_rule,us-ftc-robocall-daily
+12525425701,Robocall,block,3,+12525425701,robocall,1,0,,phone_rule,us-ftc-robocall-daily
+18509548695,Robocall,block,3,+18509548695,robocall,1,0,,phone_rule,us-ftc-robocall-daily
+16067723746,Robocall,block,3,+16067723746,robocall,1,0,,phone_rule,us-ftc-robocall-daily
+12502450570,Robocall,block,3,+12502450570,robocall,1,0,,phone_rule,us-ftc-robocall-daily
+18447102880,Robocall,block,3,+18447102880,robocall,1,0,,phone_rule,us-ftc-robocall-daily
+18447103076,Robocall,block,3,+18447103076,robocall,1,0,,phone_rule,us-ftc-robocall-daily
+16207177244,Robocall,block,3,+16207177244,robocall,1,0,,phone_rule,us-ftc-robocall-daily
+17069494930,Robocall,block,3,+17069494930,robocall,1,0,,phone_rule,us-ftc-robocall-daily
+12103253642,Robocall,block,3,+12103253642,robocall,1,0,,phone_rule,us-ftc-robocall-daily
+16419230598,Robocall,block,3,+16419230598,robocall,1,0,,phone_rule,us-ftc-robocall-daily
+18329273933,Robocall,block,3,+18329273933,robocall,1,0,,phone_rule,us-ftc-robocall-daily
+15862033332,Robocall,block,3,+15862033332,robocall,1,0,,phone_rule,us-ftc-robocall-daily
+15513880416,Robocall,block,3,+15513880416,robocall,1,0,,phone_rule,us-ftc-robocall-daily
+17754526711,Robocall,block,3,+17754526711,robocall,1,0,,phone_rule,us-ftc-robocall-daily
+12346503811,Robocall,block,3,+12346503811,robocall,1,0,,phone_rule,us-ftc-robocall-daily
+18775460068,Robocall,block,3,+18775460068,robocall,1,0,,phone_rule,us-ftc-robocall-daily
+16419234516,Robocall,block,3,+16419234516,robocall,1,0,,phone_rule,us-ftc-robocall-daily
+16204760017,Robocall,block,3,+16204760017,robocall,1,0,,phone_rule,us-ftc-robocall-daily
+19126198471,Robocall,block,3,+19126198471,robocall,1,0,,phone_rule,us-ftc-robocall-daily
+15206890026,Robocall,block,3,+15206890026,robocall,1,0,,phone_rule,us-ftc-robocall-daily
+16414662000,Robocall,block,3,+16414662000,robocall,1,0,,phone_rule,us-ftc-robocall-daily
+18668318898,Robocall,block,3,+18668318898,robocall,1,0,,phone_rule,us-ftc-robocall-daily
+18783777995,Robocall,block,3,+18783777995,robocall,1,0,,phone_rule,us-ftc-robocall-daily
+18137689569,Robocall,block,3,+18137689569,robocall,1,0,,phone_rule,us-ftc-robocall-daily
+12797666112,Robocall,block,3,+12797666112,robocall,1,0,,phone_rule,us-ftc-robocall-daily
+16203743405,Robocall,block,3,+16203743405,robocall,1,0,,phone_rule,us-ftc-robocall-daily
+12077094753,Robocall,block,3,+12077094753,robocall,1,0,,phone_rule,us-ftc-robocall-daily
+18312371779,Robocall,block,3,+18312371779,robocall,1,0,,phone_rule,us-ftc-robocall-daily
+18607030370,Robocall,block,3,+18607030370,robocall,1,0,,phone_rule,us-ftc-robocall-daily
+13862613266,Robocall,block,3,+13862613266,robocall,1,0,,phone_rule,us-ftc-robocall-daily
+18332846360,Robocall,block,3,+18332846360,robocall,1,0,,phone_rule,us-ftc-robocall-daily
+17312005794,Robocall,block,3,+17312005794,robocall,1,0,,phone_rule,us-ftc-robocall-daily
+18334568600,Robocall,block,3,+18334568600,robocall,1,0,,phone_rule,us-ftc-robocall-daily
+18443973744,Robocall,block,3,+18443973744,robocall,1,0,,phone_rule,us-ftc-robocall-daily
+13195127951,Robocall,block,3,+13195127951,robocall,1,0,,phone_rule,us-ftc-robocall-daily
+15048429939,Robocall,block,3,+15048429939,robocall,1,0,,phone_rule,us-ftc-robocall-daily
+16205064285,Robocall,block,3,+16205064285,robocall,1,0,,phone_rule,us-ftc-robocall-daily
+18663415762,Robocall,block,3,+18663415762,robocall,1,0,,phone_rule,us-ftc-robocall-daily
+12248290514,Robocall,block,3,+12248290514,robocall,1,0,,phone_rule,us-ftc-robocall-daily
+19036083809,Robocall,block,3,+19036083809,robocall,1,0,,phone_rule,us-ftc-robocall-daily
+16466018490,Robocall,block,3,+16466018490,robocall,1,0,,phone_rule,us-ftc-robocall-daily
+16416846686,Robocall,block,3,+16416846686,robocall,1,0,,phone_rule,us-ftc-robocall-daily
+16823572877,Robocall,block,3,+16823572877,robocall,1,0,,phone_rule,us-ftc-robocall-daily
+13868321373,Robocall,block,3,+13868321373,robocall,1,0,,phone_rule,us-ftc-robocall-daily
+14632006361,Robocall,block,3,+14632006361,robocall,1,0,,phone_rule,us-ftc-robocall-daily
+17312005856,Robocall,block,3,+17312005856,robocall,1,0,,phone_rule,us-ftc-robocall-daily
+18003201501,Robocall,block,3,+18003201501,robocall,1,0,,phone_rule,us-ftc-robocall-daily
+15143745585,Robocall,block,3,+15143745585,robocall,1,0,,phone_rule,us-ftc-robocall-daily
+15188192176,Robocall,block,3,+15188192176,robocall,1,0,,phone_rule,us-ftc-robocall-daily
+14782470896,Robocall,block,3,+14782470896,robocall,1,0,,phone_rule,us-ftc-robocall-daily
+16206447570,Robocall,block,3,+16206447570,robocall,1,0,,phone_rule,us-ftc-robocall-daily
+19492991296,Robocall,block,3,+19492991296,robocall,1,0,,phone_rule,us-ftc-robocall-daily
+18103686520,Robocall,block,3,+18103686520,robocall,1,0,,phone_rule,us-ftc-robocall-daily
+12403682719,Robocall,block,3,+12403682719,robocall,1,0,,phone_rule,us-ftc-robocall-daily
+19706593607,Robocall,block,3,+19706593607,robocall,1,0,,phone_rule,us-ftc-robocall-daily
+19049778230,Robocall,block,3,+19049778230,robocall,1,0,,phone_rule,us-ftc-robocall-daily
+17069552301,Robocall,block,3,+17069552301,robocall,1,0,,phone_rule,us-ftc-robocall-daily
+18444213205,Robocall,block,3,+18444213205,robocall,1,0,,phone_rule,us-ftc-robocall-daily
+18889664372,Robocall,block,3,+18889664372,robocall,1,0,,phone_rule,us-ftc-robocall-daily
+16205452477,Robocall,block,3,+16205452477,robocall,1,0,,phone_rule,us-ftc-robocall-daily
+18002952085,Robocall,block,3,+18002952085,robocall,1,0,,phone_rule,us-ftc-robocall-daily
+13176188871,Robocall,block,3,+13176188871,robocall,1,0,,phone_rule,us-ftc-robocall-daily
+18508357148,Robocall,block,3,+18508357148,robocall,1,0,,phone_rule,us-ftc-robocall-daily
+18778708367,Robocall,block,3,+18778708367,robocall,1,0,,phone_rule,us-ftc-robocall-daily
+14049178528,Robocall,block,3,+14049178528,robocall,1,0,,phone_rule,us-ftc-robocall-daily
+17312005793,Robocall,block,3,+17312005793,robocall,1,0,,phone_rule,us-ftc-robocall-daily
+19183248229,Robocall,block,3,+19183248229,robocall,1,0,,phone_rule,us-ftc-robocall-daily
+14352444963,Robocall,block,3,+14352444963,robocall,1,0,,phone_rule,us-ftc-robocall-daily
+13178005326,Robocall,block,3,+13178005326,robocall,1,0,,phone_rule,us-ftc-robocall-daily
+18884217219,Robocall,block,3,+18884217219,robocall,1,0,,phone_rule,us-ftc-robocall-daily
+15136246377,Robocall,block,3,+15136246377,robocall,1,0,,phone_rule,us-ftc-robocall-daily
+17204734028,Robocall,block,3,+17204734028,robocall,1,0,,phone_rule,us-ftc-robocall-daily
+12179444276,Robocall,block,3,+12179444276,robocall,1,0,,phone_rule,us-ftc-robocall-daily
+18889041714,Robocall,block,3,+18889041714,robocall,1,0,,phone_rule,us-ftc-robocall-daily
+17408713370,Robocall,block,3,+17408713370,robocall,1,0,,phone_rule,us-ftc-robocall-daily
+12299295571,Robocall,block,3,+12299295571,robocall,1,0,,phone_rule,us-ftc-robocall-daily
+14783766186,Robocall,block,3,+14783766186,robocall,1,0,,phone_rule,us-ftc-robocall-daily
+18446043354,Robocall,block,3,+18446043354,robocall,1,0,,phone_rule,us-ftc-robocall-daily
+19498056056,Robocall,block,3,+19498056056,robocall,1,0,,phone_rule,us-ftc-robocall-daily
+13365596818,Robocall,block,3,+13365596818,robocall,1,0,,phone_rule,us-ftc-robocall-daily
+18447920062,Robocall,block,3,+18447920062,robocall,1,0,,phone_rule,us-ftc-robocall-daily
+18009807390,Robocall,block,3,+18009807390,robocall,1,0,,phone_rule,us-ftc-robocall-daily
+17813435145,Robocall,block,3,+17813435145,robocall,1,0,,phone_rule,us-ftc-robocall-daily
+16303661916,Robocall,block,3,+16303661916,robocall,1,0,,phone_rule,us-ftc-robocall-daily
+18446043198,Robocall,block,3,+18446043198,robocall,1,0,,phone_rule,us-ftc-robocall-daily
+19376421040,Robocall,block,3,+19376421040,robocall,1,0,,phone_rule,us-ftc-robocall-daily
+13174639467,Robocall,block,3,+13174639467,robocall,1,0,,phone_rule,us-ftc-robocall-daily
+13863553050,Robocall,block,3,+13863553050,robocall,1,0,,phone_rule,us-ftc-robocall-daily
+18334273167,Robocall,block,3,+18334273167,robocall,1,0,,phone_rule,us-ftc-robocall-daily
+15597445360,Robocall,block,3,+15597445360,robocall,1,0,,phone_rule,us-ftc-robocall-daily
+17075044957,Robocall,block,3,+17075044957,robocall,1,0,,phone_rule,us-ftc-robocall-daily
+16017811012,Robocall,block,3,+16017811012,robocall,1,0,,phone_rule,us-ftc-robocall-daily
+18335754128,Robocall,block,3,+18335754128,robocall,1,0,,phone_rule,us-ftc-robocall-daily
+18885391387,Robocall,block,3,+18885391387,robocall,1,0,,phone_rule,us-ftc-robocall-daily
+15745422962,Robocall,block,3,+15745422962,robocall,1,0,,phone_rule,us-ftc-robocall-daily
+17422456678,Robocall,block,3,+17422456678,robocall,1,0,,phone_rule,us-ftc-robocall-daily
+17183037699,Robocall,block,3,+17183037699,robocall,1,0,,phone_rule,us-ftc-robocall-daily
+14783220299,Robocall,block,3,+14783220299,robocall,1,0,,phone_rule,us-ftc-robocall-daily
+18884218460,Robocall,block,3,+18884218460,robocall,1,0,,phone_rule,us-ftc-robocall-daily
+12294845592,Robocall,block,3,+12294845592,robocall,1,0,,phone_rule,us-ftc-robocall-daily
+17432868616,Robocall,block,3,+17432868616,robocall,1,0,,phone_rule,us-ftc-robocall-daily
+17577865181,Robocall,block,3,+17577865181,robocall,1,0,,phone_rule,us-ftc-robocall-daily
+15183151432,Robocall,block,3,+15183151432,robocall,1,0,,phone_rule,us-ftc-robocall-daily
+18554942153,Robocall,block,3,+18554942153,robocall,1,0,,phone_rule,us-ftc-robocall-daily
+17652647925,Robocall,block,3,+17652647925,robocall,1,0,,phone_rule,us-ftc-robocall-daily
+18775805116,Robocall,block,3,+18775805116,robocall,1,0,,phone_rule,us-ftc-robocall-daily
+16176025746,Robocall,block,3,+16176025746,robocall,1,0,,phone_rule,us-ftc-robocall-daily
+17349293861,Robocall,block,3,+17349293861,robocall,1,0,,phone_rule,us-ftc-robocall-daily
+13149374697,Robocall,block,3,+13149374697,robocall,1,0,,phone_rule,us-ftc-robocall-daily
+15418096218,Robocall,block,3,+15418096218,robocall,1,0,,phone_rule,us-ftc-robocall-daily
+18445493107,Robocall,block,3,+18445493107,robocall,1,0,,phone_rule,us-ftc-robocall-daily
+16095968827,Robocall,block,3,+16095968827,robocall,1,0,,phone_rule,us-ftc-robocall-daily
+12029780869,Robocall,block,3,+12029780869,robocall,1,0,,phone_rule,us-ftc-robocall-daily
+17032939451,Robocall,block,3,+17032939451,robocall,1,0,,phone_rule,us-ftc-robocall-daily
+12524296636,Robocall,block,3,+12524296636,robocall,1,0,,phone_rule,us-ftc-robocall-daily
+13699991123,Robocall,block,3,+13699991123,robocall,1,0,,phone_rule,us-ftc-robocall-daily
+12172040567,Robocall,block,3,+12172040567,robocall,1,0,,phone_rule,us-ftc-robocall-daily
+17653978616,Robocall,block,3,+17653978616,robocall,1,0,,phone_rule,us-ftc-robocall-daily
+12143427134,Robocall,block,3,+12143427134,robocall,1,0,,phone_rule,us-ftc-robocall-daily
+17204219116,Robocall,block,3,+17204219116,robocall,1,0,,phone_rule,us-ftc-robocall-daily
+18553712077,Robocall,block,3,+18553712077,robocall,1,0,,phone_rule,us-ftc-robocall-daily
+14356272028,Robocall,block,3,+14356272028,robocall,1,0,,phone_rule,us-ftc-robocall-daily
+17098589597,Robocall,block,3,+17098589597,robocall,1,0,,phone_rule,us-ftc-robocall-daily
+18394323867,Robocall,block,3,+18394323867,robocall,1,0,,phone_rule,us-ftc-robocall-daily
+14065368992,Robocall,block,3,+14065368992,robocall,1,0,,phone_rule,us-ftc-robocall-daily
+18332410100,Robocall,block,3,+18332410100,robocall,1,0,,phone_rule,us-ftc-robocall-daily
+13174276210,Robocall,block,3,+13174276210,robocall,1,0,,phone_rule,us-ftc-robocall-daily
+16202249831,Robocall,block,3,+16202249831,robocall,1,0,,phone_rule,us-ftc-robocall-daily
+12023819928,Robocall,block,3,+12023819928,robocall,1,0,,phone_rule,us-ftc-robocall-daily
+12138680394,Robocall,block,3,+12138680394,robocall,1,0,,phone_rule,us-ftc-robocall-daily
+19285921738,Robocall,block,3,+19285921738,robocall,1,0,,phone_rule,us-ftc-robocall-daily
+12173540556,Robocall,block,3,+12173540556,robocall,1,0,,phone_rule,us-ftc-robocall-daily
+15512397082,Robocall,block,3,+15512397082,robocall,1,0,,phone_rule,us-ftc-robocall-daily
+13177547876,Robocall,block,3,+13177547876,robocall,1,0,,phone_rule,us-ftc-robocall-daily
+12269605160,Robocall,block,3,+12269605160,robocall,1,0,,phone_rule,us-ftc-robocall-daily
+13175518324,Robocall,block,3,+13175518324,robocall,1,0,,phone_rule,us-ftc-robocall-daily
+19295320019,Robocall,block,3,+19295320019,robocall,1,0,,phone_rule,us-ftc-robocall-daily
+12029897017,Robocall,block,3,+12029897017,robocall,1,0,,phone_rule,us-ftc-robocall-daily
+14062653011,Robocall,block,3,+14062653011,robocall,1,0,,phone_rule,us-ftc-robocall-daily
+13034389903,Robocall,block,3,+13034389903,robocall,1,0,,phone_rule,us-ftc-robocall-daily
+17869808078,Robocall,block,3,+17869808078,robocall,1,0,,phone_rule,us-ftc-robocall-daily
+16802008641,Robocall,block,3,+16802008641,robocall,1,0,,phone_rule,us-ftc-robocall-daily
+13172065202,Robocall,block,3,+13172065202,robocall,1,0,,phone_rule,us-ftc-robocall-daily
+14323212034,Robocall,block,3,+14323212034,robocall,1,0,,phone_rule,us-ftc-robocall-daily
+19709824657,Robocall,block,3,+19709824657,robocall,1,0,,phone_rule,us-ftc-robocall-daily
+13039930341,Robocall,block,3,+13039930341,robocall,1,0,,phone_rule,us-ftc-robocall-daily
+18723636393,Robocall,block,3,+18723636393,robocall,1,0,,phone_rule,us-ftc-robocall-daily
+13037809278,Robocall,block,3,+13037809278,robocall,1,0,,phone_rule,us-ftc-robocall-daily
+13172065269,Robocall,block,3,+13172065269,robocall,1,0,,phone_rule,us-ftc-robocall-daily
+18447921092,Robocall,block,3,+18447921092,robocall,1,0,,phone_rule,us-ftc-robocall-daily
+15174439563,Robocall,block,3,+15174439563,robocall,1,0,,phone_rule,us-ftc-robocall-daily
+13869463141,Robocall,block,3,+13869463141,robocall,1,0,,phone_rule,us-ftc-robocall-daily
+17249810731,Robocall,block,3,+17249810731,robocall,1,0,,phone_rule,us-ftc-robocall-daily
+13467586311,Robocall,block,3,+13467586311,robocall,1,0,,phone_rule,us-ftc-robocall-daily
+13172065313,Robocall,block,3,+13172065313,robocall,1,0,,phone_rule,us-ftc-robocall-daily
+18327216639,Robocall,block,3,+18327216639,robocall,1,0,,phone_rule,us-ftc-robocall-daily
+14699021274,Robocall,block,3,+14699021274,robocall,1,0,,phone_rule,us-ftc-robocall-daily
+15129911261,Robocall,block,3,+15129911261,robocall,1,0,,phone_rule,us-ftc-robocall-daily
+18182141228,Robocall,block,3,+18182141228,robocall,1,0,,phone_rule,us-ftc-robocall-daily
+18775902839,Robocall,block,3,+18775902839,robocall,1,0,,phone_rule,us-ftc-robocall-daily
+18103534082,Robocall,block,3,+18103534082,robocall,1,0,,phone_rule,us-ftc-robocall-daily
+15206573024,Robocall,block,3,+15206573024,robocall,1,0,,phone_rule,us-ftc-robocall-daily
+17728776420,Robocall,block,3,+17728776420,robocall,1,0,,phone_rule,us-ftc-robocall-daily
+18885052183,Robocall,block,3,+18885052183,robocall,1,0,,phone_rule,us-ftc-robocall-daily
+15208272179,Robocall,block,3,+15208272179,robocall,1,0,,phone_rule,us-ftc-robocall-daily
+13032198807,Robocall,block,3,+13032198807,robocall,1,0,,phone_rule,us-ftc-robocall-daily
+16178293576,Robocall,block,3,+16178293576,robocall,1,0,,phone_rule,us-ftc-robocall-daily
+14848503226,Robocall,block,3,+14848503226,robocall,1,0,,phone_rule,us-ftc-robocall-daily
+13128012253,Robocall,block,3,+13128012253,robocall,1,0,,phone_rule,us-ftc-robocall-daily
+19258001614,Robocall,block,3,+19258001614,robocall,1,0,,phone_rule,us-ftc-robocall-daily
+15162598789,Robocall,block,3,+15162598789,robocall,1,0,,phone_rule,us-ftc-robocall-daily
+12812380318,Robocall,block,3,+12812380318,robocall,1,0,,phone_rule,us-ftc-robocall-daily
+18335750512,Robocall,block,3,+18335750512,robocall,1,0,,phone_rule,us-ftc-robocall-daily
+17404087060,Robocall,block,3,+17404087060,robocall,1,0,,phone_rule,us-ftc-robocall-daily
+19095885875,Robocall,block,3,+19095885875,robocall,1,0,,phone_rule,us-ftc-robocall-daily
+18334271551,Robocall,block,3,+18334271551,robocall,1,0,,phone_rule,us-ftc-robocall-daily
+12057782973,Robocall,block,3,+12057782973,robocall,1,0,,phone_rule,us-ftc-robocall-daily
+12814538770,Robocall,block,3,+12814538770,robocall,1,0,,phone_rule,us-ftc-robocall-daily
+18727999230,Robocall,block,3,+18727999230,robocall,1,0,,phone_rule,us-ftc-robocall-daily
+14313301542,Robocall,block,3,+14313301542,robocall,1,0,,phone_rule,us-ftc-robocall-daily
+18156335684,Robocall,block,3,+18156335684,robocall,1,0,,phone_rule,us-ftc-robocall-daily
+12024984582,Robocall,block,3,+12024984582,robocall,1,0,,phone_rule,us-ftc-robocall-daily
+13863550753,Robocall,block,3,+13863550753,robocall,1,0,,phone_rule,us-ftc-robocall-daily
+16506301514,Robocall,block,3,+16506301514,robocall,1,0,,phone_rule,us-ftc-robocall-daily
+12097732585,Robocall,block,3,+12097732585,robocall,1,0,,phone_rule,us-ftc-robocall-daily
+16146558589,Robocall,block,3,+16146558589,robocall,1,0,,phone_rule,us-ftc-robocall-daily
+18168670193,Robocall,block,3,+18168670193,robocall,1,0,,phone_rule,us-ftc-robocall-daily
+12058147387,Robocall,block,3,+12058147387,robocall,1,0,,phone_rule,us-ftc-robocall-daily
+14783242838,Robocall,block,3,+14783242838,robocall,1,0,,phone_rule,us-ftc-robocall-daily
+15038292292,Robocall,block,3,+15038292292,robocall,1,0,,phone_rule,us-ftc-robocall-daily
+12816905459,Robocall,block,3,+12816905459,robocall,1,0,,phone_rule,us-ftc-robocall-daily
+13162393933,Robocall,block,3,+13162393933,robocall,1,0,,phone_rule,us-ftc-robocall-daily
+18505884075,Robocall,block,3,+18505884075,robocall,1,0,,phone_rule,us-ftc-robocall-daily
+18335754087,Robocall,block,3,+18335754087,robocall,1,0,,phone_rule,us-ftc-robocall-daily
+16202211245,Robocall,block,3,+16202211245,robocall,1,0,,phone_rule,us-ftc-robocall-daily
+13074745304,Robocall,block,3,+13074745304,robocall,1,0,,phone_rule,us-ftc-robocall-daily
+14644004047,Robocall,block,3,+14644004047,robocall,1,0,,phone_rule,us-ftc-robocall-daily
+15123809339,Robocall,block,3,+15123809339,robocall,1,0,,phone_rule,us-ftc-robocall-daily
+16088177553,Robocall,block,3,+16088177553,robocall,1,0,,phone_rule,us-ftc-robocall-daily
+13025521366,Robocall,block,3,+13025521366,robocall,1,0,,phone_rule,us-ftc-robocall-daily
+18509172427,Robocall,block,3,+18509172427,robocall,1,0,,phone_rule,us-ftc-robocall-daily
+18334274608,Robocall,block,3,+18334274608,robocall,1,0,,phone_rule,us-ftc-robocall-daily
+16163843241,Robocall,block,3,+16163843241,robocall,1,0,,phone_rule,us-ftc-robocall-daily
+12818855803,Robocall,block,3,+12818855803,robocall,1,0,,phone_rule,us-ftc-robocall-daily
+16408379141,Robocall,block,3,+16408379141,robocall,1,0,,phone_rule,us-ftc-robocall-daily
+12122636695,Robocall,block,3,+12122636695,robocall,1,0,,phone_rule,us-ftc-robocall-daily
+12193609628,Robocall,block,3,+12193609628,robocall,1,0,,phone_rule,us-ftc-robocall-daily
+16504901283,Robocall,block,3,+16504901283,robocall,1,0,,phone_rule,us-ftc-robocall-daily
+19014022289,Robocall,block,3,+19014022289,robocall,1,0,,phone_rule,us-ftc-robocall-daily
+12056876312,Robocall,block,3,+12056876312,robocall,1,0,,phone_rule,us-ftc-robocall-daily
+13678035023,Robocall,block,3,+13678035023,robocall,1,0,,phone_rule,us-ftc-robocall-daily
+19285580553,Robocall,block,3,+19285580553,robocall,1,0,,phone_rule,us-ftc-robocall-daily
+12488310055,Robocall,block,3,+12488310055,robocall,1,0,,phone_rule,us-ftc-robocall-daily
+13072645229,Robocall,block,3,+13072645229,robocall,1,0,,phone_rule,us-ftc-robocall-daily
+15703006164,Robocall,block,3,+15703006164,robocall,1,0,,phone_rule,us-ftc-robocall-daily
+18336413295,Robocall,block,3,+18336413295,robocall,1,0,,phone_rule,us-ftc-robocall-daily
+17142774108,Robocall,block,3,+17142774108,robocall,1,0,,phone_rule,us-ftc-robocall-daily
+17165635617,Robocall,block,3,+17165635617,robocall,1,0,,phone_rule,us-ftc-robocall-daily
+12509894838,Robocall,block,3,+12509894838,robocall,1,0,,phone_rule,us-ftc-robocall-daily
+12793007008,Robocall,block,3,+12793007008,robocall,1,0,,phone_rule,us-ftc-robocall-daily
+12488741142,Robocall,block,3,+12488741142,robocall,1,0,,phone_rule,us-ftc-robocall-daily
+14387030760,Robocall,block,3,+14387030760,robocall,1,0,,phone_rule,us-ftc-robocall-daily
+12814621577,Robocall,block,3,+12814621577,robocall,1,0,,phone_rule,us-ftc-robocall-daily
+18178559555,Robocall,block,3,+18178559555,robocall,1,0,,phone_rule,us-ftc-robocall-daily
+18102544528,Robocall,block,3,+18102544528,robocall,1,0,,phone_rule,us-ftc-robocall-daily
+15023349575,Robocall,block,3,+15023349575,robocall,1,0,,phone_rule,us-ftc-robocall-daily
+14708379358,Robocall,block,3,+14708379358,robocall,1,0,,phone_rule,us-ftc-robocall-daily
+18333718248,Robocall,block,3,+18333718248,robocall,1,0,,phone_rule,us-ftc-robocall-daily
+18154209986,Robocall,block,3,+18154209986,robocall,1,0,,phone_rule,us-ftc-robocall-daily
+16176754444,Robocall,block,3,+16176754444,robocall,1,0,,phone_rule,us-ftc-robocall-daily
+19049926787,Robocall,block,3,+19049926787,robocall,1,0,,phone_rule,us-ftc-robocall-daily
+14783087776,Robocall,block,3,+14783087776,robocall,1,0,,phone_rule,us-ftc-robocall-daily
+18456135547,Robocall,block,3,+18456135547,robocall,1,0,,phone_rule,us-ftc-robocall-daily
+18334496556,Robocall,block,3,+18334496556,robocall,1,0,,phone_rule,us-ftc-robocall-daily
+19045221961,Robocall,block,3,+19045221961,robocall,1,0,,phone_rule,us-ftc-robocall-daily
+13526049951,Robocall,block,3,+13526049951,robocall,1,0,,phone_rule,us-ftc-robocall-daily
+13093011579,Robocall,block,3,+13093011579,robocall,1,0,,phone_rule,us-ftc-robocall-daily
+16785050244,Robocall,block,3,+16785050244,robocall,1,0,,phone_rule,us-ftc-robocall-daily
+13807100428,Robocall,block,3,+13807100428,robocall,1,0,,phone_rule,us-ftc-robocall-daily
+15028799672,Robocall,block,3,+15028799672,robocall,1,0,,phone_rule,us-ftc-robocall-daily
+12192020559,Robocall,block,3,+12192020559,robocall,1,0,,phone_rule,us-ftc-robocall-daily
+12508920422,Robocall,block,3,+12508920422,robocall,1,0,,phone_rule,us-ftc-robocall-daily
+18553572243,Robocall,block,3,+18553572243,robocall,1,0,,phone_rule,us-ftc-robocall-daily
+14135244655,Robocall,block,3,+14135244655,robocall,1,0,,phone_rule,us-ftc-robocall-daily
+14842048845,Robocall,block,3,+14842048845,robocall,1,0,,phone_rule,us-ftc-robocall-daily
+12709090079,Robocall,block,3,+12709090079,robocall,1,0,,phone_rule,us-ftc-robocall-daily
+18435858952,Robocall,block,3,+18435858952,robocall,1,0,,phone_rule,us-ftc-robocall-daily
+12194137811,Robocall,block,3,+12194137811,robocall,1,0,,phone_rule,us-ftc-robocall-daily
+16018122305,Robocall,block,3,+16018122305,robocall,1,0,,phone_rule,us-ftc-robocall-daily
+12703456389,Robocall,block,3,+12703456389,robocall,1,0,,phone_rule,us-ftc-robocall-daily
+12246988840,Robocall,block,3,+12246988840,robocall,1,0,,phone_rule,us-ftc-robocall-daily
+16518673401,Robocall,block,3,+16518673401,robocall,1,0,,phone_rule,us-ftc-robocall-daily
+14785695648,Robocall,block,3,+14785695648,robocall,1,0,,phone_rule,us-ftc-robocall-daily
+13347663717,Robocall,block,3,+13347663717,robocall,1,0,,phone_rule,us-ftc-robocall-daily
+19843919618,Robocall,block,3,+19843919618,robocall,1,0,,phone_rule,us-ftc-robocall-daily
+19846666305,Robocall,block,3,+19846666305,robocall,1,0,,phone_rule,us-ftc-robocall-daily
+17243868119,Robocall,block,3,+17243868119,robocall,1,0,,phone_rule,us-ftc-robocall-daily
+18553204912,Robocall,block,3,+18553204912,robocall,1,0,,phone_rule,us-ftc-robocall-daily
+18777882876,Robocall,block,3,+18777882876,robocall,1,0,,phone_rule,us-ftc-robocall-daily
+16602142694,Robocall,block,3,+16602142694,robocall,1,0,,phone_rule,us-ftc-robocall-daily
+16672025885,Robocall,block,3,+16672025885,robocall,1,0,,phone_rule,us-ftc-robocall-daily
+17693567492,Robocall,block,3,+17693567492,robocall,1,0,,phone_rule,us-ftc-robocall-daily
+14388490119,Robocall,block,3,+14388490119,robocall,1,0,,phone_rule,us-ftc-robocall-daily
+16315185160,Robocall,block,3,+16315185160,robocall,1,0,,phone_rule,us-ftc-robocall-daily
+13465999929,Robocall,block,3,+13465999929,robocall,1,0,,phone_rule,us-ftc-robocall-daily
+16402987955,Robocall,block,3,+16402987955,robocall,1,0,,phone_rule,us-ftc-robocall-daily
+13032279014,Robocall,block,3,+13032279014,robocall,1,0,,phone_rule,us-ftc-robocall-daily
+14318364200,Robocall,block,3,+14318364200,robocall,1,0,,phone_rule,us-ftc-robocall-daily
+12409394380,Robocall,block,3,+12409394380,robocall,1,0,,phone_rule,us-ftc-robocall-daily
+18433524206,Robocall,block,3,+18433524206,robocall,1,0,,phone_rule,us-ftc-robocall-daily
+12064019607,Robocall,block,3,+12064019607,robocall,1,0,,phone_rule,us-ftc-robocall-daily
+14123570746,Robocall,block,3,+14123570746,robocall,1,0,,phone_rule,us-ftc-robocall-daily
+17727837197,Robocall,block,3,+17727837197,robocall,1,0,,phone_rule,us-ftc-robocall-daily
+18559940424,Robocall,block,3,+18559940424,robocall,1,0,,phone_rule,us-ftc-robocall-daily
+12024387953,Robocall,block,3,+12024387953,robocall,1,0,,phone_rule,us-ftc-robocall-daily
+17803708884,Robocall,block,3,+17803708884,robocall,1,0,,phone_rule,us-ftc-robocall-daily
+17257054352,Robocall,block,3,+17257054352,robocall,1,0,,phone_rule,us-ftc-robocall-daily
+17637067067,Robocall,block,3,+17637067067,robocall,1,0,,phone_rule,us-ftc-robocall-daily
+18138222946,Robocall,block,3,+18138222946,robocall,1,0,,phone_rule,us-ftc-robocall-daily
+15203086597,Robocall,block,3,+15203086597,robocall,1,0,,phone_rule,us-ftc-robocall-daily
+15723333024,Robocall,block,3,+15723333024,robocall,1,0,,phone_rule,us-ftc-robocall-daily
+16364290289,Robocall,block,3,+16364290289,robocall,1,0,,phone_rule,us-ftc-robocall-daily
+19046854399,Robocall,block,3,+19046854399,robocall,1,0,,phone_rule,us-ftc-robocall-daily
+19419421371,Robocall,block,3,+19419421371,robocall,1,0,,phone_rule,us-ftc-robocall-daily
+17578157073,Robocall,block,3,+17578157073,robocall,1,0,,phone_rule,us-ftc-robocall-daily
+14782921260,Robocall,block,3,+14782921260,robocall,1,0,,phone_rule,us-ftc-robocall-daily
+14754474866,Robocall,block,3,+14754474866,robocall,1,0,,phone_rule,us-ftc-robocall-daily
+15703955290,Robocall,block,3,+15703955290,robocall,1,0,,phone_rule,us-ftc-robocall-daily
+15205856944,Robocall,block,3,+15205856944,robocall,1,0,,phone_rule,us-ftc-robocall-daily
+18323038348,Robocall,block,3,+18323038348,robocall,1,0,,phone_rule,us-ftc-robocall-daily
+12814061721,Robocall,block,3,+12814061721,robocall,1,0,,phone_rule,us-ftc-robocall-daily
+18665503635,Robocall,block,3,+18665503635,robocall,1,0,,phone_rule,us-ftc-robocall-daily
+17797038588,Robocall,block,3,+17797038588,robocall,1,0,,phone_rule,us-ftc-robocall-daily
+17704305520,Robocall,block,3,+17704305520,robocall,1,0,,phone_rule,us-ftc-robocall-daily
+12672399298,Robocall,block,3,+12672399298,robocall,1,0,,phone_rule,us-ftc-robocall-daily
+15599339306,Robocall,block,3,+15599339306,robocall,1,0,,phone_rule,us-ftc-robocall-daily
+17144525267,Robocall,block,3,+17144525267,robocall,1,0,,phone_rule,us-ftc-robocall-daily
+18162080215,Robocall,block,3,+18162080215,robocall,1,0,,phone_rule,us-ftc-robocall-daily
+18039215492,Robocall,block,3,+18039215492,robocall,1,0,,phone_rule,us-ftc-robocall-daily
+15092709308,Robocall,block,3,+15092709308,robocall,1,0,,phone_rule,us-ftc-robocall-daily
+12294007449,Robocall,block,3,+12294007449,robocall,1,0,,phone_rule,us-ftc-robocall-daily
+18195124370,Robocall,block,3,+18195124370,robocall,1,0,,phone_rule,us-ftc-robocall-daily
+12268463578,Robocall,block,3,+12268463578,robocall,1,0,,phone_rule,us-ftc-robocall-daily
+16784418363,Robocall,block,3,+16784418363,robocall,1,0,,phone_rule,us-ftc-robocall-daily
+19725472700,Robocall,block,3,+19725472700,robocall,1,0,,phone_rule,us-ftc-robocall-daily
+19283909655,Robocall,block,3,+19283909655,robocall,1,0,,phone_rule,us-ftc-robocall-daily
+16514574525,Robocall,block,3,+16514574525,robocall,1,0,,phone_rule,us-ftc-robocall-daily
+17723480666,Robocall,block,3,+17723480666,robocall,1,0,,phone_rule,us-ftc-robocall-daily
+18167894539,Robocall,block,3,+18167894539,robocall,1,0,,phone_rule,us-ftc-robocall-daily
+15155888931,Robocall,block,3,+15155888931,robocall,1,0,,phone_rule,us-ftc-robocall-daily
+16139604252,Robocall,block,3,+16139604252,robocall,1,0,,phone_rule,us-ftc-robocall-daily
+16616515339,Robocall,block,3,+16616515339,robocall,1,0,,phone_rule,us-ftc-robocall-daily
+18033172847,Robocall,block,3,+18033172847,robocall,1,0,,phone_rule,us-ftc-robocall-daily
+18708689595,Robocall,block,3,+18708689595,robocall,1,0,,phone_rule,us-ftc-robocall-daily
+15167748365,Robocall,block,3,+15167748365,robocall,1,0,,phone_rule,us-ftc-robocall-daily
+15725000891,Robocall,block,3,+15725000891,robocall,1,0,,phone_rule,us-ftc-robocall-daily
+15139731950,Robocall,block,3,+15139731950,robocall,1,0,,phone_rule,us-ftc-robocall-daily
+14588541006,Robocall,block,3,+14588541006,robocall,1,0,,phone_rule,us-ftc-robocall-daily
+18036785215,Robocall,block,3,+18036785215,robocall,1,0,,phone_rule,us-ftc-robocall-daily
+12049078917,Robocall,block,3,+12049078917,robocall,1,0,,phone_rule,us-ftc-robocall-daily
+16093047420,Robocall,block,3,+16093047420,robocall,1,0,,phone_rule,us-ftc-robocall-daily
+19169158262,Robocall,block,3,+19169158262,robocall,1,0,,phone_rule,us-ftc-robocall-daily
+13168887970,Robocall,block,3,+13168887970,robocall,1,0,,phone_rule,us-ftc-robocall-daily
+14092241371,Robocall,block,3,+14092241371,robocall,1,0,,phone_rule,us-ftc-robocall-daily
+14383384435,Robocall,block,3,+14383384435,robocall,1,0,,phone_rule,us-ftc-robocall-daily
+14104321026,Robocall,block,3,+14104321026,robocall,1,0,,phone_rule,us-ftc-robocall-daily
+18064222821,Robocall,block,3,+18064222821,robocall,1,0,,phone_rule,us-ftc-robocall-daily
+17029196469,Robocall,block,3,+17029196469,robocall,1,0,,phone_rule,us-ftc-robocall-daily
+14237610496,Robocall,block,3,+14237610496,robocall,1,0,,phone_rule,us-ftc-robocall-daily
+19149150088,Robocall,block,3,+19149150088,robocall,1,0,,phone_rule,us-ftc-robocall-daily
+18773913648,Robocall,block,3,+18773913648,robocall,1,0,,phone_rule,us-ftc-robocall-daily
+17829982483,Robocall,block,3,+17829982483,robocall,1,0,,phone_rule,us-ftc-robocall-daily
+17247035385,Robocall,block,3,+17247035385,robocall,1,0,,phone_rule,us-ftc-robocall-daily
+16393354067,Robocall,block,3,+16393354067,robocall,1,0,,phone_rule,us-ftc-robocall-daily
+18124074075,Robocall,block,3,+18124074075,robocall,1,0,,phone_rule,us-ftc-robocall-daily
+16892171497,Robocall,block,3,+16892171497,robocall,1,0,,phone_rule,us-ftc-robocall-daily
+18446043754,Robocall,block,3,+18446043754,robocall,1,0,,phone_rule,us-ftc-robocall-daily
+17032023711,Robocall,block,3,+17032023711,robocall,1,0,,phone_rule,us-ftc-robocall-daily
+17022687048,Robocall,block,3,+17022687048,robocall,1,0,,phone_rule,us-ftc-robocall-daily
+18607845479,Robocall,block,3,+18607845479,robocall,1,0,,phone_rule,us-ftc-robocall-daily
+17162099754,Robocall,block,3,+17162099754,robocall,1,0,,phone_rule,us-ftc-robocall-daily
+14787588143,Robocall,block,3,+14787588143,robocall,1,0,,phone_rule,us-ftc-robocall-daily
+18633064430,Robocall,block,3,+18633064430,robocall,1,0,,phone_rule,us-ftc-robocall-daily
+19482229589,Robocall,block,3,+19482229589,robocall,1,0,,phone_rule,us-ftc-robocall-daily
+17023448429,Robocall,block,3,+17023448429,robocall,1,0,,phone_rule,us-ftc-robocall-daily
+16303494876,Robocall,block,3,+16303494876,robocall,1,0,,phone_rule,us-ftc-robocall-daily
+19374042278,Robocall,block,3,+19374042278,robocall,1,0,,phone_rule,us-ftc-robocall-daily
+14387030702,Robocall,block,3,+14387030702,robocall,1,0,,phone_rule,us-ftc-robocall-daily
+14234818383,Robocall,block,3,+14234818383,robocall,1,0,,phone_rule,us-ftc-robocall-daily
+18198072894,Robocall,block,3,+18198072894,robocall,1,0,,phone_rule,us-ftc-robocall-daily
+18335675716,Robocall,block,3,+18335675716,robocall,1,0,,phone_rule,us-ftc-robocall-daily
+17028191758,Robocall,block,3,+17028191758,robocall,1,0,,phone_rule,us-ftc-robocall-daily
+13126051756,Robocall,block,3,+13126051756,robocall,1,0,,phone_rule,us-ftc-robocall-daily
+18775812740,Robocall,block,3,+18775812740,robocall,1,0,,phone_rule,us-ftc-robocall-daily
+18665503672,Robocall,block,3,+18665503672,robocall,1,0,,phone_rule,us-ftc-robocall-daily
+13434331012,Robocall,block,3,+13434331012,robocall,1,0,,phone_rule,us-ftc-robocall-daily
+13169460105,Robocall,block,3,+13169460105,robocall,1,0,,phone_rule,us-ftc-robocall-daily
+18262179473,Robocall,block,3,+18262179473,robocall,1,0,,phone_rule,us-ftc-robocall-daily
+17738314655,Robocall,block,3,+17738314655,robocall,1,0,,phone_rule,us-ftc-robocall-daily
+18032720425,Robocall,block,3,+18032720425,robocall,1,0,,phone_rule,us-ftc-robocall-daily
+13469086740,Robocall,block,3,+13469086740,robocall,1,0,,phone_rule,us-ftc-robocall-daily
+19412560616,Robocall,block,3,+19412560616,robocall,1,0,,phone_rule,us-ftc-robocall-daily
+18664782571,Robocall,block,3,+18664782571,robocall,1,0,,phone_rule,us-ftc-robocall-daily
+18164430526,Robocall,block,3,+18164430526,robocall,1,0,,phone_rule,us-ftc-robocall-daily
+13125855952,Robocall,block,3,+13125855952,robocall,1,0,,phone_rule,us-ftc-robocall-daily
+13463866722,Robocall,block,3,+13463866722,robocall,1,0,,phone_rule,us-ftc-robocall-daily
+18447102960,Robocall,block,3,+18447102960,robocall,1,0,,phone_rule,us-ftc-robocall-daily
+18555201937,Robocall,block,3,+18555201937,robocall,1,0,,phone_rule,us-ftc-robocall-daily
+14405311525,Robocall,block,3,+14405311525,robocall,1,0,,phone_rule,us-ftc-robocall-daily
+18452872976,Robocall,block,3,+18452872976,robocall,1,0,,phone_rule,us-ftc-robocall-daily
+18447921104,Robocall,block,3,+18447921104,robocall,1,0,,phone_rule,us-ftc-robocall-daily
+18722915990,Robocall,block,3,+18722915990,robocall,1,0,,phone_rule,us-ftc-robocall-daily
+13038736272,Robocall,block,3,+13038736272,robocall,1,0,,phone_rule,us-ftc-robocall-daily
+12543483128,Robocall,block,3,+12543483128,robocall,1,0,,phone_rule,us-ftc-robocall-daily
+15023512741,Robocall,block,3,+15023512741,robocall,1,0,,phone_rule,us-ftc-robocall-daily
+12024604244,Robocall,block,3,+12024604244,robocall,1,0,,phone_rule,us-ftc-robocall-daily
+13155259431,Robocall,block,3,+13155259431,robocall,1,0,,phone_rule,us-ftc-robocall-daily
+15856769039,Robocall,block,3,+15856769039,robocall,1,0,,phone_rule,us-ftc-robocall-daily
+13373073127,Robocall,block,3,+13373073127,robocall,1,0,,phone_rule,us-ftc-robocall-daily
+12408738698,Robocall,block,3,+12408738698,robocall,1,0,,phone_rule,us-ftc-robocall-daily
+15024800445,Robocall,block,3,+15024800445,robocall,1,0,,phone_rule,us-ftc-robocall-daily
+18447921149,Robocall,block,3,+18447921149,robocall,1,0,,phone_rule,us-ftc-robocall-daily
+18663205530,Robocall,block,3,+18663205530,robocall,1,0,,phone_rule,us-ftc-robocall-daily
+18509859561,Robocall,block,3,+18509859561,robocall,1,0,,phone_rule,us-ftc-robocall-daily
+17752458475,Robocall,block,3,+17752458475,robocall,1,0,,phone_rule,us-ftc-robocall-daily
+18554040815,Robocall,block,3,+18554040815,robocall,1,0,,phone_rule,us-ftc-robocall-daily
+18554942156,Robocall,block,3,+18554942156,robocall,1,0,,phone_rule,us-ftc-robocall-daily
+15012245030,Robocall,block,3,+15012245030,robocall,1,0,,phone_rule,us-ftc-robocall-daily
+14013350591,Robocall,block,3,+14013350591,robocall,1,0,,phone_rule,us-ftc-robocall-daily
+16476178938,Robocall,block,3,+16476178938,robocall,1,0,,phone_rule,us-ftc-robocall-daily
+18042278391,Robocall,block,3,+18042278391,robocall,1,0,,phone_rule,us-ftc-robocall-daily
+18723241544,Robocall,block,3,+18723241544,robocall,1,0,,phone_rule,us-ftc-robocall-daily
+16893028785,Robocall,block,3,+16893028785,robocall,1,0,,phone_rule,us-ftc-robocall-daily
+16789411488,Robocall,block,3,+16789411488,robocall,1,0,,phone_rule,us-ftc-robocall-daily
+14193626569,Robocall,block,3,+14193626569,robocall,1,0,,phone_rule,us-ftc-robocall-daily
+17373222480,Robocall,block,3,+17373222480,robocall,1,0,,phone_rule,us-ftc-robocall-daily
+17636393921,Robocall,block,3,+17636393921,robocall,1,0,,phone_rule,us-ftc-robocall-daily
+17032107299,Robocall,block,3,+17032107299,robocall,1,0,,phone_rule,us-ftc-robocall-daily
+19034592646,Robocall,block,3,+19034592646,robocall,1,0,,phone_rule,us-ftc-robocall-daily
+18483045897,Robocall,block,3,+18483045897,robocall,1,0,,phone_rule,us-ftc-robocall-daily
+18175829502,Robocall,block,3,+18175829502,robocall,1,0,,phone_rule,us-ftc-robocall-daily
+17373960389,Robocall,block,3,+17373960389,robocall,1,0,,phone_rule,us-ftc-robocall-daily
+18282325974,Robocall,block,3,+18282325974,robocall,1,0,,phone_rule,us-ftc-robocall-daily
+17862707504,Robocall,block,3,+17862707504,robocall,1,0,,phone_rule,us-ftc-robocall-daily
+15757375990,Robocall,block,3,+15757375990,robocall,1,0,,phone_rule,us-ftc-robocall-daily
+13127307348,Robocall,block,3,+13127307348,robocall,1,0,,phone_rule,us-ftc-robocall-daily
+12107576123,Robocall,block,3,+12107576123,robocall,1,0,,phone_rule,us-ftc-robocall-daily
+18773258084,Robocall,block,3,+18773258084,robocall,1,0,,phone_rule,us-ftc-robocall-daily
+18883839731,Robocall,block,3,+18883839731,robocall,1,0,,phone_rule,us-ftc-robocall-daily
+19725347216,Robocall,block,3,+19725347216,robocall,1,0,,phone_rule,us-ftc-robocall-daily
+19714790873,Robocall,block,3,+19714790873,robocall,1,0,,phone_rule,us-ftc-robocall-daily
+13147480370,Robocall,block,3,+13147480370,robocall,1,0,,phone_rule,us-ftc-robocall-daily
+14136012279,Robocall,block,3,+14136012279,robocall,1,0,,phone_rule,us-ftc-robocall-daily
+19032871920,Robocall,block,3,+19032871920,robocall,1,0,,phone_rule,us-ftc-robocall-daily
+17082943165,Robocall,block,3,+17082943165,robocall,1,0,,phone_rule,us-ftc-robocall-daily
+18773173726,Robocall,block,3,+18773173726,robocall,1,0,,phone_rule,us-ftc-robocall-daily
+18772071273,Robocall,block,3,+18772071273,robocall,1,0,,phone_rule,us-ftc-robocall-daily
+12543247994,Robocall,block,3,+12543247994,robocall,1,0,,phone_rule,us-ftc-robocall-daily
+15617109201,Robocall,block,3,+15617109201,robocall,1,0,,phone_rule,us-ftc-robocall-daily
+16893003945,Robocall,block,3,+16893003945,robocall,1,0,,phone_rule,us-ftc-robocall-daily
+18883102158,Robocall,block,3,+18883102158,robocall,1,0,,phone_rule,us-ftc-robocall-daily
+18606063946,Robocall,block,3,+18606063946,robocall,1,0,,phone_rule,us-ftc-robocall-daily
+19489006927,Robocall,block,3,+19489006927,robocall,1,0,,phone_rule,us-ftc-robocall-daily
+13037881573,Robocall,block,3,+13037881573,robocall,1,0,,phone_rule,us-ftc-robocall-daily
+18773493294,Robocall,block,3,+18773493294,robocall,1,0,,phone_rule,us-ftc-robocall-daily
+19738321990,Robocall,block,3,+19738321990,robocall,1,0,,phone_rule,us-ftc-robocall-daily
+16813333226,Robocall,block,3,+16813333226,robocall,1,0,,phone_rule,us-ftc-robocall-daily
+14097617631,Robocall,block,3,+14097617631,robocall,1,0,,phone_rule,us-ftc-robocall-daily
+14782955568,Robocall,block,3,+14782955568,robocall,1,0,,phone_rule,us-ftc-robocall-daily
+14013854840,Robocall,block,3,+14013854840,robocall,1,0,,phone_rule,us-ftc-robocall-daily
+19103359438,Robocall,block,3,+19103359438,robocall,1,0,,phone_rule,us-ftc-robocall-daily
+13605058780,Robocall,block,3,+13605058780,robocall,1,0,,phone_rule,us-ftc-robocall-daily
+18145694922,Robocall,block,3,+18145694922,robocall,1,0,,phone_rule,us-ftc-robocall-daily
+18772490214,Robocall,block,3,+18772490214,robocall,1,0,,phone_rule,us-ftc-robocall-daily
+18656852076,Robocall,block,3,+18656852076,robocall,1,0,,phone_rule,us-ftc-robocall-daily
+15636440316,Robocall,block,3,+15636440316,robocall,1,0,,phone_rule,us-ftc-robocall-daily
+15618346801,Robocall,block,3,+15618346801,robocall,1,0,,phone_rule,us-ftc-robocall-daily
+18103192783,Robocall,block,3,+18103192783,robocall,1,0,,phone_rule,us-ftc-robocall-daily
+15752824787,Robocall,block,3,+15752824787,robocall,1,0,,phone_rule,us-ftc-robocall-daily
+14692703570,Robocall,block,3,+14692703570,robocall,1,0,,phone_rule,us-ftc-robocall-daily
+14013852599,Robocall,block,3,+14013852599,robocall,1,0,,phone_rule,us-ftc-robocall-daily
+15855591803,Robocall,block,3,+15855591803,robocall,1,0,,phone_rule,us-ftc-robocall-daily
+19209338048,Robocall,block,3,+19209338048,robocall,1,0,,phone_rule,us-ftc-robocall-daily
+19565917179,Robocall,block,3,+19565917179,robocall,1,0,,phone_rule,us-ftc-robocall-daily
+18149954877,Robocall,block,3,+18149954877,robocall,1,0,,phone_rule,us-ftc-robocall-daily
+17745487325,Robocall,block,3,+17745487325,robocall,1,0,,phone_rule,us-ftc-robocall-daily
+13148975598,Robocall,block,3,+13148975598,robocall,1,0,,phone_rule,us-ftc-robocall-daily
+16096905757,Robocall,block,3,+16096905757,robocall,1,0,,phone_rule,us-ftc-robocall-daily
+19452948980,Robocall,block,3,+19452948980,robocall,1,0,,phone_rule,us-ftc-robocall-daily
+13126268681,Robocall,block,3,+13126268681,robocall,1,0,,phone_rule,us-ftc-robocall-daily
+14352553752,Robocall,block,3,+14352553752,robocall,1,0,,phone_rule,us-ftc-robocall-daily
+12568278329,Robocall,block,3,+12568278329,robocall,1,0,,phone_rule,us-ftc-robocall-daily
+12345888362,Robocall,block,3,+12345888362,robocall,1,0,,phone_rule,us-ftc-robocall-daily
+14437317130,Robocall,block,3,+14437317130,robocall,1,0,,phone_rule,us-ftc-robocall-daily
+18017868618,Robocall,block,3,+18017868618,robocall,1,0,,phone_rule,us-ftc-robocall-daily
+15757370510,Robocall,block,3,+15757370510,robocall,1,0,,phone_rule,us-ftc-robocall-daily
+18667716940,Robocall,block,3,+18667716940,robocall,1,0,,phone_rule,us-ftc-robocall-daily
+17815316268,Robocall,block,3,+17815316268,robocall,1,0,,phone_rule,us-ftc-robocall-daily
+12293032600,Robocall,block,3,+12293032600,robocall,1,0,,phone_rule,us-ftc-robocall-daily
+18154433410,Robocall,block,3,+18154433410,robocall,1,0,,phone_rule,us-ftc-robocall-daily
+18666811196,Robocall,block,3,+18666811196,robocall,1,0,,phone_rule,us-ftc-robocall-daily
+12562430876,Robocall,block,3,+12562430876,robocall,1,0,,phone_rule,us-ftc-robocall-daily
+17577740319,Robocall,block,3,+17577740319,robocall,1,0,,phone_rule,us-ftc-robocall-daily
+16095594070,Robocall,block,3,+16095594070,robocall,1,0,,phone_rule,us-ftc-robocall-daily
+19432743396,Robocall,block,3,+19432743396,robocall,1,0,,phone_rule,us-ftc-robocall-daily
+19302050031,Robocall,block,3,+19302050031,robocall,1,0,,phone_rule,us-ftc-robocall-daily
+13346178284,Robocall,block,3,+13346178284,robocall,1,0,,phone_rule,us-ftc-robocall-daily
+17058300877,Robocall,block,3,+17058300877,robocall,1,0,,phone_rule,us-ftc-robocall-daily
+13093064896,Robocall,block,3,+13093064896,robocall,1,0,,phone_rule,us-ftc-robocall-daily
+15024536230,Robocall,block,3,+15024536230,robocall,1,0,,phone_rule,us-ftc-robocall-daily
+18153626668,Robocall,block,3,+18153626668,robocall,1,0,,phone_rule,us-ftc-robocall-daily
+18133172809,Robocall,block,3,+18133172809,robocall,1,0,,phone_rule,us-ftc-robocall-daily
+13469137230,Robocall,block,3,+13469137230,robocall,1,0,,phone_rule,us-ftc-robocall-daily
+17248178167,Robocall,block,3,+17248178167,robocall,1,0,,phone_rule,us-ftc-robocall-daily
+15718779782,Robocall,block,3,+15718779782,robocall,1,0,,phone_rule,us-ftc-robocall-daily
+12073048568,Robocall,block,3,+12073048568,robocall,1,0,,phone_rule,us-ftc-robocall-daily
+15757373353,Robocall,block,3,+15757373353,robocall,1,0,,phone_rule,us-ftc-robocall-daily
+16232072162,Robocall,block,3,+16232072162,robocall,1,0,,phone_rule,us-ftc-robocall-daily
+12817862029,Robocall,block,3,+12817862029,robocall,1,0,,phone_rule,us-ftc-robocall-daily
+18555802387,Robocall,block,3,+18555802387,robocall,1,0,,phone_rule,us-ftc-robocall-daily
+16164004071,Robocall,block,3,+16164004071,robocall,1,0,,phone_rule,us-ftc-robocall-daily
+18127259809,Robocall,block,3,+18127259809,robocall,1,0,,phone_rule,us-ftc-robocall-daily
+18154433785,Robocall,block,3,+18154433785,robocall,1,0,,phone_rule,us-ftc-robocall-daily
+18289202828,Robocall,block,3,+18289202828,robocall,1,0,,phone_rule,us-ftc-robocall-daily
+18455077940,Robocall,block,3,+18455077940,robocall,1,0,,phone_rule,us-ftc-robocall-daily
+18505832809,Robocall,block,3,+18505832809,robocall,1,0,,phone_rule,us-ftc-robocall-daily
+17097530649,Robocall,block,3,+17097530649,robocall,1,0,,phone_rule,us-ftc-robocall-daily
+12698041278,Robocall,block,3,+12698041278,robocall,1,0,,phone_rule,us-ftc-robocall-daily
+12818034345,Robocall,block,3,+12818034345,robocall,1,0,,phone_rule,us-ftc-robocall-daily
+15303593539,Robocall,block,3,+15303593539,robocall,1,0,,phone_rule,us-ftc-robocall-daily
+18568180863,Robocall,block,3,+18568180863,robocall,1,0,,phone_rule,us-ftc-robocall-daily
+18138225662,Robocall,block,3,+18138225662,robocall,1,0,,phone_rule,us-ftc-robocall-daily
+18123473286,Robocall,block,3,+18123473286,robocall,1,0,,phone_rule,us-ftc-robocall-daily
+17575449490,Robocall,block,3,+17575449490,robocall,1,0,,phone_rule,us-ftc-robocall-daily
+12814190190,Robocall,block,3,+12814190190,robocall,1,0,,phone_rule,us-ftc-robocall-daily
+18153626433,Robocall,block,3,+18153626433,robocall,1,0,,phone_rule,us-ftc-robocall-daily
+19103079170,Robocall,block,3,+19103079170,robocall,1,0,,phone_rule,us-ftc-robocall-daily
+18666813044,Robocall,block,3,+18666813044,robocall,1,0,,phone_rule,us-ftc-robocall-daily
+13019179142,Robocall,block,3,+13019179142,robocall,1,0,,phone_rule,us-ftc-robocall-daily
+18603900897,Robocall,block,3,+18603900897,robocall,1,0,,phone_rule,us-ftc-robocall-daily
+12818879632,Robocall,block,3,+12818879632,robocall,1,0,,phone_rule,us-ftc-robocall-daily
+15713664423,Robocall,block,3,+15713664423,robocall,1,0,,phone_rule,us-ftc-robocall-daily
+17036657888,Robocall,block,3,+17036657888,robocall,1,0,,phone_rule,us-ftc-robocall-daily
+13149444556,Robocall,block,3,+13149444556,robocall,1,0,,phone_rule,us-ftc-robocall-daily
+17083810798,Robocall,block,3,+17083810798,robocall,1,0,,phone_rule,us-ftc-robocall-daily
+12209466833,Robocall,block,3,+12209466833,robocall,1,0,,phone_rule,us-ftc-robocall-daily
+14782394778,Robocall,block,3,+14782394778,robocall,1,0,,phone_rule,us-ftc-robocall-daily
+18125121538,Robocall,block,3,+18125121538,robocall,1,0,,phone_rule,us-ftc-robocall-daily
+19494310390,Robocall,block,3,+19494310390,robocall,1,0,,phone_rule,us-ftc-robocall-daily
+18574021914,Robocall,block,3,+18574021914,robocall,1,0,,phone_rule,us-ftc-robocall-daily
+12813408765,Robocall,block,3,+12813408765,robocall,1,0,,phone_rule,us-ftc-robocall-daily
+16185018517,Robocall,block,3,+16185018517,robocall,1,0,,phone_rule,us-ftc-robocall-daily
+18889047507,Robocall,block,3,+18889047507,robocall,1,0,,phone_rule,us-ftc-robocall-daily
+15025165121,Robocall,block,3,+15025165121,robocall,1,0,,phone_rule,us-ftc-robocall-daily
+19514200995,Robocall,block,3,+19514200995,robocall,1,0,,phone_rule,us-ftc-robocall-daily
+19727505111,Robocall,block,3,+19727505111,robocall,1,0,,phone_rule,us-ftc-robocall-daily
+12815321986,Robocall,block,3,+12815321986,robocall,1,0,,phone_rule,us-ftc-robocall-daily
+18123831780,Robocall,block,3,+18123831780,robocall,1,0,,phone_rule,us-ftc-robocall-daily
+18776300351,Robocall,block,3,+18776300351,robocall,1,0,,phone_rule,us-ftc-robocall-daily
+19807284483,Robocall,block,3,+19807284483,robocall,1,0,,phone_rule,us-ftc-robocall-daily
+16615524590,Robocall,block,3,+16615524590,robocall,1,0,,phone_rule,us-ftc-robocall-daily
+14783812626,Robocall,block,3,+14783812626,robocall,1,0,,phone_rule,us-ftc-robocall-daily
+18553415066,Robocall,block,3,+18553415066,robocall,1,0,,phone_rule,us-ftc-robocall-daily
+13656978932,Robocall,block,3,+13656978932,robocall,1,0,,phone_rule,us-ftc-robocall-daily
+17733498186,Robocall,block,3,+17733498186,robocall,1,0,,phone_rule,us-ftc-robocall-daily
+15757288426,Robocall,block,3,+15757288426,robocall,1,0,,phone_rule,us-ftc-robocall-daily
+12813952888,Robocall,block,3,+12813952888,robocall,1,0,,phone_rule,us-ftc-robocall-daily
+14198901820,Robocall,block,3,+14198901820,robocall,1,0,,phone_rule,us-ftc-robocall-daily
+18889044889,Robocall,block,3,+18889044889,robocall,1,0,,phone_rule,us-ftc-robocall-daily
+18666810653,Robocall,block,3,+18666810653,robocall,1,0,,phone_rule,us-ftc-robocall-daily
+12814041516,Robocall,block,3,+12814041516,robocall,1,0,,phone_rule,us-ftc-robocall-daily
+18442015025,Robocall,block,3,+18442015025,robocall,1,0,,phone_rule,us-ftc-robocall-daily
+12317748340,Robocall,block,3,+12317748340,robocall,1,0,,phone_rule,us-ftc-robocall-daily
+12722721626,Robocall,block,3,+12722721626,robocall,1,0,,phone_rule,us-ftc-robocall-daily
+17869987774,Robocall,block,3,+17869987774,robocall,1,0,,phone_rule,us-ftc-robocall-daily
+12812036009,Robocall,block,3,+12812036009,robocall,1,0,,phone_rule,us-ftc-robocall-daily
+18452872620,Robocall,block,3,+18452872620,robocall,1,0,,phone_rule,us-ftc-robocall-daily
+18045529232,Robocall,block,3,+18045529232,robocall,1,0,,phone_rule,us-ftc-robocall-daily
+18555104386,Robocall,block,3,+18555104386,robocall,1,0,,phone_rule,us-ftc-robocall-daily
+15202091880,Robocall,block,3,+15202091880,robocall,1,0,,phone_rule,us-ftc-robocall-daily
+17073246682,Robocall,block,3,+17073246682,robocall,1,0,,phone_rule,us-ftc-robocall-daily
+12813038987,Robocall,block,3,+12813038987,robocall,1,0,,phone_rule,us-ftc-robocall-daily
+19294439257,Robocall,block,3,+19294439257,robocall,1,0,,phone_rule,us-ftc-robocall-daily
+12817085797,Robocall,block,3,+12817085797,robocall,1,0,,phone_rule,us-ftc-robocall-daily
+19838748743,Robocall,block,3,+19838748743,robocall,1,0,,phone_rule,us-ftc-robocall-daily
+14787235709,Robocall,block,3,+14787235709,robocall,1,0,,phone_rule,us-ftc-robocall-daily
+12817682162,Robocall,block,3,+12817682162,robocall,1,0,,phone_rule,us-ftc-robocall-daily
+13308597277,Robocall,block,3,+13308597277,robocall,1,0,,phone_rule,us-ftc-robocall-daily
+18056952379,Robocall,block,3,+18056952379,robocall,1,0,,phone_rule,us-ftc-robocall-daily
+15147311760,Robocall,block,3,+15147311760,robocall,1,0,,phone_rule,us-ftc-robocall-daily
+12109622773,Robocall,block,3,+12109622773,robocall,1,0,,phone_rule,us-ftc-robocall-daily
+12813350804,Robocall,block,3,+12813350804,robocall,1,0,,phone_rule,us-ftc-robocall-daily
+18778681764,Robocall,block,3,+18778681764,robocall,1,0,,phone_rule,us-ftc-robocall-daily
+18665502969,Robocall,block,3,+18665502969,robocall,1,0,,phone_rule,us-ftc-robocall-daily
+19514097775,Robocall,block,3,+19514097775,robocall,1,0,,phone_rule,us-ftc-robocall-daily
+14033653550,Robocall,block,3,+14033653550,robocall,1,0,,phone_rule,us-ftc-robocall-daily
+18435876407,Robocall,block,3,+18435876407,robocall,1,0,,phone_rule,us-ftc-robocall-daily
+13236880524,Robocall,block,3,+13236880524,robocall,1,0,,phone_rule,us-ftc-robocall-daily
+12814665996,Robocall,block,3,+12814665996,robocall,1,0,,phone_rule,us-ftc-robocall-daily
+14194427827,Robocall,block,3,+14194427827,robocall,1,0,,phone_rule,us-ftc-robocall-daily
+14753754310,Robocall,block,3,+14753754310,robocall,1,0,,phone_rule,us-ftc-robocall-daily
+18666810195,Robocall,block,3,+18666810195,robocall,1,0,,phone_rule,us-ftc-robocall-daily
+18556674134,Robocall,block,3,+18556674134,robocall,1,0,,phone_rule,us-ftc-robocall-daily
+12363888927,Robocall,block,3,+12363888927,robocall,1,0,,phone_rule,us-ftc-robocall-daily
+14199540085,Robocall,block,3,+14199540085,robocall,1,0,,phone_rule,us-ftc-robocall-daily
+12109537289,Robocall,block,3,+12109537289,robocall,1,0,,phone_rule,us-ftc-robocall-daily
+12817087634,Robocall,block,3,+12817087634,robocall,1,0,,phone_rule,us-ftc-robocall-daily
+18303703797,Robocall,block,3,+18303703797,robocall,1,0,,phone_rule,us-ftc-robocall-daily
+12517148854,Robocall,block,3,+12517148854,robocall,1,0,,phone_rule,us-ftc-robocall-daily
+14787724387,Robocall,block,3,+14787724387,robocall,1,0,,phone_rule,us-ftc-robocall-daily
+18888486806,Robocall,block,3,+18888486806,robocall,1,0,,phone_rule,us-ftc-robocall-daily
+15027278754,Robocall,block,3,+15027278754,robocall,1,0,,phone_rule,us-ftc-robocall-daily
+18633638966,Robocall,block,3,+18633638966,robocall,1,0,,phone_rule,us-ftc-robocall-daily
+17149512221,Robocall,block,3,+17149512221,robocall,1,0,,phone_rule,us-ftc-robocall-daily
+12817155506,Robocall,block,3,+12817155506,robocall,1,0,,phone_rule,us-ftc-robocall-daily
+14802519915,Robocall,block,3,+14802519915,robocall,1,0,,phone_rule,us-ftc-robocall-daily
+16106185695,Robocall,block,3,+16106185695,robocall,1,0,,phone_rule,us-ftc-robocall-daily
+18334609830,Robocall,block,3,+18334609830,robocall,1,0,,phone_rule,us-ftc-robocall-daily
+18889042009,Robocall,block,3,+18889042009,robocall,1,0,,phone_rule,us-ftc-robocall-daily
+16149601042,Robocall,block,3,+16149601042,robocall,1,0,,phone_rule,us-ftc-robocall-daily
+12723761629,Robocall,block,3,+12723761629,robocall,1,0,,phone_rule,us-ftc-robocall-daily
+18335413692,Robocall,block,3,+18335413692,robocall,1,0,,phone_rule,us-ftc-robocall-daily
+16063708475,Robocall,block,3,+16063708475,robocall,1,0,,phone_rule,us-ftc-robocall-daily
+19017148854,Robocall,block,3,+19017148854,robocall,1,0,,phone_rule,us-ftc-robocall-daily
+14704404102,Robocall,block,3,+14704404102,robocall,1,0,,phone_rule,us-ftc-robocall-daily
+12813671171,Robocall,block,3,+12813671171,robocall,1,0,,phone_rule,us-ftc-robocall-daily
+18333016982,Robocall,block,3,+18333016982,robocall,1,0,,phone_rule,us-ftc-robocall-daily
+18553711491,Robocall,block,3,+18553711491,robocall,1,0,,phone_rule,us-ftc-robocall-daily
+12525812395,Robocall,block,3,+12525812395,robocall,1,0,,phone_rule,us-ftc-robocall-daily
+12092673568,Robocall,block,3,+12092673568,robocall,1,0,,phone_rule,us-ftc-robocall-daily
+18883714036,Robocall,block,3,+18883714036,robocall,1,0,,phone_rule,us-ftc-robocall-daily
+17148824775,Robocall,block,3,+17148824775,robocall,1,0,,phone_rule,us-ftc-robocall-daily
+12813264787,Robocall,block,3,+12813264787,robocall,1,0,,phone_rule,us-ftc-robocall-daily
+16202572038,Robocall,block,3,+16202572038,robocall,1,0,,phone_rule,us-ftc-robocall-daily
+19792762654,Robocall,block,3,+19792762654,robocall,1,0,,phone_rule,us-ftc-robocall-daily
+12135668690,Robocall,block,3,+12135668690,robocall,1,0,,phone_rule,us-ftc-robocall-daily
+18042277834,Robocall,block,3,+18042277834,robocall,1,0,,phone_rule,us-ftc-robocall-daily
+15197813349,Robocall,block,3,+15197813349,robocall,1,0,,phone_rule,us-ftc-robocall-daily
+15737060330,Robocall,block,3,+15737060330,robocall,1,0,,phone_rule,us-ftc-robocall-daily
+12145279549,Robocall,block,3,+12145279549,robocall,1,0,,phone_rule,us-ftc-robocall-daily
+18015250610,Robocall,block,3,+18015250610,robocall,1,0,,phone_rule,us-ftc-robocall-daily
+15024800647,Robocall,block,3,+15024800647,robocall,1,0,,phone_rule,us-ftc-robocall-daily
+12815355387,Robocall,block,3,+12815355387,robocall,1,0,,phone_rule,us-ftc-robocall-daily
+18555202069,Robocall,block,3,+18555202069,robocall,1,0,,phone_rule,us-ftc-robocall-daily
+19103382460,Robocall,block,3,+19103382460,robocall,1,0,,phone_rule,us-ftc-robocall-daily
+16028365119,Robocall,block,3,+16028365119,robocall,1,0,,phone_rule,us-ftc-robocall-daily
+18335750521,Robocall,block,3,+18335750521,robocall,1,0,,phone_rule,us-ftc-robocall-daily
+12812204368,Robocall,block,3,+12812204368,robocall,1,0,,phone_rule,us-ftc-robocall-daily
+14842967610,Robocall,block,3,+14842967610,robocall,1,0,,phone_rule,us-ftc-robocall-daily
+16815000193,Robocall,block,3,+16815000193,robocall,1,0,,phone_rule,us-ftc-robocall-daily
+12097812374,Robocall,block,3,+12097812374,robocall,1,0,,phone_rule,us-ftc-robocall-daily
+17868399002,Robocall,block,3,+17868399002,robocall,1,0,,phone_rule,us-ftc-robocall-daily
+12163661382,Robocall,block,3,+12163661382,robocall,1,0,,phone_rule,us-ftc-robocall-daily
+12818692061,Robocall,block,3,+12818692061,robocall,1,0,,phone_rule,us-ftc-robocall-daily
+13239913428,Robocall,block,3,+13239913428,robocall,1,0,,phone_rule,us-ftc-robocall-daily
+13123826485,Robocall,block,3,+13123826485,robocall,1,0,,phone_rule,us-ftc-robocall-daily
+16268295232,Robocall,block,3,+16268295232,robocall,1,0,,phone_rule,us-ftc-robocall-daily
+18446043487,Robocall,block,3,+18446043487,robocall,1,0,,phone_rule,us-ftc-robocall-daily
+18066528221,Robocall,block,3,+18066528221,robocall,1,0,,phone_rule,us-ftc-robocall-daily
+12055479504,Robocall,block,3,+12055479504,robocall,1,0,,phone_rule,us-ftc-robocall-daily
+12819251004,Robocall,block,3,+12819251004,robocall,1,0,,phone_rule,us-ftc-robocall-daily
+15165503647,Robocall,block,3,+15165503647,robocall,1,0,,phone_rule,us-ftc-robocall-daily
+18559941311,Robocall,block,3,+18559941311,robocall,1,0,,phone_rule,us-ftc-robocall-daily
+12066392667,Robocall,block,3,+12066392667,robocall,1,0,,phone_rule,us-ftc-robocall-daily
+17579078526,Robocall,block,3,+17579078526,robocall,1,0,,phone_rule,us-ftc-robocall-daily
+18333660127,Robocall,block,3,+18333660127,robocall,1,0,,phone_rule,us-ftc-robocall-daily
+14847405890,Robocall,block,3,+14847405890,robocall,1,0,,phone_rule,us-ftc-robocall-daily
+14323218589,Robocall,block,3,+14323218589,robocall,1,0,,phone_rule,us-ftc-robocall-daily
+19155684449,Robocall,block,3,+19155684449,robocall,1,0,,phone_rule,us-ftc-robocall-daily
+18339267614,Robocall,block,3,+18339267614,robocall,1,0,,phone_rule,us-ftc-robocall-daily
+16025466976,Robocall,block,3,+16025466976,robocall,1,0,,phone_rule,us-ftc-robocall-daily
+19259803229,Robocall,block,3,+19259803229,robocall,1,0,,phone_rule,us-ftc-robocall-daily
+16268000784,Robocall,block,3,+16268000784,robocall,1,0,,phone_rule,us-ftc-robocall-daily
+18773922148,Robocall,block,3,+18773922148,robocall,1,0,,phone_rule,us-ftc-robocall-daily
+18664781358,Robocall,block,3,+18664781358,robocall,1,0,,phone_rule,us-ftc-robocall-daily
+18179182250,Robocall,block,3,+18179182250,robocall,1,0,,phone_rule,us-ftc-robocall-daily
+14232164284,Robocall,block,3,+14232164284,robocall,1,0,,phone_rule,us-ftc-robocall-daily
+18044532539,Robocall,block,3,+18044532539,robocall,1,0,,phone_rule,us-ftc-robocall-daily
+14166468954,Robocall,block,3,+14166468954,robocall,1,0,,phone_rule,us-ftc-robocall-daily
+18335413570,Robocall,block,3,+18335413570,robocall,1,0,,phone_rule,us-ftc-robocall-daily
+18668290990,Robocall,block,3,+18668290990,robocall,1,0,,phone_rule,us-ftc-robocall-daily
+15712055472,Robocall,block,3,+15712055472,robocall,1,0,,phone_rule,us-ftc-robocall-daily
+18652306956,Robocall,block,3,+18652306956,robocall,1,0,,phone_rule,us-ftc-robocall-daily
+16268889576,Robocall,block,3,+16268889576,robocall,1,0,,phone_rule,us-ftc-robocall-daily
+18782502033,Robocall,block,3,+18782502033,robocall,1,0,,phone_rule,us-ftc-robocall-daily
+16268787748,Robocall,block,3,+16268787748,robocall,1,0,,phone_rule,us-ftc-robocall-daily
+19143266279,Robocall,block,3,+19143266279,robocall,1,0,,phone_rule,us-ftc-robocall-daily
+17203046651,Robocall,block,3,+17203046651,robocall,1,0,,phone_rule,us-ftc-robocall-daily
+18338394998,Robocall,block,3,+18338394998,robocall,1,0,,phone_rule,us-ftc-robocall-daily
+12515312293,Robocall,block,3,+12515312293,robocall,1,0,,phone_rule,us-ftc-robocall-daily
+18445101667,Robocall,block,3,+18445101667,robocall,1,0,,phone_rule,us-ftc-robocall-daily
+14782055697,Robocall,block,3,+14782055697,robocall,1,0,,phone_rule,us-ftc-robocall-daily
+19716342481,Robocall,block,3,+19716342481,robocall,1,0,,phone_rule,us-ftc-robocall-daily
+16023967468,Robocall,block,3,+16023967468,robocall,1,0,,phone_rule,us-ftc-robocall-daily
+14506264035,Robocall,block,3,+14506264035,robocall,1,0,,phone_rule,us-ftc-robocall-daily
+19053997523,Robocall,block,3,+19053997523,robocall,1,0,,phone_rule,us-ftc-robocall-daily
+15055104445,Robocall,block,3,+15055104445,robocall,1,0,,phone_rule,us-ftc-robocall-daily
+16266636149,Robocall,block,3,+16266636149,robocall,1,0,,phone_rule,us-ftc-robocall-daily
+18449586123,Robocall,block,3,+18449586123,robocall,1,0,,phone_rule,us-ftc-robocall-daily
+12122795150,Robocall,block,3,+12122795150,robocall,1,0,,phone_rule,us-ftc-robocall-daily
+13602418330,Robocall,block,3,+13602418330,robocall,1,0,,phone_rule,us-ftc-robocall-daily
+18458185054,Robocall,block,3,+18458185054,robocall,1,0,,phone_rule,us-ftc-robocall-daily
+14242045581,Robocall,block,3,+14242045581,robocall,1,0,,phone_rule,us-ftc-robocall-daily
+18333806663,Robocall,block,3,+18333806663,robocall,1,0,,phone_rule,us-ftc-robocall-daily
+16692014349,Robocall,block,3,+16692014349,robocall,1,0,,phone_rule,us-ftc-robocall-daily
+14055678190,Robocall,block,3,+14055678190,robocall,1,0,,phone_rule,us-ftc-robocall-daily
+17866486239,Robocall,block,3,+17866486239,robocall,1,0,,phone_rule,us-ftc-robocall-daily
+18042948135,Robocall,block,3,+18042948135,robocall,1,0,,phone_rule,us-ftc-robocall-daily
+16513211758,Robocall,block,3,+16513211758,robocall,1,0,,phone_rule,us-ftc-robocall-daily
+15618618867,Robocall,block,3,+15618618867,robocall,1,0,,phone_rule,us-ftc-robocall-daily
+15305072471,Robocall,block,3,+15305072471,robocall,1,0,,phone_rule,us-ftc-robocall-daily
+13134761371,Robocall,block,3,+13134761371,robocall,1,0,,phone_rule,us-ftc-robocall-daily
+15024699113,Robocall,block,3,+15024699113,robocall,1,0,,phone_rule,us-ftc-robocall-daily
+18562775338,Robocall,block,3,+18562775338,robocall,1,0,,phone_rule,us-ftc-robocall-daily
+14432679632,Robocall,block,3,+14432679632,robocall,1,0,,phone_rule,us-ftc-robocall-daily
+12514166564,Robocall,block,3,+12514166564,robocall,1,0,,phone_rule,us-ftc-robocall-daily
+14252916093,Robocall,block,3,+14252916093,robocall,1,0,,phone_rule,us-ftc-robocall-daily
+18664782015,Robocall,block,3,+18664782015,robocall,1,0,,phone_rule,us-ftc-robocall-daily
+18556332096,Robocall,block,3,+18556332096,robocall,1,0,,phone_rule,us-ftc-robocall-daily
+19376857161,Robocall,block,3,+19376857161,robocall,1,0,,phone_rule,us-ftc-robocall-daily
+12173360795,Robocall,block,3,+12173360795,robocall,1,0,,phone_rule,us-ftc-robocall-daily
+18557330666,Robocall,block,3,+18557330666,robocall,1,0,,phone_rule,us-ftc-robocall-daily
+13185086982,Robocall,block,3,+13185086982,robocall,1,0,,phone_rule,us-ftc-robocall-daily
+16187178950,Robocall,block,3,+16187178950,robocall,1,0,,phone_rule,us-ftc-robocall-daily
+17173142767,Robocall,block,3,+17173142767,robocall,1,0,,phone_rule,us-ftc-robocall-daily
+15757494606,Robocall,block,3,+15757494606,robocall,1,0,,phone_rule,us-ftc-robocall-daily
+15734988946,Robocall,block,3,+15734988946,robocall,1,0,,phone_rule,us-ftc-robocall-daily
+18197611408,Robocall,block,3,+18197611408,robocall,1,0,,phone_rule,us-ftc-robocall-daily
+18033470723,Robocall,block,3,+18033470723,robocall,1,0,,phone_rule,us-ftc-robocall-daily
+12813936128,Robocall,block,3,+12813936128,robocall,1,0,,phone_rule,us-ftc-robocall-daily
+19254964821,Robocall,block,3,+19254964821,robocall,1,0,,phone_rule,us-ftc-robocall-daily
+15205403998,Robocall,block,3,+15205403998,robocall,1,0,,phone_rule,us-ftc-robocall-daily
+18722633464,Robocall,block,3,+18722633464,robocall,1,0,,phone_rule,us-ftc-robocall-daily
+18884186948,Robocall,block,3,+18884186948,robocall,1,0,,phone_rule,us-ftc-robocall-daily
+15184888844,Robocall,block,3,+15184888844,robocall,1,0,,phone_rule,us-ftc-robocall-daily
+19412835556,Robocall,block,3,+19412835556,robocall,1,0,,phone_rule,us-ftc-robocall-daily
+19545463654,Robocall,block,3,+19545463654,robocall,1,0,,phone_rule,us-ftc-robocall-daily
+15758425824,Robocall,block,3,+15758425824,robocall,1,0,,phone_rule,us-ftc-robocall-daily
+18772974711,Robocall,block,3,+18772974711,robocall,1,0,,phone_rule,us-ftc-robocall-daily
+18709673813,Robocall,block,3,+18709673813,robocall,1,0,,phone_rule,us-ftc-robocall-daily
+14788001752,Robocall,block,3,+14788001752,robocall,1,0,,phone_rule,us-ftc-robocall-daily
+18574027269,Robocall,block,3,+18574027269,robocall,1,0,,phone_rule,us-ftc-robocall-daily
+15026594660,Robocall,block,3,+15026594660,robocall,1,0,,phone_rule,us-ftc-robocall-daily
+18179639099,Robocall,block,3,+18179639099,robocall,1,0,,phone_rule,us-ftc-robocall-daily
+14704869866,Robocall,block,3,+14704869866,robocall,1,0,,phone_rule,us-ftc-robocall-daily
+18557295113,Robocall,block,3,+18557295113,robocall,1,0,,phone_rule,us-ftc-robocall-daily
+14025998753,Robocall,block,3,+14025998753,robocall,1,0,,phone_rule,us-ftc-robocall-daily
+15155349180,Robocall,block,3,+15155349180,robocall,1,0,,phone_rule,us-ftc-robocall-daily
+15094016783,Robocall,block,3,+15094016783,robocall,1,0,,phone_rule,us-ftc-robocall-daily
+19493688981,Robocall,block,3,+19493688981,robocall,1,0,,phone_rule,us-ftc-robocall-daily
+18333536309,Robocall,block,3,+18333536309,robocall,1,0,,phone_rule,us-ftc-robocall-daily
+14322265624,Robocall,block,3,+14322265624,robocall,1,0,,phone_rule,us-ftc-robocall-daily
+15013928503,Robocall,block,3,+15013928503,robocall,1,0,,phone_rule,us-ftc-robocall-daily
+17242631232,Robocall,block,3,+17242631232,robocall,1,0,,phone_rule,us-ftc-robocall-daily
+14433801959,Robocall,block,3,+14433801959,robocall,1,0,,phone_rule,us-ftc-robocall-daily
+13129678068,Robocall,block,3,+13129678068,robocall,1,0,,phone_rule,us-ftc-robocall-daily
+14242090682,Robocall,block,3,+14242090682,robocall,1,0,,phone_rule,us-ftc-robocall-daily
+18334229457,Robocall,block,3,+18334229457,robocall,1,0,,phone_rule,us-ftc-robocall-daily
+18014754216,Robocall,block,3,+18014754216,robocall,1,0,,phone_rule,us-ftc-robocall-daily
+15147444275,Robocall,block,3,+15147444275,robocall,1,0,,phone_rule,us-ftc-robocall-daily
+19419446972,Robocall,block,3,+19419446972,robocall,1,0,,phone_rule,us-ftc-robocall-daily
+13025004810,Robocall,block,3,+13025004810,robocall,1,0,,phone_rule,us-ftc-robocall-daily
+18139918700,Robocall,block,3,+18139918700,robocall,1,0,,phone_rule,us-ftc-robocall-daily
+15716670371,Robocall,block,3,+15716670371,robocall,1,0,,phone_rule,us-ftc-robocall-daily
+18662204694,Robocall,block,3,+18662204694,robocall,1,0,,phone_rule,us-ftc-robocall-daily
+18562773069,Robocall,block,3,+18562773069,robocall,1,0,,phone_rule,us-ftc-robocall-daily
+18775680021,Robocall,block,3,+18775680021,robocall,1,0,,phone_rule,us-ftc-robocall-daily
+14782947981,Robocall,block,3,+14782947981,robocall,1,0,,phone_rule,us-ftc-robocall-daily
+17152278926,Robocall,block,3,+17152278926,robocall,1,0,,phone_rule,us-ftc-robocall-daily
+17782222549,Robocall,block,3,+17782222549,robocall,1,0,,phone_rule,us-ftc-robocall-daily
+18125130340,Robocall,block,3,+18125130340,robocall,1,0,,phone_rule,us-ftc-robocall-daily
+15013052347,Robocall,block,3,+15013052347,robocall,1,0,,phone_rule,us-ftc-robocall-daily
+14075866124,Robocall,block,3,+14075866124,robocall,1,0,,phone_rule,us-ftc-robocall-daily
+18332536317,Robocall,block,3,+18332536317,robocall,1,0,,phone_rule,us-ftc-robocall-daily
+14435639833,Robocall,block,3,+14435639833,robocall,1,0,,phone_rule,us-ftc-robocall-daily
+16073832496,Robocall,block,3,+16073832496,robocall,1,0,,phone_rule,us-ftc-robocall-daily
+18622616635,Robocall,block,3,+18622616635,robocall,1,0,,phone_rule,us-ftc-robocall-daily
+12058430336,Robocall,block,3,+12058430336,robocall,1,0,,phone_rule,us-ftc-robocall-daily
+16512999113,Robocall,block,3,+16512999113,robocall,1,0,,phone_rule,us-ftc-robocall-daily
+14045689651,Robocall,block,3,+14045689651,robocall,1,0,,phone_rule,us-ftc-robocall-daily
+13692256872,Robocall,block,3,+13692256872,robocall,1,0,,phone_rule,us-ftc-robocall-daily
+19492030756,Robocall,block,3,+19492030756,robocall,1,0,,phone_rule,us-ftc-robocall-daily
+16163488122,Robocall,block,3,+16163488122,robocall,1,0,,phone_rule,us-ftc-robocall-daily
+17196991811,Robocall,block,3,+17196991811,robocall,1,0,,phone_rule,us-ftc-robocall-daily
+18643325462,Robocall,block,3,+18643325462,robocall,1,0,,phone_rule,us-ftc-robocall-daily
+18608013492,Robocall,block,3,+18608013492,robocall,1,0,,phone_rule,us-ftc-robocall-daily
+18583929088,Robocall,block,3,+18583929088,robocall,1,0,,phone_rule,us-ftc-robocall-daily
+19707138705,Robocall,block,3,+19707138705,robocall,1,0,,phone_rule,us-ftc-robocall-daily
+16182984873,Robocall,block,3,+16182984873,robocall,1,0,,phone_rule,us-ftc-robocall-daily
+19382043435,Robocall,block,3,+19382043435,robocall,1,0,,phone_rule,us-ftc-robocall-daily
+18446960606,Robocall,block,3,+18446960606,robocall,1,0,,phone_rule,us-ftc-robocall-daily
+18152877359,Robocall,block,3,+18152877359,robocall,1,0,,phone_rule,us-ftc-robocall-daily
+13262087788,Robocall,block,3,+13262087788,robocall,1,0,,phone_rule,us-ftc-robocall-daily
+18574027211,Robocall,block,3,+18574027211,robocall,1,0,,phone_rule,us-ftc-robocall-daily
+14048659377,Robocall,block,3,+14048659377,robocall,1,0,,phone_rule,us-ftc-robocall-daily
+16163425676,Robocall,block,3,+16163425676,robocall,1,0,,phone_rule,us-ftc-robocall-daily
+15205674729,Robocall,block,3,+15205674729,robocall,1,0,,phone_rule,us-ftc-robocall-daily
+18554941046,Robocall,block,3,+18554941046,robocall,1,0,,phone_rule,us-ftc-robocall-daily
+18562779633,Robocall,block,3,+18562779633,robocall,1,0,,phone_rule,us-ftc-robocall-daily
+16825638217,Robocall,block,3,+16825638217,robocall,1,0,,phone_rule,us-ftc-robocall-daily
+16283863988,Robocall,block,3,+16283863988,robocall,1,0,,phone_rule,us-ftc-robocall-daily
+18457880946,Robocall,block,3,+18457880946,robocall,1,0,,phone_rule,us-ftc-robocall-daily
+18446960744,Robocall,block,3,+18446960744,robocall,1,0,,phone_rule,us-ftc-robocall-daily
+18447241859,Robocall,block,3,+18447241859,robocall,1,0,,phone_rule,us-ftc-robocall-daily
+13034745317,Robocall,block,3,+13034745317,robocall,1,0,,phone_rule,us-ftc-robocall-daily
+15418575930,Robocall,block,3,+15418575930,robocall,1,0,,phone_rule,us-ftc-robocall-daily
+15024694189,Robocall,block,3,+15024694189,robocall,1,0,,phone_rule,us-ftc-robocall-daily
+19417248145,Robocall,block,3,+19417248145,robocall,1,0,,phone_rule,us-ftc-robocall-daily
+18335154630,Robocall,block,3,+18335154630,robocall,1,0,,phone_rule,us-ftc-robocall-daily
+13036470010,Robocall,block,3,+13036470010,robocall,1,0,,phone_rule,us-ftc-robocall-daily
+14042246903,Robocall,block,3,+14042246903,robocall,1,0,,phone_rule,us-ftc-robocall-daily
+14784145113,Robocall,block,3,+14784145113,robocall,1,0,,phone_rule,us-ftc-robocall-daily
+18574029948,Robocall,block,3,+18574029948,robocall,1,0,,phone_rule,us-ftc-robocall-daily
+18334273540,Robocall,block,3,+18334273540,robocall,1,0,,phone_rule,us-ftc-robocall-daily
+14164761038,Robocall,block,3,+14164761038,robocall,1,0,,phone_rule,us-ftc-robocall-daily
+12174920508,Robocall,block,3,+12174920508,robocall,1,0,,phone_rule,us-ftc-robocall-daily
+16624453297,Robocall,block,3,+16624453297,robocall,1,0,,phone_rule,us-ftc-robocall-daily
+18662104753,Robocall,block,3,+18662104753,robocall,1,0,,phone_rule,us-ftc-robocall-daily
+19023521166,Robocall,block,3,+19023521166,robocall,1,0,,phone_rule,us-ftc-robocall-daily
+19092980226,Robocall,block,3,+19092980226,robocall,1,0,,phone_rule,us-ftc-robocall-daily
+19706581875,Robocall,block,3,+19706581875,robocall,1,0,,phone_rule,us-ftc-robocall-daily
+18623213381,Robocall,block,3,+18623213381,robocall,1,0,,phone_rule,us-ftc-robocall-daily
+14045344338,Robocall,block,3,+14045344338,robocall,1,0,,phone_rule,us-ftc-robocall-daily
+13239865423,Robocall,block,3,+13239865423,robocall,1,0,,phone_rule,us-ftc-robocall-daily
+12673009415,Robocall,block,3,+12673009415,robocall,1,0,,phone_rule,us-ftc-robocall-daily
+14358680505,Robocall,block,3,+14358680505,robocall,1,0,,phone_rule,us-ftc-robocall-daily
+18312436285,Robocall,block,3,+18312436285,robocall,1,0,,phone_rule,us-ftc-robocall-daily
+14437858651,Robocall,block,3,+14437858651,robocall,1,0,,phone_rule,us-ftc-robocall-daily
+18134201069,Robocall,block,3,+18134201069,robocall,1,0,,phone_rule,us-ftc-robocall-daily
+19072709140,Robocall,block,3,+19072709140,robocall,1,0,,phone_rule,us-ftc-robocall-daily
+15862572168,Robocall,block,3,+15862572168,robocall,1,0,,phone_rule,us-ftc-robocall-daily
+17086803402,Robocall,block,3,+17086803402,robocall,1,0,,phone_rule,us-ftc-robocall-daily
+18256510438,Robocall,block,3,+18256510438,robocall,1,0,,phone_rule,us-ftc-robocall-daily
+14174468804,Robocall,block,3,+14174468804,robocall,1,0,,phone_rule,us-ftc-robocall-daily
+14045345499,Robocall,block,3,+14045345499,robocall,1,0,,phone_rule,us-ftc-robocall-daily
+19804128377,Robocall,block,3,+19804128377,robocall,1,0,,phone_rule,us-ftc-robocall-daily
+17247028598,Robocall,block,3,+17247028598,robocall,1,0,,phone_rule,us-ftc-robocall-daily
+14435639824,Robocall,block,3,+14435639824,robocall,1,0,,phone_rule,us-ftc-robocall-daily
+12505821224,Robocall,block,3,+12505821224,robocall,1,0,,phone_rule,us-ftc-robocall-daily
+12049930079,Robocall,block,3,+12049930079,robocall,1,0,,phone_rule,us-ftc-robocall-daily
+18334273572,Robocall,block,3,+18334273572,robocall,1,0,,phone_rule,us-ftc-robocall-daily
+18475586233,Robocall,block,3,+18475586233,robocall,1,0,,phone_rule,us-ftc-robocall-daily
+18048891356,Robocall,block,3,+18048891356,robocall,1,0,,phone_rule,us-ftc-robocall-daily
+14045344162,Robocall,block,3,+14045344162,robocall,1,0,,phone_rule,us-ftc-robocall-daily
+14435639119,Robocall,block,3,+14435639119,robocall,1,0,,phone_rule,us-ftc-robocall-daily
+15045523049,Robocall,block,3,+15045523049,robocall,1,0,,phone_rule,us-ftc-robocall-daily
+13465560493,Robocall,block,3,+13465560493,robocall,1,0,,phone_rule,us-ftc-robocall-daily
+18776563374,Robocall,block,3,+18776563374,robocall,1,0,,phone_rule,us-ftc-robocall-daily
+13033405724,Robocall,block,3,+13033405724,robocall,1,0,,phone_rule,us-ftc-robocall-daily
+18722313717,Robocall,block,3,+18722313717,robocall,1,0,,phone_rule,us-ftc-robocall-daily
+18565849364,Robocall,block,3,+18565849364,robocall,1,0,,phone_rule,us-ftc-robocall-daily
+12704008827,Robocall,block,3,+12704008827,robocall,1,0,,phone_rule,us-ftc-robocall-daily
+14044757958,Robocall,block,3,+14044757958,robocall,1,0,,phone_rule,us-ftc-robocall-daily
+15028795865,Robocall,block,3,+15028795865,robocall,1,0,,phone_rule,us-ftc-robocall-daily
+18322241982,Robocall,block,3,+18322241982,robocall,1,0,,phone_rule,us-ftc-robocall-daily
+14045345780,Robocall,block,3,+14045345780,robocall,1,0,,phone_rule,us-ftc-robocall-daily
+18337289822,Robocall,block,3,+18337289822,robocall,1,0,,phone_rule,us-ftc-robocall-daily
+15672063036,Robocall,block,3,+15672063036,robocall,1,0,,phone_rule,us-ftc-robocall-daily
+18775103726,Robocall,block,3,+18775103726,robocall,1,0,,phone_rule,us-ftc-robocall-daily
+12484531436,Robocall,block,3,+12484531436,robocall,1,0,,phone_rule,us-ftc-robocall-daily
+13302240511,Robocall,block,3,+13302240511,robocall,1,0,,phone_rule,us-ftc-robocall-daily
+18723821808,Robocall,block,3,+18723821808,robocall,1,0,,phone_rule,us-ftc-robocall-daily
+16575407345,Robocall,block,3,+16575407345,robocall,1,0,,phone_rule,us-ftc-robocall-daily
+12313596909,Robocall,block,3,+12313596909,robocall,1,0,,phone_rule,us-ftc-robocall-daily
+14434099292,Robocall,block,3,+14434099292,robocall,1,0,,phone_rule,us-ftc-robocall-daily
+15418971065,Robocall,block,3,+15418971065,robocall,1,0,,phone_rule,us-ftc-robocall-daily
+18475000646,Robocall,block,3,+18475000646,robocall,1,0,,phone_rule,us-ftc-robocall-daily
+15306021991,Robocall,block,3,+15306021991,robocall,1,0,,phone_rule,us-ftc-robocall-daily
+14045344335,Robocall,block,3,+14045344335,robocall,1,0,,phone_rule,us-ftc-robocall-daily
+16519274804,Robocall,block,3,+16519274804,robocall,1,0,,phone_rule,us-ftc-robocall-daily
+13163524861,Robocall,block,3,+13163524861,robocall,1,0,,phone_rule,us-ftc-robocall-daily
+16098845445,Robocall,block,3,+16098845445,robocall,1,0,,phone_rule,us-ftc-robocall-daily
+19848849665,Robocall,block,3,+19848849665,robocall,1,0,,phone_rule,us-ftc-robocall-daily
+14045345058,Robocall,block,3,+14045345058,robocall,1,0,,phone_rule,us-ftc-robocall-daily
+15742939752,Robocall,block,3,+15742939752,robocall,1,0,,phone_rule,us-ftc-robocall-daily
+15109163091,Robocall,block,3,+15109163091,robocall,1,0,,phone_rule,us-ftc-robocall-daily
+19016698026,Robocall,block,3,+19016698026,robocall,1,0,,phone_rule,us-ftc-robocall-daily
+15152727737,Robocall,block,3,+15152727737,robocall,1,0,,phone_rule,us-ftc-robocall-daily
+12165162036,Robocall,block,3,+12165162036,robocall,1,0,,phone_rule,us-ftc-robocall-daily
+18572272346,Robocall,block,3,+18572272346,robocall,1,0,,phone_rule,us-ftc-robocall-daily
+14175264520,Robocall,block,3,+14175264520,robocall,1,0,,phone_rule,us-ftc-robocall-daily
+17602589875,Robocall,block,3,+17602589875,robocall,1,0,,phone_rule,us-ftc-robocall-daily
+15013913960,Robocall,block,3,+15013913960,robocall,1,0,,phone_rule,us-ftc-robocall-daily
+18064327756,Robocall,block,3,+18064327756,robocall,1,0,,phone_rule,us-ftc-robocall-daily
+19176942916,Robocall,block,3,+19176942916,robocall,1,0,,phone_rule,us-ftc-robocall-daily
+12813780908,Robocall,block,3,+12813780908,robocall,1,0,,phone_rule,us-ftc-robocall-daily
+19378294140,Robocall,block,3,+19378294140,robocall,1,0,,phone_rule,us-ftc-robocall-daily
+15028796539,Robocall,block,3,+15028796539,robocall,1,0,,phone_rule,us-ftc-robocall-daily
+18334271570,Robocall,block,3,+18334271570,robocall,1,0,,phone_rule,us-ftc-robocall-daily
+15743345124,Robocall,block,3,+15743345124,robocall,1,0,,phone_rule,us-ftc-robocall-daily
+19733217116,Robocall,block,3,+19733217116,robocall,1,0,,phone_rule,us-ftc-robocall-daily
+18884186870,Robocall,block,3,+18884186870,robocall,1,0,,phone_rule,us-ftc-robocall-daily
+13863603379,Robocall,block,3,+13863603379,robocall,1,0,,phone_rule,us-ftc-robocall-daily
+12084455138,Robocall,block,3,+12084455138,robocall,1,0,,phone_rule,us-ftc-robocall-daily
+14253711591,Robocall,block,3,+14253711591,robocall,1,0,,phone_rule,us-ftc-robocall-daily
+18885401663,Robocall,block,3,+18885401663,robocall,1,0,,phone_rule,us-ftc-robocall-daily
+18773536232,Robocall,block,3,+18773536232,robocall,1,0,,phone_rule,us-ftc-robocall-daily
+14079466256,Robocall,block,3,+14079466256,robocall,1,0,,phone_rule,us-ftc-robocall-daily
+13175604107,Robocall,block,3,+13175604107,robocall,1,0,,phone_rule,us-ftc-robocall-daily
+14752334467,Robocall,block,3,+14752334467,robocall,1,0,,phone_rule,us-ftc-robocall-daily
+17249205967,Robocall,block,3,+17249205967,robocall,1,0,,phone_rule,us-ftc-robocall-daily
+14045345478,Robocall,block,3,+14045345478,robocall,1,0,,phone_rule,us-ftc-robocall-daily
+19147046824,Robocall,block,3,+19147046824,robocall,1,0,,phone_rule,us-ftc-robocall-daily
+18338623695,Robocall,block,3,+18338623695,robocall,1,0,,phone_rule,us-ftc-robocall-daily
+18666810942,Robocall,block,3,+18666810942,robocall,1,0,,phone_rule,us-ftc-robocall-daily
+18666371930,Robocall,block,3,+18666371930,robocall,1,0,,phone_rule,us-ftc-robocall-daily
+14045345530,Robocall,block,3,+14045345530,robocall,1,0,,phone_rule,us-ftc-robocall-daily
+12393940649,Robocall,block,3,+12393940649,robocall,1,0,,phone_rule,us-ftc-robocall-daily
+17148393196,Robocall,block,3,+17148393196,robocall,1,0,,phone_rule,us-ftc-robocall-daily
+14802437758,Robocall,block,3,+14802437758,robocall,1,0,,phone_rule,us-ftc-robocall-daily
+18009162255,Robocall,block,3,+18009162255,robocall,1,0,,phone_rule,us-ftc-robocall-daily
+16615121252,Robocall,block,3,+16615121252,robocall,1,0,,phone_rule,us-ftc-robocall-daily
+18144722855,Robocall,block,3,+18144722855,robocall,1,0,,phone_rule,us-ftc-robocall-daily
+12816655923,Robocall,block,3,+12816655923,robocall,1,0,,phone_rule,us-ftc-robocall-daily
+18156260940,Robocall,block,3,+18156260940,robocall,1,0,,phone_rule,us-ftc-robocall-daily
+18483598654,Robocall,block,3,+18483598654,robocall,1,0,,phone_rule,us-ftc-robocall-daily
+14342551727,Robocall,block,3,+14342551727,robocall,1,0,,phone_rule,us-ftc-robocall-daily
+16025293490,Robocall,block,3,+16025293490,robocall,1,0,,phone_rule,us-ftc-robocall-daily
+14072148517,Robocall,block,3,+14072148517,robocall,1,0,,phone_rule,us-ftc-robocall-daily
+16313134186,Robocall,block,3,+16313134186,robocall,1,0,,phone_rule,us-ftc-robocall-daily
+18667939371,Robocall,block,3,+18667939371,robocall,1,0,,phone_rule,us-ftc-robocall-daily
+19134123902,Robocall,block,3,+19134123902,robocall,1,0,,phone_rule,us-ftc-robocall-daily
+16233019464,Robocall,block,3,+16233019464,robocall,1,0,,phone_rule,us-ftc-robocall-daily
+15024533608,Robocall,block,3,+15024533608,robocall,1,0,,phone_rule,us-ftc-robocall-daily
+14022198511,Robocall,block,3,+14022198511,robocall,1,0,,phone_rule,us-ftc-robocall-daily
+17743109718,Robocall,block,3,+17743109718,robocall,1,0,,phone_rule,us-ftc-robocall-daily
+14045214286,Robocall,block,3,+14045214286,robocall,1,0,,phone_rule,us-ftc-robocall-daily
+13365337833,Robocall,block,3,+13365337833,robocall,1,0,,phone_rule,us-ftc-robocall-daily
+19732938001,Robocall,block,3,+19732938001,robocall,1,0,,phone_rule,us-ftc-robocall-daily
+13868782759,Robocall,block,3,+13868782759,robocall,1,0,,phone_rule,us-ftc-robocall-daily
+14702938026,Robocall,block,3,+14702938026,robocall,1,0,,phone_rule,us-ftc-robocall-daily
+19128006660,Robocall,block,3,+19128006660,robocall,1,0,,phone_rule,us-ftc-robocall-daily
+18886949215,Robocall,block,3,+18886949215,robocall,1,0,,phone_rule,us-ftc-robocall-daily
+16178265171,Robocall,block,3,+16178265171,robocall,1,0,,phone_rule,us-ftc-robocall-daily
+17197189323,Robocall,block,3,+17197189323,robocall,1,0,,phone_rule,us-ftc-robocall-daily
+19289699499,Robocall,block,3,+19289699499,robocall,1,0,,phone_rule,us-ftc-robocall-daily
+16503621872,Robocall,block,3,+16503621872,robocall,1,0,,phone_rule,us-ftc-robocall-daily
+18337113940,Robocall,block,3,+18337113940,robocall,1,0,,phone_rule,us-ftc-robocall-daily
+16018421538,Robocall,block,3,+16018421538,robocall,1,0,,phone_rule,us-ftc-robocall-daily
+17378883806,Robocall,block,3,+17378883806,robocall,1,0,,phone_rule,us-ftc-robocall-daily
+19707940460,Robocall,block,3,+19707940460,robocall,1,0,,phone_rule,us-ftc-robocall-daily
+18647529682,Robocall,block,3,+18647529682,robocall,1,0,,phone_rule,us-ftc-robocall-daily
+17272686239,Robocall,block,3,+17272686239,robocall,1,0,,phone_rule,us-ftc-robocall-daily
+14173970376,Robocall,block,3,+14173970376,robocall,1,0,,phone_rule,us-ftc-robocall-daily
+18338120792,Robocall,block,3,+18338120792,robocall,1,0,,phone_rule,us-ftc-robocall-daily
+18889041865,Robocall,block,3,+18889041865,robocall,1,0,,phone_rule,us-ftc-robocall-daily
+18668000697,Robocall,block,3,+18668000697,robocall,1,0,,phone_rule,us-ftc-robocall-daily
+17752068473,Robocall,block,3,+17752068473,robocall,1,0,,phone_rule,us-ftc-robocall-daily
+14702932907,Robocall,block,3,+14702932907,robocall,1,0,,phone_rule,us-ftc-robocall-daily
+17323750789,Robocall,block,3,+17323750789,robocall,1,0,,phone_rule,us-ftc-robocall-daily
+14126937867,Robocall,block,3,+14126937867,robocall,1,0,,phone_rule,us-ftc-robocall-daily
+18777203193,Robocall,block,3,+18777203193,robocall,1,0,,phone_rule,us-ftc-robocall-daily
+18025327064,Robocall,block,3,+18025327064,robocall,1,0,,phone_rule,us-ftc-robocall-daily
+18174840917,Robocall,block,3,+18174840917,robocall,1,0,,phone_rule,us-ftc-robocall-daily
+15675880713,Robocall,block,3,+15675880713,robocall,1,0,,phone_rule,us-ftc-robocall-daily
+19855292974,Robocall,block,3,+19855292974,robocall,1,0,,phone_rule,us-ftc-robocall-daily
+13106918921,Robocall,block,3,+13106918921,robocall,1,0,,phone_rule,us-ftc-robocall-daily
+18047895746,Robocall,block,3,+18047895746,robocall,1,0,,phone_rule,us-ftc-robocall-daily
+17633032567,Robocall,block,3,+17633032567,robocall,1,0,,phone_rule,us-ftc-robocall-daily
+19415849640,Robocall,block,3,+19415849640,robocall,1,0,,phone_rule,us-ftc-robocall-daily
+12022212987,Robocall,block,3,+12022212987,robocall,1,0,,phone_rule,us-ftc-robocall-daily
+18178932406,Robocall,block,3,+18178932406,robocall,1,0,,phone_rule,us-ftc-robocall-daily
+13252851564,Robocall,block,3,+13252851564,robocall,1,0,,phone_rule,us-ftc-robocall-daily
+18667716045,Robocall,block,3,+18667716045,robocall,1,0,,phone_rule,us-ftc-robocall-daily
+19147046456,Robocall,block,3,+19147046456,robocall,1,0,,phone_rule,us-ftc-robocall-daily
+17249205466,Robocall,block,3,+17249205466,robocall,1,0,,phone_rule,us-ftc-robocall-daily
+15394242034,Robocall,block,3,+15394242034,robocall,1,0,,phone_rule,us-ftc-robocall-daily
+18772369361,Robocall,block,3,+18772369361,robocall,1,0,,phone_rule,us-ftc-robocall-daily
+19046449562,Robocall,block,3,+19046449562,robocall,1,0,,phone_rule,us-ftc-robocall-daily
+19015998922,Robocall,block,3,+19015998922,robocall,1,0,,phone_rule,us-ftc-robocall-daily
+14256580428,Robocall,block,3,+14256580428,robocall,1,0,,phone_rule,us-ftc-robocall-daily
+16164380840,Robocall,block,3,+16164380840,robocall,1,0,,phone_rule,us-ftc-robocall-daily
+18665570181,Robocall,block,3,+18665570181,robocall,1,0,,phone_rule,us-ftc-robocall-daily
+14435175629,Robocall,block,3,+14435175629,robocall,1,0,,phone_rule,us-ftc-robocall-daily
+16679307497,Robocall,block,3,+16679307497,robocall,1,0,,phone_rule,us-ftc-robocall-daily
+19312196225,Robocall,block,3,+19312196225,robocall,1,0,,phone_rule,us-ftc-robocall-daily
+17152903984,Robocall,block,3,+17152903984,robocall,1,0,,phone_rule,us-ftc-robocall-daily
+12393293849,Robocall,block,3,+12393293849,robocall,1,0,,phone_rule,us-ftc-robocall-daily
+15642013170,Robocall,block,3,+15642013170,robocall,1,0,,phone_rule,us-ftc-robocall-daily
+18553432219,Robocall,block,3,+18553432219,robocall,1,0,,phone_rule,us-ftc-robocall-daily
+18557570292,Robocall,block,3,+18557570292,robocall,1,0,,phone_rule,us-ftc-robocall-daily
+17722489414,Robocall,block,3,+17722489414,robocall,1,0,,phone_rule,us-ftc-robocall-daily
+18334596774,Robocall,block,3,+18334596774,robocall,1,0,,phone_rule,us-ftc-robocall-daily
+13866888893,Robocall,block,3,+13866888893,robocall,1,0,,phone_rule,us-ftc-robocall-daily
+14254407718,Robocall,block,3,+14254407718,robocall,1,0,,phone_rule,us-ftc-robocall-daily
+14257480260,Robocall,block,3,+14257480260,robocall,1,0,,phone_rule,us-ftc-robocall-daily
+16188873684,Robocall,block,3,+16188873684,robocall,1,0,,phone_rule,us-ftc-robocall-daily
+14706867410,Robocall,block,3,+14706867410,robocall,1,0,,phone_rule,us-ftc-robocall-daily
+15023349478,Robocall,block,3,+15023349478,robocall,1,0,,phone_rule,us-ftc-robocall-daily
+13412503918,Robocall,block,3,+13412503918,robocall,1,0,,phone_rule,us-ftc-robocall-daily
+16038744503,Robocall,block,3,+16038744503,robocall,1,0,,phone_rule,us-ftc-robocall-daily
+18102079630,Robocall,block,3,+18102079630,robocall,1,0,,phone_rule,us-ftc-robocall-daily
+18157254359,Robocall,block,3,+18157254359,robocall,1,0,,phone_rule,us-ftc-robocall-daily
+16203028760,Robocall,block,3,+16203028760,robocall,1,0,,phone_rule,us-ftc-robocall-daily
+18174097775,Robocall,block,3,+18174097775,robocall,1,0,,phone_rule,us-ftc-robocall-daily
+12029846041,Robocall,block,3,+12029846041,robocall,1,0,,phone_rule,us-ftc-robocall-daily
+15205403889,Robocall,block,3,+15205403889,robocall,1,0,,phone_rule,us-ftc-robocall-daily
+19389882782,Robocall,block,3,+19389882782,robocall,1,0,,phone_rule,us-ftc-robocall-daily
+15873575634,Robocall,block,3,+15873575634,robocall,1,0,,phone_rule,us-ftc-robocall-daily
+19497991349,Robocall,block,3,+19497991349,robocall,1,0,,phone_rule,us-ftc-robocall-daily
+16162805678,Robocall,block,3,+16162805678,robocall,1,0,,phone_rule,us-ftc-robocall-daily
+15134402243,Robocall,block,3,+15134402243,robocall,1,0,,phone_rule,us-ftc-robocall-daily
+18335922904,Robocall,block,3,+18335922904,robocall,1,0,,phone_rule,us-ftc-robocall-daily
+17083961566,Robocall,block,3,+17083961566,robocall,1,0,,phone_rule,us-ftc-robocall-daily
+12317908805,Robocall,block,3,+12317908805,robocall,1,0,,phone_rule,us-ftc-robocall-daily
+18599976866,Robocall,block,3,+18599976866,robocall,1,0,,phone_rule,us-ftc-robocall-daily
+19452233504,Robocall,block,3,+19452233504,robocall,1,0,,phone_rule,us-ftc-robocall-daily
+13167867107,Robocall,block,3,+13167867107,robocall,1,0,,phone_rule,us-ftc-robocall-daily
+12012542583,Robocall,block,3,+12012542583,robocall,1,0,,phone_rule,us-ftc-robocall-daily
+18048858985,Robocall,block,3,+18048858985,robocall,1,0,,phone_rule,us-ftc-robocall-daily
+13036847346,Robocall,block,3,+13036847346,robocall,1,0,,phone_rule,us-ftc-robocall-daily
+14403376892,Robocall,block,3,+14403376892,robocall,1,0,,phone_rule,us-ftc-robocall-daily
+14054338952,Robocall,block,3,+14054338952,robocall,1,0,,phone_rule,us-ftc-robocall-daily
+12068955369,Robocall,block,3,+12068955369,robocall,1,0,,phone_rule,us-ftc-robocall-daily
+13159198294,Robocall,block,3,+13159198294,robocall,1,0,,phone_rule,us-ftc-robocall-daily
+14437432176,Robocall,block,3,+14437432176,robocall,1,0,,phone_rule,us-ftc-robocall-daily
+18133361713,Robocall,block,3,+18133361713,robocall,1,0,,phone_rule,us-ftc-robocall-daily
+12142334670,Robocall,block,3,+12142334670,robocall,1,0,,phone_rule,us-ftc-robocall-daily
+15745985165,Robocall,block,3,+15745985165,robocall,1,0,,phone_rule,us-ftc-robocall-daily
+19288880059,Robocall,block,3,+19288880059,robocall,1,0,,phone_rule,us-ftc-robocall-daily
+15712872257,Robocall,block,3,+15712872257,robocall,1,0,,phone_rule,us-ftc-robocall-daily
+16028366103,Robocall,block,3,+16028366103,robocall,1,0,,phone_rule,us-ftc-robocall-daily
+15026737974,Robocall,block,3,+15026737974,robocall,1,0,,phone_rule,us-ftc-robocall-daily
+18284544733,Robocall,block,3,+18284544733,robocall,1,0,,phone_rule,us-ftc-robocall-daily
+19143039678,Robocall,block,3,+19143039678,robocall,1,0,,phone_rule,us-ftc-robocall-daily
+14049682752,Robocall,block,3,+14049682752,robocall,1,0,,phone_rule,us-ftc-robocall-daily
+16126655434,Robocall,block,3,+16126655434,robocall,1,0,,phone_rule,us-ftc-robocall-daily
+14259619936,Robocall,block,3,+14259619936,robocall,1,0,,phone_rule,us-ftc-robocall-daily
+14484138482,Robocall,block,3,+14484138482,robocall,1,0,,phone_rule,us-ftc-robocall-daily
+17193928065,Robocall,block,3,+17193928065,robocall,1,0,,phone_rule,us-ftc-robocall-daily
+18157367580,Robocall,block,3,+18157367580,robocall,1,0,,phone_rule,us-ftc-robocall-daily
+18885393109,Robocall,block,3,+18885393109,robocall,1,0,,phone_rule,us-ftc-robocall-daily
+17752245339,Robocall,block,3,+17752245339,robocall,1,0,,phone_rule,us-ftc-robocall-daily
+18599098335,Robocall,block,3,+18599098335,robocall,1,0,,phone_rule,us-ftc-robocall-daily
+18669094458,Robocall,block,3,+18669094458,robocall,1,0,,phone_rule,us-ftc-robocall-daily
+18673902278,Robocall,block,3,+18673902278,robocall,1,0,,phone_rule,us-ftc-robocall-daily
+16094224715,Robocall,block,3,+16094224715,robocall,1,0,,phone_rule,us-ftc-robocall-daily
+18589018648,Robocall,block,3,+18589018648,robocall,1,0,,phone_rule,us-ftc-robocall-daily
+18334273181,Robocall,block,3,+18334273181,robocall,1,0,,phone_rule,us-ftc-robocall-daily
+18772477967,Robocall,block,3,+18772477967,robocall,1,0,,phone_rule,us-ftc-robocall-daily
+19098535032,Robocall,block,3,+19098535032,robocall,1,0,,phone_rule,us-ftc-robocall-daily
+12692258182,Robocall,block,3,+12692258182,robocall,1,0,,phone_rule,us-ftc-robocall-daily
+17622490627,Robocall,block,3,+17622490627,robocall,1,0,,phone_rule,us-ftc-robocall-daily
+19569932809,Robocall,block,3,+19569932809,robocall,1,0,,phone_rule,us-ftc-robocall-daily
+17658269676,Robocall,block,3,+17658269676,robocall,1,0,,phone_rule,us-ftc-robocall-daily
+15066992312,Robocall,block,3,+15066992312,robocall,1,0,,phone_rule,us-ftc-robocall-daily
+16106106368,Robocall,block,3,+16106106368,robocall,1,0,,phone_rule,us-ftc-robocall-daily
+19172107464,Robocall,block,3,+19172107464,robocall,1,0,,phone_rule,us-ftc-robocall-daily
+14109651234,Robocall,block,3,+14109651234,robocall,1,0,,phone_rule,us-ftc-robocall-daily
+18647549652,Robocall,block,3,+18647549652,robocall,1,0,,phone_rule,us-ftc-robocall-daily
+17576109562,Robocall,block,3,+17576109562,robocall,1,0,,phone_rule,us-ftc-robocall-daily
+12703326837,Robocall,block,3,+12703326837,robocall,1,0,,phone_rule,us-ftc-robocall-daily
+18447241279,Robocall,block,3,+18447241279,robocall,1,0,,phone_rule,us-ftc-robocall-daily
+19208432260,Robocall,block,3,+19208432260,robocall,1,0,,phone_rule,us-ftc-robocall-daily
+16314295664,Robocall,block,3,+16314295664,robocall,1,0,,phone_rule,us-ftc-robocall-daily
+13048036164,Robocall,block,3,+13048036164,robocall,1,0,,phone_rule,us-ftc-robocall-daily
+19593456082,Robocall,block,3,+19593456082,robocall,1,0,,phone_rule,us-ftc-robocall-daily
+15408891073,Robocall,block,3,+15408891073,robocall,1,0,,phone_rule,us-ftc-robocall-daily
+19542877177,Robocall,block,3,+19542877177,robocall,1,0,,phone_rule,us-ftc-robocall-daily
+18446043881,Robocall,block,3,+18446043881,robocall,1,0,,phone_rule,us-ftc-robocall-daily
+13048363210,Robocall,block,3,+13048363210,robocall,1,0,,phone_rule,us-ftc-robocall-daily
+14157357606,Robocall,block,3,+14157357606,robocall,1,0,,phone_rule,us-ftc-robocall-daily
+13208884399,Robocall,block,3,+13208884399,robocall,1,0,,phone_rule,us-ftc-robocall-daily
+17706577234,Robocall,block,3,+17706577234,robocall,1,0,,phone_rule,us-ftc-robocall-daily
+17273543290,Robocall,block,3,+17273543290,robocall,1,0,,phone_rule,us-ftc-robocall-daily
+19294284472,Robocall,block,3,+19294284472,robocall,1,0,,phone_rule,us-ftc-robocall-daily
+15813635493,Robocall,block,3,+15813635493,robocall,1,0,,phone_rule,us-ftc-robocall-daily
+12086187605,Robocall,block,3,+12086187605,robocall,1,0,,phone_rule,us-ftc-robocall-daily
+18336566067,Robocall,block,3,+18336566067,robocall,1,0,,phone_rule,us-ftc-robocall-daily
+14144373979,Robocall,block,3,+14144373979,robocall,1,0,,phone_rule,us-ftc-robocall-daily
+18447921167,Robocall,block,3,+18447921167,robocall,1,0,,phone_rule,us-ftc-robocall-daily
+17193619727,Robocall,block,3,+17193619727,robocall,1,0,,phone_rule,us-ftc-robocall-daily
+18777362066,Robocall,block,3,+18777362066,robocall,1,0,,phone_rule,us-ftc-robocall-daily
+18064874723,Robocall,block,3,+18064874723,robocall,1,0,,phone_rule,us-ftc-robocall-daily
+17702753803,Robocall,block,3,+17702753803,robocall,1,0,,phone_rule,us-ftc-robocall-daily
+18668814225,Robocall,block,3,+18668814225,robocall,1,0,,phone_rule,us-ftc-robocall-daily
+14142852267,Robocall,block,3,+14142852267,robocall,1,0,,phone_rule,us-ftc-robocall-daily
+19056815101,Robocall,block,3,+19056815101,robocall,1,0,,phone_rule,us-ftc-robocall-daily
+17576320950,Robocall,block,3,+17576320950,robocall,1,0,,phone_rule,us-ftc-robocall-daily
+14253499987,Robocall,block,3,+14253499987,robocall,1,0,,phone_rule,us-ftc-robocall-daily
+19154004007,Robocall,block,3,+19154004007,robocall,1,0,,phone_rule,us-ftc-robocall-daily
+13313423635,Robocall,block,3,+13313423635,robocall,1,0,,phone_rule,us-ftc-robocall-daily
+17702648525,Robocall,block,3,+17702648525,robocall,1,0,,phone_rule,us-ftc-robocall-daily
+19162221972,Robocall,block,3,+19162221972,robocall,1,0,,phone_rule,us-ftc-robocall-daily
+18773050141,Robocall,block,3,+18773050141,robocall,1,0,,phone_rule,us-ftc-robocall-daily
+19566671477,Robocall,block,3,+19566671477,robocall,1,0,,phone_rule,us-ftc-robocall-daily
+13466515100,Robocall,block,3,+13466515100,robocall,1,0,,phone_rule,us-ftc-robocall-daily
+14355257672,Robocall,block,3,+14355257672,robocall,1,0,,phone_rule,us-ftc-robocall-daily
+17242568663,Robocall,block,3,+17242568663,robocall,1,0,,phone_rule,us-ftc-robocall-daily
+18556703808,Robocall,block,3,+18556703808,robocall,1,0,,phone_rule,us-ftc-robocall-daily
+17707413657,Robocall,block,3,+17707413657,robocall,1,0,,phone_rule,us-ftc-robocall-daily
+14144375643,Robocall,block,3,+14144375643,robocall,1,0,,phone_rule,us-ftc-robocall-daily
+19494284472,Robocall,block,3,+19494284472,robocall,1,0,,phone_rule,us-ftc-robocall-daily
+14093388461,Robocall,block,3,+14093388461,robocall,1,0,,phone_rule,us-ftc-robocall-daily
+17706577080,Robocall,block,3,+17706577080,robocall,1,0,,phone_rule,us-ftc-robocall-daily
+18336044238,Robocall,block,3,+18336044238,robocall,1,0,,phone_rule,us-ftc-robocall-daily
+19046947818,Robocall,block,3,+19046947818,robocall,1,0,,phone_rule,us-ftc-robocall-daily
+16822334231,Robocall,block,3,+16822334231,robocall,1,0,,phone_rule,us-ftc-robocall-daily
+18723636253,Robocall,block,3,+18723636253,robocall,1,0,,phone_rule,us-ftc-robocall-daily
+18138240840,Robocall,block,3,+18138240840,robocall,1,0,,phone_rule,us-ftc-robocall-daily
+18554903285,Robocall,block,3,+18554903285,robocall,1,0,,phone_rule,us-ftc-robocall-daily
+12676965896,Robocall,block,3,+12676965896,robocall,1,0,,phone_rule,us-ftc-robocall-daily
+17706258351,Robocall,block,3,+17706258351,robocall,1,0,,phone_rule,us-ftc-robocall-daily
+18555693013,Robocall,block,3,+18555693013,robocall,1,0,,phone_rule,us-ftc-robocall-daily
+18886539812,Robocall,block,3,+18886539812,robocall,1,0,,phone_rule,us-ftc-robocall-daily
+17756288132,Robocall,block,3,+17756288132,robocall,1,0,,phone_rule,us-ftc-robocall-daily
+17345848997,Robocall,block,3,+17345848997,robocall,1,0,,phone_rule,us-ftc-robocall-daily
+19855178560,Robocall,block,3,+19855178560,robocall,1,0,,phone_rule,us-ftc-robocall-daily
+18437736854,Robocall,block,3,+18437736854,robocall,1,0,,phone_rule,us-ftc-robocall-daily
+18558051069,Robocall,block,3,+18558051069,robocall,1,0,,phone_rule,us-ftc-robocall-daily
+17708584497,Robocall,block,3,+17708584497,robocall,1,0,,phone_rule,us-ftc-robocall-daily
+19432745070,Robocall,block,3,+19432745070,robocall,1,0,,phone_rule,us-ftc-robocall-daily
+15615708959,Robocall,block,3,+15615708959,robocall,1,0,,phone_rule,us-ftc-robocall-daily
+16615511299,Robocall,block,3,+16615511299,robocall,1,0,,phone_rule,us-ftc-robocall-daily
+18335754086,Robocall,block,3,+18335754086,robocall,1,0,,phone_rule,us-ftc-robocall-daily
+18663231239,Robocall,block,3,+18663231239,robocall,1,0,,phone_rule,us-ftc-robocall-daily
+15183168877,Robocall,block,3,+15183168877,robocall,1,0,,phone_rule,us-ftc-robocall-daily
+15809494306,Robocall,block,3,+15809494306,robocall,1,0,,phone_rule,us-ftc-robocall-daily
+18389460515,Robocall,block,3,+18389460515,robocall,1,0,,phone_rule,us-ftc-robocall-daily
+16478720716,Robocall,block,3,+16478720716,robocall,1,0,,phone_rule,us-ftc-robocall-daily
+16193670296,Robocall,block,3,+16193670296,robocall,1,0,,phone_rule,us-ftc-robocall-daily
+14706002749,Robocall,block,3,+14706002749,robocall,1,0,,phone_rule,us-ftc-robocall-daily
+14343711105,Robocall,block,3,+14343711105,robocall,1,0,,phone_rule,us-ftc-robocall-daily
+18583587636,Robocall,block,3,+18583587636,robocall,1,0,,phone_rule,us-ftc-robocall-daily
+14057563263,Robocall,block,3,+14057563263,robocall,1,0,,phone_rule,us-ftc-robocall-daily
+19738527133,Robocall,block,3,+19738527133,robocall,1,0,,phone_rule,us-ftc-robocall-daily
+17707497673,Robocall,block,3,+17707497673,robocall,1,0,,phone_rule,us-ftc-robocall-daily
+12515313506,Robocall,block,3,+12515313506,robocall,1,0,,phone_rule,us-ftc-robocall-daily
+18778389344,Robocall,block,3,+18778389344,robocall,1,0,,phone_rule,us-ftc-robocall-daily
+19049152873,Robocall,block,3,+19049152873,robocall,1,0,,phone_rule,us-ftc-robocall-daily
+18506952392,Robocall,block,3,+18506952392,robocall,1,0,,phone_rule,us-ftc-robocall-daily
+13373519793,Robocall,block,3,+13373519793,robocall,1,0,,phone_rule,us-ftc-robocall-daily
+18133239784,Robocall,block,3,+18133239784,robocall,1,0,,phone_rule,us-ftc-robocall-daily
+12525021735,Robocall,block,3,+12525021735,robocall,1,0,,phone_rule,us-ftc-robocall-daily
+17702154890,Robocall,block,3,+17702154890,robocall,1,0,,phone_rule,us-ftc-robocall-daily
+14508527323,Robocall,block,3,+14508527323,robocall,1,0,,phone_rule,us-ftc-robocall-daily
+15593368056,Robocall,block,3,+15593368056,robocall,1,0,,phone_rule,us-ftc-robocall-daily
+16592202661,Robocall,block,3,+16592202661,robocall,1,0,,phone_rule,us-ftc-robocall-daily
+18885309141,Robocall,block,3,+18885309141,robocall,1,0,,phone_rule,us-ftc-robocall-daily
+18337839954,Robocall,block,3,+18337839954,robocall,1,0,,phone_rule,us-ftc-robocall-daily
+17148448097,Robocall,block,3,+17148448097,robocall,1,0,,phone_rule,us-ftc-robocall-daily
+18509123400,Robocall,block,3,+18509123400,robocall,1,0,,phone_rule,us-ftc-robocall-daily
+17706728624,Robocall,block,3,+17706728624,robocall,1,0,,phone_rule,us-ftc-robocall-daily
+16392796540,Robocall,block,3,+16392796540,robocall,1,0,,phone_rule,us-ftc-robocall-daily
+12605432768,Robocall,block,3,+12605432768,robocall,1,0,,phone_rule,us-ftc-robocall-daily
+19124747491,Robocall,block,3,+19124747491,robocall,1,0,,phone_rule,us-ftc-robocall-daily
+15313192406,Robocall,block,3,+15313192406,robocall,1,0,,phone_rule,us-ftc-robocall-daily
+19376371256,Robocall,block,3,+19376371256,robocall,1,0,,phone_rule,us-ftc-robocall-daily
+17573363954,Robocall,block,3,+17573363954,robocall,1,0,,phone_rule,us-ftc-robocall-daily
+14144379170,Robocall,block,3,+14144379170,robocall,1,0,,phone_rule,us-ftc-robocall-daily
+15852613913,Robocall,block,3,+15852613913,robocall,1,0,,phone_rule,us-ftc-robocall-daily
+18332724751,Robocall,block,3,+18332724751,robocall,1,0,,phone_rule,us-ftc-robocall-daily
+19287149589,Robocall,block,3,+19287149589,robocall,1,0,,phone_rule,us-ftc-robocall-daily
+13187918760,Robocall,block,3,+13187918760,robocall,1,0,,phone_rule,us-ftc-robocall-daily
+17192823299,Robocall,block,3,+17192823299,robocall,1,0,,phone_rule,us-ftc-robocall-daily
+13105653818,Robocall,block,3,+13105653818,robocall,1,0,,phone_rule,us-ftc-robocall-daily
+12544284454,Robocall,block,3,+12544284454,robocall,1,0,,phone_rule,us-ftc-robocall-daily
+19782966918,Robocall,block,3,+19782966918,robocall,1,0,,phone_rule,us-ftc-robocall-daily
+12067850024,Robocall,block,3,+12067850024,robocall,1,0,,phone_rule,us-ftc-robocall-daily
+13072741948,Robocall,block,3,+13072741948,robocall,1,0,,phone_rule,us-ftc-robocall-daily
+18184125201,Robocall,block,3,+18184125201,robocall,1,0,,phone_rule,us-ftc-robocall-daily
+14502050197,Robocall,block,3,+14502050197,robocall,1,0,,phone_rule,us-ftc-robocall-daily
+16514195886,Robocall,block,3,+16514195886,robocall,1,0,,phone_rule,us-ftc-robocall-daily
+14784661709,Robocall,block,3,+14784661709,robocall,1,0,,phone_rule,us-ftc-robocall-daily
+19284044800,Robocall,block,3,+19284044800,robocall,1,0,,phone_rule,us-ftc-robocall-daily
+15733192406,Robocall,block,3,+15733192406,robocall,1,0,,phone_rule,us-ftc-robocall-daily
+18554940945,Robocall,block,3,+18554940945,robocall,1,0,,phone_rule,us-ftc-robocall-daily
+18166764582,Robocall,block,3,+18166764582,robocall,1,0,,phone_rule,us-ftc-robocall-daily
+12109178593,Robocall,block,3,+12109178593,robocall,1,0,,phone_rule,us-ftc-robocall-daily
+18398006960,Robocall,block,3,+18398006960,robocall,1,0,,phone_rule,us-ftc-robocall-daily
+19512090078,Robocall,block,3,+19512090078,robocall,1,0,,phone_rule,us-ftc-robocall-daily
+16149600989,Robocall,block,3,+16149600989,robocall,1,0,,phone_rule,us-ftc-robocall-daily
+19723666015,Robocall,block,3,+19723666015,robocall,1,0,,phone_rule,us-ftc-robocall-daily
+17712329566,Robocall,block,3,+17712329566,robocall,1,0,,phone_rule,us-ftc-robocall-daily
+16126655661,Robocall,block,3,+16126655661,robocall,1,0,,phone_rule,us-ftc-robocall-daily
+19512237324,Robocall,block,3,+19512237324,robocall,1,0,,phone_rule,us-ftc-robocall-daily
+14238527323,Robocall,block,3,+14238527323,robocall,1,0,,phone_rule,us-ftc-robocall-daily
+14723005625,Robocall,block,3,+14723005625,robocall,1,0,,phone_rule,us-ftc-robocall-daily
+13468871742,Robocall,block,3,+13468871742,robocall,1,0,,phone_rule,us-ftc-robocall-daily
+19083731961,Robocall,block,3,+19083731961,robocall,1,0,,phone_rule,us-ftc-robocall-daily
+12896720088,Robocall,block,3,+12896720088,robocall,1,0,,phone_rule,us-ftc-robocall-daily
+16572464039,Robocall,block,3,+16572464039,robocall,1,0,,phone_rule,us-ftc-robocall-daily
+14754543698,Robocall,block,3,+14754543698,robocall,1,0,,phone_rule,us-ftc-robocall-daily
+18663089549,Robocall,block,3,+18663089549,robocall,1,0,,phone_rule,us-ftc-robocall-daily
+13018231009,Robocall,block,3,+13018231009,robocall,1,0,,phone_rule,us-ftc-robocall-daily
+13166130226,Robocall,block,3,+13166130226,robocall,1,0,,phone_rule,us-ftc-robocall-daily
+15024699311,Robocall,block,3,+15024699311,robocall,1,0,,phone_rule,us-ftc-robocall-daily
+12543092716,Robocall,block,3,+12543092716,robocall,1,0,,phone_rule,us-ftc-robocall-daily
+19168393398,Robocall,block,3,+19168393398,robocall,1,0,,phone_rule,us-ftc-robocall-daily
+15716780488,Robocall,block,3,+15716780488,robocall,1,0,,phone_rule,us-ftc-robocall-daily
+19034760494,Robocall,block,3,+19034760494,robocall,1,0,,phone_rule,us-ftc-robocall-daily
+12792885240,Robocall,block,3,+12792885240,robocall,1,0,,phone_rule,us-ftc-robocall-daily
+19287747489,Robocall,block,3,+19287747489,robocall,1,0,,phone_rule,us-ftc-robocall-daily
+18172073773,Robocall,block,3,+18172073773,robocall,1,0,,phone_rule,us-ftc-robocall-daily
+18555692050,Robocall,block,3,+18555692050,robocall,1,0,,phone_rule,us-ftc-robocall-daily
+17062003669,Robocall,block,3,+17062003669,robocall,1,0,,phone_rule,us-ftc-robocall-daily
+15024800620,Robocall,block,3,+15024800620,robocall,1,0,,phone_rule,us-ftc-robocall-daily
+17603649334,Robocall,block,3,+17603649334,robocall,1,0,,phone_rule,us-ftc-robocall-daily
+17744890179,Robocall,block,3,+17744890179,robocall,1,0,,phone_rule,us-ftc-robocall-daily
+19282262618,Robocall,block,3,+19282262618,robocall,1,0,,phone_rule,us-ftc-robocall-daily
+15615942499,Robocall,block,3,+15615942499,robocall,1,0,,phone_rule,us-ftc-robocall-daily
+16295005339,Robocall,block,3,+16295005339,robocall,1,0,,phone_rule,us-ftc-robocall-daily
+15205975840,Robocall,block,3,+15205975840,robocall,1,0,,phone_rule,us-ftc-robocall-daily
+16576265803,Robocall,block,3,+16576265803,robocall,1,0,,phone_rule,us-ftc-robocall-daily
+18173578985,Robocall,block,3,+18173578985,robocall,1,0,,phone_rule,us-ftc-robocall-daily
+15806486101,Robocall,block,3,+15806486101,robocall,1,0,,phone_rule,us-ftc-robocall-daily
+15023347347,Robocall,block,3,+15023347347,robocall,1,0,,phone_rule,us-ftc-robocall-daily
+14432960327,Robocall,block,3,+14432960327,robocall,1,0,,phone_rule,us-ftc-robocall-daily
+13204363321,Robocall,block,3,+13204363321,robocall,1,0,,phone_rule,us-ftc-robocall-daily
+19288526314,Robocall,block,3,+19288526314,robocall,1,0,,phone_rule,us-ftc-robocall-daily
+18049698254,Robocall,block,3,+18049698254,robocall,1,0,,phone_rule,us-ftc-robocall-daily
+14072036136,Robocall,block,3,+14072036136,robocall,1,0,,phone_rule,us-ftc-robocall-daily
+16576862251,Robocall,block,3,+16576862251,robocall,1,0,,phone_rule,us-ftc-robocall-daily
+12244451678,Robocall,block,3,+12244451678,robocall,1,0,,phone_rule,us-ftc-robocall-daily
+18546006170,Robocall,block,3,+18546006170,robocall,1,0,,phone_rule,us-ftc-robocall-daily
+15208335620,Robocall,block,3,+15208335620,robocall,1,0,,phone_rule,us-ftc-robocall-daily
+14325841163,Robocall,block,3,+14325841163,robocall,1,0,,phone_rule,us-ftc-robocall-daily
+17329525599,Robocall,block,3,+17329525599,robocall,1,0,,phone_rule,us-ftc-robocall-daily
+16232959590,Robocall,block,3,+16232959590,robocall,1,0,,phone_rule,us-ftc-robocall-daily
+15875097490,Robocall,block,3,+15875097490,robocall,1,0,,phone_rule,us-ftc-robocall-daily
+18333734580,Robocall,block,3,+18333734580,robocall,1,0,,phone_rule,us-ftc-robocall-daily
+18039307527,Robocall,block,3,+18039307527,robocall,1,0,,phone_rule,us-ftc-robocall-daily
+19286286992,Robocall,block,3,+19286286992,robocall,1,0,,phone_rule,us-ftc-robocall-daily
+15075545383,Robocall,block,3,+15075545383,robocall,1,0,,phone_rule,us-ftc-robocall-daily
+18448274348,Robocall,block,3,+18448274348,robocall,1,0,,phone_rule,us-ftc-robocall-daily
+18572024005,Robocall,block,3,+18572024005,robocall,1,0,,phone_rule,us-ftc-robocall-daily
+19783571164,Robocall,block,3,+19783571164,robocall,1,0,,phone_rule,us-ftc-robocall-daily
+16302998668,Robocall,block,3,+16302998668,robocall,1,0,,phone_rule,us-ftc-robocall-daily
+18253170758,Robocall,block,3,+18253170758,robocall,1,0,,phone_rule,us-ftc-robocall-daily
+19493232914,Robocall,block,3,+19493232914,robocall,1,0,,phone_rule,us-ftc-robocall-daily
+19282163182,Robocall,block,3,+19282163182,robocall,1,0,,phone_rule,us-ftc-robocall-daily
+18663825761,Robocall,block,3,+18663825761,robocall,1,0,,phone_rule,us-ftc-robocall-daily
+17148315706,Robocall,block,3,+17148315706,robocall,1,0,,phone_rule,us-ftc-robocall-daily
+17869495929,Robocall,block,3,+17869495929,robocall,1,0,,phone_rule,us-ftc-robocall-daily
+18137617568,Robocall,block,3,+18137617568,robocall,1,0,,phone_rule,us-ftc-robocall-daily
+18048250144,Robocall,block,3,+18048250144,robocall,1,0,,phone_rule,us-ftc-robocall-daily
+12162430311,Robocall,block,3,+12162430311,robocall,1,0,,phone_rule,us-ftc-robocall-daily
+18665501683,Robocall,block,3,+18665501683,robocall,1,0,,phone_rule,us-ftc-robocall-daily
+19402787304,Robocall,block,3,+19402787304,robocall,1,0,,phone_rule,us-ftc-robocall-daily
+17052089306,Robocall,block,3,+17052089306,robocall,1,0,,phone_rule,us-ftc-robocall-daily
+18557978175,Robocall,block,3,+18557978175,robocall,1,0,,phone_rule,us-ftc-robocall-daily
+14755005453,Robocall,block,3,+14755005453,robocall,1,0,,phone_rule,us-ftc-robocall-daily
+16576083322,Robocall,block,3,+16576083322,robocall,1,0,,phone_rule,us-ftc-robocall-daily
+19282646194,Robocall,block,3,+19282646194,robocall,1,0,,phone_rule,us-ftc-robocall-daily
+19054108087,Robocall,block,3,+19054108087,robocall,1,0,,phone_rule,us-ftc-robocall-daily
+18334416260,Robocall,block,3,+18334416260,robocall,1,0,,phone_rule,us-ftc-robocall-daily
+19283456534,Robocall,block,3,+19283456534,robocall,1,0,,phone_rule,us-ftc-robocall-daily
+19493328526,Robocall,block,3,+19493328526,robocall,1,0,,phone_rule,us-ftc-robocall-daily
+13858740845,Robocall,block,3,+13858740845,robocall,1,0,,phone_rule,us-ftc-robocall-daily
+12293249596,Robocall,block,3,+12293249596,robocall,1,0,,phone_rule,us-ftc-robocall-daily
+17432036968,Robocall,block,3,+17432036968,robocall,1,0,,phone_rule,us-ftc-robocall-daily
+14806720062,Robocall,block,3,+14806720062,robocall,1,0,,phone_rule,us-ftc-robocall-daily
+18555692851,Robocall,block,3,+18555692851,robocall,1,0,,phone_rule,us-ftc-robocall-daily
+17154305940,Robocall,block,3,+17154305940,robocall,1,0,,phone_rule,us-ftc-robocall-daily
+19284924297,Robocall,block,3,+19284924297,robocall,1,0,,phone_rule,us-ftc-robocall-daily
+15187321115,Robocall,block,3,+15187321115,robocall,1,0,,phone_rule,us-ftc-robocall-daily
+18708004015,Robocall,block,3,+18708004015,robocall,1,0,,phone_rule,us-ftc-robocall-daily
+18773730460,Robocall,block,3,+18773730460,robocall,1,0,,phone_rule,us-ftc-robocall-daily
+18108801803,Robocall,block,3,+18108801803,robocall,1,0,,phone_rule,us-ftc-robocall-daily
+14783058209,Robocall,block,3,+14783058209,robocall,1,0,,phone_rule,us-ftc-robocall-daily
+12543628894,Robocall,block,3,+12543628894,robocall,1,0,,phone_rule,us-ftc-robocall-daily
+16183231844,Robocall,block,3,+16183231844,robocall,1,0,,phone_rule,us-ftc-robocall-daily
+19296171167,Robocall,block,3,+19296171167,robocall,1,0,,phone_rule,us-ftc-robocall-daily
+19284264753,Robocall,block,3,+19284264753,robocall,1,0,,phone_rule,us-ftc-robocall-daily
+18664411972,Robocall,block,3,+18664411972,robocall,1,0,,phone_rule,us-ftc-robocall-daily
+12292858683,Robocall,block,3,+12292858683,robocall,1,0,,phone_rule,us-ftc-robocall-daily
+12179787839,Robocall,block,3,+12179787839,robocall,1,0,,phone_rule,us-ftc-robocall-daily
+18452417409,Robocall,block,3,+18452417409,robocall,1,0,,phone_rule,us-ftc-robocall-daily
+14169804540,Robocall,block,3,+14169804540,robocall,1,0,,phone_rule,us-ftc-robocall-daily
+17147391176,Robocall,block,3,+17147391176,robocall,1,0,,phone_rule,us-ftc-robocall-daily
+14433999429,Robocall,block,3,+14433999429,robocall,1,0,,phone_rule,us-ftc-robocall-daily
+14013852819,Robocall,block,3,+14013852819,robocall,1,0,,phone_rule,us-ftc-robocall-daily
+18665309686,Robocall,block,3,+18665309686,robocall,1,0,,phone_rule,us-ftc-robocall-daily
+13303437638,Robocall,block,3,+13303437638,robocall,1,0,,phone_rule,us-ftc-robocall-daily
+16419000194,Robocall,block,3,+16419000194,robocall,1,0,,phone_rule,us-ftc-robocall-daily
+12164603631,Robocall,block,3,+12164603631,robocall,1,0,,phone_rule,us-ftc-robocall-daily
+19736298974,Robocall,block,3,+19736298974,robocall,1,0,,phone_rule,us-ftc-robocall-daily
+16576083422,Robocall,block,3,+16576083422,robocall,1,0,,phone_rule,us-ftc-robocall-daily
+13187805601,Robocall,block,3,+13187805601,robocall,1,0,,phone_rule,us-ftc-robocall-daily
+16126655854,Robocall,block,3,+16126655854,robocall,1,0,,phone_rule,us-ftc-robocall-daily
+18777881453,Robocall,block,3,+18777881453,robocall,1,0,,phone_rule,us-ftc-robocall-daily
+16138757431,Robocall,block,3,+16138757431,robocall,1,0,,phone_rule,us-ftc-robocall-daily
+12294711658,Robocall,block,3,+12294711658,robocall,1,0,,phone_rule,us-ftc-robocall-daily
+13109656395,Robocall,block,3,+13109656395,robocall,1,0,,phone_rule,us-ftc-robocall-daily
+18288676009,Robocall,block,3,+18288676009,robocall,1,0,,phone_rule,us-ftc-robocall-daily
+14503416800,Robocall,block,3,+14503416800,robocall,1,0,,phone_rule,us-ftc-robocall-daily
+14256209853,Robocall,block,3,+14256209853,robocall,1,0,,phone_rule,us-ftc-robocall-daily
+12254686340,Robocall,block,3,+12254686340,robocall,1,0,,phone_rule,us-ftc-robocall-daily
+17088093616,Robocall,block,3,+17088093616,robocall,1,0,,phone_rule,us-ftc-robocall-daily
+19543711867,Robocall,block,3,+19543711867,robocall,1,0,,phone_rule,us-ftc-robocall-daily
+18703066013,Robocall,block,3,+18703066013,robocall,1,0,,phone_rule,us-ftc-robocall-daily
+15026610240,Robocall,block,3,+15026610240,robocall,1,0,,phone_rule,us-ftc-robocall-daily
+19852383525,Robocall,block,3,+19852383525,robocall,1,0,,phone_rule,us-ftc-robocall-daily
+17047274568,Robocall,block,3,+17047274568,robocall,1,0,,phone_rule,us-ftc-robocall-daily
+12293496376,Robocall,block,3,+12293496376,robocall,1,0,,phone_rule,us-ftc-robocall-daily
+18444877738,Robocall,block,3,+18444877738,robocall,1,0,,phone_rule,us-ftc-robocall-daily
+16314894976,Robocall,block,3,+16314894976,robocall,1,0,,phone_rule,us-ftc-robocall-daily
+18335110797,Robocall,block,3,+18335110797,robocall,1,0,,phone_rule,us-ftc-robocall-daily
+18444492959,Robocall,block,3,+18444492959,robocall,1,0,,phone_rule,us-ftc-robocall-daily
+14387030549,Robocall,block,3,+14387030549,robocall,1,0,,phone_rule,us-ftc-robocall-daily
+15705621891,Robocall,block,3,+15705621891,robocall,1,0,,phone_rule,us-ftc-robocall-daily
+15706892178,Robocall,block,3,+15706892178,robocall,1,0,,phone_rule,us-ftc-robocall-daily
+18175344216,Robocall,block,3,+18175344216,robocall,1,0,,phone_rule,us-ftc-robocall-daily
+13309632623,Robocall,block,3,+13309632623,robocall,1,0,,phone_rule,us-ftc-robocall-daily
+18773912978,Robocall,block,3,+18773912978,robocall,1,0,,phone_rule,us-ftc-robocall-daily
+13212735350,Robocall,block,3,+13212735350,robocall,1,0,,phone_rule,us-ftc-robocall-daily
+15017434930,Robocall,block,3,+15017434930,robocall,1,0,,phone_rule,us-ftc-robocall-daily
+19412547925,Robocall,block,3,+19412547925,robocall,1,0,,phone_rule,us-ftc-robocall-daily
+15702098941,Robocall,block,3,+15702098941,robocall,1,0,,phone_rule,us-ftc-robocall-daily
+19294936526,Robocall,block,3,+19294936526,robocall,1,0,,phone_rule,us-ftc-robocall-daily
+15089388527,Robocall,block,3,+15089388527,robocall,1,0,,phone_rule,us-ftc-robocall-daily
+18775341059,Robocall,block,3,+18775341059,robocall,1,0,,phone_rule,us-ftc-robocall-daily
+15702823470,Robocall,block,3,+15702823470,robocall,1,0,,phone_rule,us-ftc-robocall-daily
+17817806953,Robocall,block,3,+17817806953,robocall,1,0,,phone_rule,us-ftc-robocall-daily
+13187804485,Robocall,block,3,+13187804485,robocall,1,0,,phone_rule,us-ftc-robocall-daily
+17704027680,Robocall,block,3,+17704027680,robocall,1,0,,phone_rule,us-ftc-robocall-daily
+18663424391,Robocall,block,3,+18663424391,robocall,1,0,,phone_rule,us-ftc-robocall-daily
+19172837736,Robocall,block,3,+19172837736,robocall,1,0,,phone_rule,us-ftc-robocall-daily
+18706410791,Robocall,block,3,+18706410791,robocall,1,0,,phone_rule,us-ftc-robocall-daily
+15165495871,Robocall,block,3,+15165495871,robocall,1,0,,phone_rule,us-ftc-robocall-daily
+18332803581,Robocall,block,3,+18332803581,robocall,1,0,,phone_rule,us-ftc-robocall-daily
+19108698032,Robocall,block,3,+19108698032,robocall,1,0,,phone_rule,us-ftc-robocall-daily
+15705031671,Robocall,block,3,+15705031671,robocall,1,0,,phone_rule,us-ftc-robocall-daily
+15028620183,Robocall,block,3,+15028620183,robocall,1,0,,phone_rule,us-ftc-robocall-daily
+13308185266,Robocall,block,3,+13308185266,robocall,1,0,,phone_rule,us-ftc-robocall-daily
+18705690649,Robocall,block,3,+18705690649,robocall,1,0,,phone_rule,us-ftc-robocall-daily
+14753875527,Robocall,block,3,+14753875527,robocall,1,0,,phone_rule,us-ftc-robocall-daily
+19857927972,Robocall,block,3,+19857927972,robocall,1,0,,phone_rule,us-ftc-robocall-daily
+18555840189,Robocall,block,3,+18555840189,robocall,1,0,,phone_rule,us-ftc-robocall-daily
+19175907921,Robocall,block,3,+19175907921,robocall,1,0,,phone_rule,us-ftc-robocall-daily
+18108816340,Robocall,block,3,+18108816340,robocall,1,0,,phone_rule,us-ftc-robocall-daily
+15704575877,Robocall,block,3,+15704575877,robocall,1,0,,phone_rule,us-ftc-robocall-daily
+18338319067,Robocall,block,3,+18338319067,robocall,1,0,,phone_rule,us-ftc-robocall-daily
+15206573358,Robocall,block,3,+15206573358,robocall,1,0,,phone_rule,us-ftc-robocall-daily
+12178349965,Robocall,block,3,+12178349965,robocall,1,0,,phone_rule,us-ftc-robocall-daily
+14022016185,Robocall,block,3,+14022016185,robocall,1,0,,phone_rule,us-ftc-robocall-daily
+15153827514,Robocall,block,3,+15153827514,robocall,1,0,,phone_rule,us-ftc-robocall-daily
+12288006221,Robocall,block,3,+12288006221,robocall,1,0,,phone_rule,us-ftc-robocall-daily
+13374535965,Robocall,block,3,+13374535965,robocall,1,0,,phone_rule,us-ftc-robocall-daily
+18042104238,Robocall,block,3,+18042104238,robocall,1,0,,phone_rule,us-ftc-robocall-daily
+15138405191,Robocall,block,3,+15138405191,robocall,1,0,,phone_rule,us-ftc-robocall-daily
+18089908241,Robocall,block,3,+18089908241,robocall,1,0,,phone_rule,us-ftc-robocall-daily
+17144614019,Robocall,block,3,+17144614019,robocall,1,0,,phone_rule,us-ftc-robocall-daily
+18777041242,Robocall,block,3,+18777041242,robocall,1,0,,phone_rule,us-ftc-robocall-daily
+18705690732,Robocall,block,3,+18705690732,robocall,1,0,,phone_rule,us-ftc-robocall-daily
+18338913480,Robocall,block,3,+18338913480,robocall,1,0,,phone_rule,us-ftc-robocall-daily
+19367605800,Robocall,block,3,+19367605800,robocall,1,0,,phone_rule,us-ftc-robocall-daily
+17157281800,Robocall,block,3,+17157281800,robocall,1,0,,phone_rule,us-ftc-robocall-daily
+18774700163,Robocall,block,3,+18774700163,robocall,1,0,,phone_rule,us-ftc-robocall-daily
+18709856856,Robocall,block,3,+18709856856,robocall,1,0,,phone_rule,us-ftc-robocall-daily
+17745517778,Robocall,block,3,+17745517778,robocall,1,0,,phone_rule,us-ftc-robocall-daily
+17712531640,Robocall,block,3,+17712531640,robocall,1,0,,phone_rule,us-ftc-robocall-daily
+15024533525,Robocall,block,3,+15024533525,robocall,1,0,,phone_rule,us-ftc-robocall-daily
+18312187931,Robocall,block,3,+18312187931,robocall,1,0,,phone_rule,us-ftc-robocall-daily
+18452694771,Robocall,block,3,+18452694771,robocall,1,0,,phone_rule,us-ftc-robocall-daily
+15879212494,Robocall,block,3,+15879212494,robocall,1,0,,phone_rule,us-ftc-robocall-daily
+18555802560,Robocall,block,3,+18555802560,robocall,1,0,,phone_rule,us-ftc-robocall-daily
+18706410565,Robocall,block,3,+18706410565,robocall,1,0,,phone_rule,us-ftc-robocall-daily
+19134534423,Robocall,block,3,+19134534423,robocall,1,0,,phone_rule,us-ftc-robocall-daily
+16073089436,Robocall,block,3,+16073089436,robocall,1,0,,phone_rule,us-ftc-robocall-daily
+12704008417,Robocall,block,3,+12704008417,robocall,1,0,,phone_rule,us-ftc-robocall-daily
+18706410941,Robocall,block,3,+18706410941,robocall,1,0,,phone_rule,us-ftc-robocall-daily
+16048682483,Robocall,block,3,+16048682483,robocall,1,0,,phone_rule,us-ftc-robocall-daily
+16415757499,Robocall,block,3,+16415757499,robocall,1,0,,phone_rule,us-ftc-robocall-daily
+18283834532,Robocall,block,3,+18283834532,robocall,1,0,,phone_rule,us-ftc-robocall-daily
+12266967881,Robocall,block,3,+12266967881,robocall,1,0,,phone_rule,us-ftc-robocall-daily
+19039809668,Robocall,block,3,+19039809668,robocall,1,0,,phone_rule,us-ftc-robocall-daily
+12164242963,Robocall,block,3,+12164242963,robocall,1,0,,phone_rule,us-ftc-robocall-daily
+18884217965,Robocall,block,3,+18884217965,robocall,1,0,,phone_rule,us-ftc-robocall-daily
+19549888463,Robocall,block,3,+19549888463,robocall,1,0,,phone_rule,us-ftc-robocall-daily
+18772404305,Robocall,block,3,+18772404305,robocall,1,0,,phone_rule,us-ftc-robocall-daily
+18775341275,Robocall,block,3,+18775341275,robocall,1,0,,phone_rule,us-ftc-robocall-daily
+18663983312,Robocall,block,3,+18663983312,robocall,1,0,,phone_rule,us-ftc-robocall-daily
+12287970459,Robocall,block,3,+12287970459,robocall,1,0,,phone_rule,us-ftc-robocall-daily
+18332848198,Robocall,block,3,+18332848198,robocall,1,0,,phone_rule,us-ftc-robocall-daily
+18334400528,Robocall,block,3,+18334400528,robocall,1,0,,phone_rule,us-ftc-robocall-daily
+17047029321,Robocall,block,3,+17047029321,robocall,1,0,,phone_rule,us-ftc-robocall-daily
+12056849835,Robocall,block,3,+12056849835,robocall,1,0,,phone_rule,us-ftc-robocall-daily
+18773913272,Robocall,block,3,+18773913272,robocall,1,0,,phone_rule,us-ftc-robocall-daily
+15312368945,Robocall,block,3,+15312368945,robocall,1,0,,phone_rule,us-ftc-robocall-daily
+18176784986,Robocall,block,3,+18176784986,robocall,1,0,,phone_rule,us-ftc-robocall-daily
+13306337946,Robocall,block,3,+13306337946,robocall,1,0,,phone_rule,us-ftc-robocall-daily
+17784739109,Robocall,block,3,+17784739109,robocall,1,0,,phone_rule,us-ftc-robocall-daily
+18332185216,Robocall,block,3,+18332185216,robocall,1,0,,phone_rule,us-ftc-robocall-daily
+12566722476,Robocall,block,3,+12566722476,robocall,1,0,,phone_rule,us-ftc-robocall-daily
+14049069275,Robocall,block,3,+14049069275,robocall,1,0,,phone_rule,us-ftc-robocall-daily
+18776463267,Robocall,block,3,+18776463267,robocall,1,0,,phone_rule,us-ftc-robocall-daily
+17074055430,Robocall,block,3,+17074055430,robocall,1,0,,phone_rule,us-ftc-robocall-daily
+17183404053,Robocall,block,3,+17183404053,robocall,1,0,,phone_rule,us-ftc-robocall-daily
+18382461163,Robocall,block,3,+18382461163,robocall,1,0,,phone_rule,us-ftc-robocall-daily
+14808560546,Robocall,block,3,+14808560546,robocall,1,0,,phone_rule,us-ftc-robocall-daily
+18009662046,Robocall,block,3,+18009662046,robocall,1,0,,phone_rule,us-ftc-robocall-daily
+15752622830,Robocall,block,3,+15752622830,robocall,1,0,,phone_rule,us-ftc-robocall-daily
+17712535630,Robocall,block,3,+17712535630,robocall,1,0,,phone_rule,us-ftc-robocall-daily
+18333583918,Robocall,block,3,+18333583918,robocall,1,0,,phone_rule,us-ftc-robocall-daily
+14503002629,Robocall,block,3,+14503002629,robocall,1,0,,phone_rule,us-ftc-robocall-daily
+12068045550,Robocall,block,3,+12068045550,robocall,1,0,,phone_rule,us-ftc-robocall-daily
+12136549802,Robocall,block,3,+12136549802,robocall,1,0,,phone_rule,us-ftc-robocall-daily
+14046980314,Robocall,block,3,+14046980314,robocall,1,0,,phone_rule,us-ftc-robocall-daily
+17576490357,Robocall,block,3,+17576490357,robocall,1,0,,phone_rule,us-ftc-robocall-daily
+18338496498,Robocall,block,3,+18338496498,robocall,1,0,,phone_rule,us-ftc-robocall-daily
+13858654164,Robocall,block,3,+13858654164,robocall,1,0,,phone_rule,us-ftc-robocall-daily
+18607848487,Robocall,block,3,+18607848487,robocall,1,0,,phone_rule,us-ftc-robocall-daily
+15612508910,Robocall,block,3,+15612508910,robocall,1,0,,phone_rule,us-ftc-robocall-daily
+19702874012,Robocall,block,3,+19702874012,robocall,1,0,,phone_rule,us-ftc-robocall-daily
+14697318037,Robocall,block,3,+14697318037,robocall,1,0,,phone_rule,us-ftc-robocall-daily
+15128937023,Robocall,block,3,+15128937023,robocall,1,0,,phone_rule,us-ftc-robocall-daily
+19086730534,Robocall,block,3,+19086730534,robocall,1,0,,phone_rule,us-ftc-robocall-daily
+16282729496,Robocall,block,3,+16282729496,robocall,1,0,,phone_rule,us-ftc-robocall-daily
+18335154765,Robocall,block,3,+18335154765,robocall,1,0,,phone_rule,us-ftc-robocall-daily
+18776811216,Robocall,block,3,+18776811216,robocall,1,0,,phone_rule,us-ftc-robocall-daily
+18017816173,Robocall,block,3,+18017816173,robocall,1,0,,phone_rule,us-ftc-robocall-daily
+16602480970,Robocall,block,3,+16602480970,robocall,1,0,,phone_rule,us-ftc-robocall-daily
+17373640437,Robocall,block,3,+17373640437,robocall,1,0,,phone_rule,us-ftc-robocall-daily
+12165309529,Robocall,block,3,+12165309529,robocall,1,0,,phone_rule,us-ftc-robocall-daily
+12103908052,Robocall,block,3,+12103908052,robocall,1,0,,phone_rule,us-ftc-robocall-daily
+18195131371,Robocall,block,3,+18195131371,robocall,1,0,,phone_rule,us-ftc-robocall-daily
+12543541529,Robocall,block,3,+12543541529,robocall,1,0,,phone_rule,us-ftc-robocall-daily
+14434059398,Robocall,block,3,+14434059398,robocall,1,0,,phone_rule,us-ftc-robocall-daily
+12142564610,Robocall,block,3,+12142564610,robocall,1,0,,phone_rule,us-ftc-robocall-daily
+19294772121,Robocall,block,3,+19294772121,robocall,1,0,,phone_rule,us-ftc-robocall-daily
+18386680148,Robocall,block,3,+18386680148,robocall,1,0,,phone_rule,us-ftc-robocall-daily
+19132460704,Robocall,block,3,+19132460704,robocall,1,0,,phone_rule,us-ftc-robocall-daily
+12023819895,Robocall,block,3,+12023819895,robocall,1,0,,phone_rule,us-ftc-robocall-daily
+15028796135,Robocall,block,3,+15028796135,robocall,1,0,,phone_rule,us-ftc-robocall-daily
+15024536155,Robocall,block,3,+15024536155,robocall,1,0,,phone_rule,us-ftc-robocall-daily
+12037016749,Robocall,block,3,+12037016749,robocall,1,0,,phone_rule,us-ftc-robocall-daily
+18335312005,Robocall,block,3,+18335312005,robocall,1,0,,phone_rule,us-ftc-robocall-daily
+12487265526,Robocall,block,3,+12487265526,robocall,1,0,,phone_rule,us-ftc-robocall-daily
+16826222356,Robocall,block,3,+16826222356,robocall,1,0,,phone_rule,us-ftc-robocall-daily
+19292411814,Robocall,block,3,+19292411814,robocall,1,0,,phone_rule,us-ftc-robocall-daily
+12143960451,Robocall,block,3,+12143960451,robocall,1,0,,phone_rule,us-ftc-robocall-daily
+17242822440,Robocall,block,3,+17242822440,robocall,1,0,,phone_rule,us-ftc-robocall-daily
+18567548542,Robocall,block,3,+18567548542,robocall,1,0,,phone_rule,us-ftc-robocall-daily
+18017688250,Robocall,block,3,+18017688250,robocall,1,0,,phone_rule,us-ftc-robocall-daily
+15023349423,Robocall,block,3,+15023349423,robocall,1,0,,phone_rule,us-ftc-robocall-daily
+15173564720,Robocall,block,3,+15173564720,robocall,1,0,,phone_rule,us-ftc-robocall-daily
+15703383651,Robocall,block,3,+15703383651,robocall,1,0,,phone_rule,us-ftc-robocall-daily
+13374543804,Robocall,block,3,+13374543804,robocall,1,0,,phone_rule,us-ftc-robocall-daily
+18019233731,Robocall,block,3,+18019233731,robocall,1,0,,phone_rule,us-ftc-robocall-daily
+12034339162,Robocall,block,3,+12034339162,robocall,1,0,,phone_rule,us-ftc-robocall-daily
+18885457880,Robocall,block,3,+18885457880,robocall,1,0,,phone_rule,us-ftc-robocall-daily
+19498056844,Robocall,block,3,+19498056844,robocall,1,0,,phone_rule,us-ftc-robocall-daily
+19035461383,Robocall,block,3,+19035461383,robocall,1,0,,phone_rule,us-ftc-robocall-daily
+19543356058,Robocall,block,3,+19543356058,robocall,1,0,,phone_rule,us-ftc-robocall-daily
+18664412867,Robocall,block,3,+18664412867,robocall,1,0,,phone_rule,us-ftc-robocall-daily
+19852730959,Robocall,block,3,+19852730959,robocall,1,0,,phone_rule,us-ftc-robocall-daily
+13322160886,Robocall,block,3,+13322160886,robocall,1,0,,phone_rule,us-ftc-robocall-daily
+13372224158,Robocall,block,3,+13372224158,robocall,1,0,,phone_rule,us-ftc-robocall-daily
+13346326887,Robocall,block,3,+13346326887,robocall,1,0,,phone_rule,us-ftc-robocall-daily
+14315000838,Robocall,block,3,+14315000838,robocall,1,0,,phone_rule,us-ftc-robocall-daily
+18337836521,Robocall,block,3,+18337836521,robocall,1,0,,phone_rule,us-ftc-robocall-daily
+18557115640,Robocall,block,3,+18557115640,robocall,1,0,,phone_rule,us-ftc-robocall-daily
+18009505114,Robocall,block,3,+18009505114,robocall,1,0,,phone_rule,us-ftc-robocall-daily
+19722901612,Robocall,block,3,+19722901612,robocall,1,0,,phone_rule,us-ftc-robocall-daily
+18483237712,Robocall,block,3,+18483237712,robocall,1,0,,phone_rule,us-ftc-robocall-daily
+17579149675,Robocall,block,3,+17579149675,robocall,1,0,,phone_rule,us-ftc-robocall-daily
+14437069085,Robocall,block,3,+14437069085,robocall,1,0,,phone_rule,us-ftc-robocall-daily
+18556095515,Robocall,block,3,+18556095515,robocall,1,0,,phone_rule,us-ftc-robocall-daily
+15302132109,Robocall,block,3,+15302132109,robocall,1,0,,phone_rule,us-ftc-robocall-daily
+17736495193,Robocall,block,3,+17736495193,robocall,1,0,,phone_rule,us-ftc-robocall-daily
+12095847525,Robocall,block,3,+12095847525,robocall,1,0,,phone_rule,us-ftc-robocall-daily
+12133762162,Robocall,block,3,+12133762162,robocall,1,0,,phone_rule,us-ftc-robocall-daily
+18704103467,Robocall,block,3,+18704103467,robocall,1,0,,phone_rule,us-ftc-robocall-daily
+14434126417,Robocall,block,3,+14434126417,robocall,1,0,,phone_rule,us-ftc-robocall-daily
+18737030040,Robocall,block,3,+18737030040,robocall,1,0,,phone_rule,us-ftc-robocall-daily
+19174236301,Robocall,block,3,+19174236301,robocall,1,0,,phone_rule,us-ftc-robocall-daily
+18669231419,Robocall,block,3,+18669231419,robocall,1,0,,phone_rule,us-ftc-robocall-daily
+12083301636,Robocall,block,3,+12083301636,robocall,1,0,,phone_rule,us-ftc-robocall-daily
+15595994154,Robocall,block,3,+15595994154,robocall,1,0,,phone_rule,us-ftc-robocall-daily
+14252075285,Robocall,block,3,+14252075285,robocall,1,0,,phone_rule,us-ftc-robocall-daily
+19855311647,Robocall,block,3,+19855311647,robocall,1,0,,phone_rule,us-ftc-robocall-daily
+18008130653,Robocall,block,3,+18008130653,robocall,1,0,,phone_rule,us-ftc-robocall-daily
+17712549668,Robocall,block,3,+17712549668,robocall,1,0,,phone_rule,us-ftc-robocall-daily
+15034006685,Robocall,block,3,+15034006685,robocall,1,0,,phone_rule,us-ftc-robocall-daily
+17346215756,Robocall,block,3,+17346215756,robocall,1,0,,phone_rule,us-ftc-robocall-daily
+12086888206,Robocall,block,3,+12086888206,robocall,1,0,,phone_rule,us-ftc-robocall-daily
+16627994620,Robocall,block,3,+16627994620,robocall,1,0,,phone_rule,us-ftc-robocall-daily
+17029703019,Robocall,block,3,+17029703019,robocall,1,0,,phone_rule,us-ftc-robocall-daily
+17077337877,Robocall,block,3,+17077337877,robocall,1,0,,phone_rule,us-ftc-robocall-daily
+13067024178,Robocall,block,3,+13067024178,robocall,1,0,,phone_rule,us-ftc-robocall-daily
+19025595366,Robocall,block,3,+19025595366,robocall,1,0,,phone_rule,us-ftc-robocall-daily
+18647131547,Robocall,block,3,+18647131547,robocall,1,0,,phone_rule,us-ftc-robocall-daily
+12066250487,Robocall,block,3,+12066250487,robocall,1,0,,phone_rule,us-ftc-robocall-daily
+12815767523,Robocall,block,3,+12815767523,robocall,1,0,,phone_rule,us-ftc-robocall-daily
+15873324517,Robocall,block,3,+15873324517,robocall,1,0,,phone_rule,us-ftc-robocall-daily
+15752990690,Robocall,block,3,+15752990690,robocall,1,0,,phone_rule,us-ftc-robocall-daily
+17854588588,Robocall,block,3,+17854588588,robocall,1,0,,phone_rule,us-ftc-robocall-daily
+15087728146,Robocall,block,3,+15087728146,robocall,1,0,,phone_rule,us-ftc-robocall-daily
+12569699796,Robocall,block,3,+12569699796,robocall,1,0,,phone_rule,us-ftc-robocall-daily
+12315873195,Robocall,block,3,+12315873195,robocall,1,0,,phone_rule,us-ftc-robocall-daily
+12792299380,Robocall,block,3,+12792299380,robocall,1,0,,phone_rule,us-ftc-robocall-daily
+18137429893,Robocall,block,3,+18137429893,robocall,1,0,,phone_rule,us-ftc-robocall-daily
+16093621060,Robocall,block,3,+16093621060,robocall,1,0,,phone_rule,us-ftc-robocall-daily
+17743892173,Robocall,block,3,+17743892173,robocall,1,0,,phone_rule,us-ftc-robocall-daily
+12362167337,Robocall,block,3,+12362167337,robocall,1,0,,phone_rule,us-ftc-robocall-daily
+13379057054,Robocall,block,3,+13379057054,robocall,1,0,,phone_rule,us-ftc-robocall-daily
+19377045596,Robocall,block,3,+19377045596,robocall,1,0,,phone_rule,us-ftc-robocall-daily
+12013618722,Robocall,block,3,+12013618722,robocall,1,0,,phone_rule,us-ftc-robocall-daily
+14804375097,Robocall,block,3,+14804375097,robocall,1,0,,phone_rule,us-ftc-robocall-daily
+15087485409,Robocall,block,3,+15087485409,robocall,1,0,,phone_rule,us-ftc-robocall-daily
+18632473952,Robocall,block,3,+18632473952,robocall,1,0,,phone_rule,us-ftc-robocall-daily
+18455609013,Robocall,block,3,+18455609013,robocall,1,0,,phone_rule,us-ftc-robocall-daily
+18775804236,Robocall,block,3,+18775804236,robocall,1,0,,phone_rule,us-ftc-robocall-daily
+17806045438,Robocall,block,3,+17806045438,robocall,1,0,,phone_rule,us-ftc-robocall-daily
+16622475853,Robocall,block,3,+16622475853,robocall,1,0,,phone_rule,us-ftc-robocall-daily
+17802253977,Robocall,block,3,+17802253977,robocall,1,0,,phone_rule,us-ftc-robocall-daily
+15204160255,Robocall,block,3,+15204160255,robocall,1,0,,phone_rule,us-ftc-robocall-daily
+17742471230,Robocall,block,3,+17742471230,robocall,1,0,,phone_rule,us-ftc-robocall-daily
+14806093352,Robocall,block,3,+14806093352,robocall,1,0,,phone_rule,us-ftc-robocall-daily
+18622251150,Robocall,block,3,+18622251150,robocall,1,0,,phone_rule,us-ftc-robocall-daily
+16104390720,Robocall,block,3,+16104390720,robocall,1,0,,phone_rule,us-ftc-robocall-daily
+18459482748,Robocall,block,3,+18459482748,robocall,1,0,,phone_rule,us-ftc-robocall-daily
+16318377183,Robocall,block,3,+16318377183,robocall,1,0,,phone_rule,us-ftc-robocall-daily
+18773040614,Robocall,block,3,+18773040614,robocall,1,0,,phone_rule,us-ftc-robocall-daily
+18446761110,Robocall,block,3,+18446761110,robocall,1,0,,phone_rule,us-ftc-robocall-daily
+19857258387,Robocall,block,3,+19857258387,robocall,1,0,,phone_rule,us-ftc-robocall-daily
+16178330937,Robocall,block,3,+16178330937,robocall,1,0,,phone_rule,us-ftc-robocall-daily
+14504977812,Robocall,block,3,+14504977812,robocall,1,0,,phone_rule,us-ftc-robocall-daily
+13476447090,Robocall,block,3,+13476447090,robocall,1,0,,phone_rule,us-ftc-robocall-daily
+16099314011,Robocall,block,3,+16099314011,robocall,1,0,,phone_rule,us-ftc-robocall-daily
+17743361098,Robocall,block,3,+17743361098,robocall,1,0,,phone_rule,us-ftc-robocall-daily
+17044138383,Robocall,block,3,+17044138383,robocall,1,0,,phone_rule,us-ftc-robocall-daily
+19708806757,Robocall,block,3,+19708806757,robocall,1,0,,phone_rule,us-ftc-robocall-daily
+16828953538,Robocall,block,3,+16828953538,robocall,1,0,,phone_rule,us-ftc-robocall-daily
+13376345630,Robocall,block,3,+13376345630,robocall,1,0,,phone_rule,us-ftc-robocall-daily
+15066992522,Robocall,block,3,+15066992522,robocall,1,0,,phone_rule,us-ftc-robocall-daily
+18883580073,Robocall,block,3,+18883580073,robocall,1,0,,phone_rule,us-ftc-robocall-daily
+15084694146,Robocall,block,3,+15084694146,robocall,1,0,,phone_rule,us-ftc-robocall-daily
+18103534077,Robocall,block,3,+18103534077,robocall,1,0,,phone_rule,us-ftc-robocall-daily
+17203042154,Robocall,block,3,+17203042154,robocall,1,0,,phone_rule,us-ftc-robocall-daily
+14144376783,Robocall,block,3,+14144376783,robocall,1,0,,phone_rule,us-ftc-robocall-daily
+18138239387,Robocall,block,3,+18138239387,robocall,1,0,,phone_rule,us-ftc-robocall-daily
+14236707399,Robocall,block,3,+14236707399,robocall,1,0,,phone_rule,us-ftc-robocall-daily
+18335102679,Robocall,block,3,+18335102679,robocall,1,0,,phone_rule,us-ftc-robocall-daily
+19297096648,Robocall,block,3,+19297096648,robocall,1,0,,phone_rule,us-ftc-robocall-daily
+15409221384,Robocall,block,3,+15409221384,robocall,1,0,,phone_rule,us-ftc-robocall-daily
+13037121837,Robocall,block,3,+13037121837,robocall,1,0,,phone_rule,us-ftc-robocall-daily
+14706975461,Robocall,block,3,+14706975461,robocall,1,0,,phone_rule,us-ftc-robocall-daily
+14703186924,Robocall,block,3,+14703186924,robocall,1,0,,phone_rule,us-ftc-robocall-daily
+15084694239,Robocall,block,3,+15084694239,robocall,1,0,,phone_rule,us-ftc-robocall-daily
+18666812871,Robocall,block,3,+18666812871,robocall,1,0,,phone_rule,us-ftc-robocall-daily
+15084694152,Robocall,block,3,+15084694152,robocall,1,0,,phone_rule,us-ftc-robocall-daily
+14242046291,Robocall,block,3,+14242046291,robocall,1,0,,phone_rule,us-ftc-robocall-daily
+14302436277,Robocall,block,3,+14302436277,robocall,1,0,,phone_rule,us-ftc-robocall-daily
+18045991875,Robocall,block,3,+18045991875,robocall,1,0,,phone_rule,us-ftc-robocall-daily
+13374443788,Robocall,block,3,+13374443788,robocall,1,0,,phone_rule,us-ftc-robocall-daily
+18887570395,Robocall,block,3,+18887570395,robocall,1,0,,phone_rule,us-ftc-robocall-daily
+18663242832,Robocall,block,3,+18663242832,robocall,1,0,,phone_rule,us-ftc-robocall-daily
+15084698544,Robocall,block,3,+15084698544,robocall,1,0,,phone_rule,us-ftc-robocall-daily
+17148448083,Robocall,block,3,+17148448083,robocall,1,0,,phone_rule,us-ftc-robocall-daily
+18324564681,Robocall,block,3,+18324564681,robocall,1,0,,phone_rule,us-ftc-robocall-daily
+15024699535,Robocall,block,3,+15024699535,robocall,1,0,,phone_rule,us-ftc-robocall-daily
+19098453470,Robocall,block,3,+19098453470,robocall,1,0,,phone_rule,us-ftc-robocall-daily
+12704131815,Robocall,block,3,+12704131815,robocall,1,0,,phone_rule,us-ftc-robocall-daily
+18334608034,Robocall,block,3,+18334608034,robocall,1,0,,phone_rule,us-ftc-robocall-daily
+17788079460,Robocall,block,3,+17788079460,robocall,1,0,,phone_rule,us-ftc-robocall-daily
+15206576675,Robocall,block,3,+15206576675,robocall,1,0,,phone_rule,us-ftc-robocall-daily
+18382851821,Robocall,block,3,+18382851821,robocall,1,0,,phone_rule,us-ftc-robocall-daily
+19785069189,Robocall,block,3,+19785069189,robocall,1,0,,phone_rule,us-ftc-robocall-daily
+17148449776,Robocall,block,3,+17148449776,robocall,1,0,,phone_rule,us-ftc-robocall-daily
+14079824798,Robocall,block,3,+14079824798,robocall,1,0,,phone_rule,us-ftc-robocall-daily
+17138480547,Robocall,block,3,+17138480547,robocall,1,0,,phone_rule,us-ftc-robocall-daily
+18552261020,Robocall,block,3,+18552261020,robocall,1,0,,phone_rule,us-ftc-robocall-daily
+18107716631,Robocall,block,3,+18107716631,robocall,1,0,,phone_rule,us-ftc-robocall-daily
+12172922726,Robocall,block,3,+12172922726,robocall,1,0,,phone_rule,us-ftc-robocall-daily
+13026005790,Robocall,block,3,+13026005790,robocall,1,0,,phone_rule,us-ftc-robocall-daily
+13213216240,Robocall,block,3,+13213216240,robocall,1,0,,phone_rule,us-ftc-robocall-daily
+18007879437,Robocall,block,3,+18007879437,robocall,1,0,,phone_rule,us-ftc-robocall-daily
+13478924990,Robocall,block,3,+13478924990,robocall,1,0,,phone_rule,us-ftc-robocall-daily
+18102706160,Robocall,block,3,+18102706160,robocall,1,0,,phone_rule,us-ftc-robocall-daily
+13028663592,Robocall,block,3,+13028663592,robocall,1,0,,phone_rule,us-ftc-robocall-daily
+16576265262,Robocall,block,3,+16576265262,robocall,1,0,,phone_rule,us-ftc-robocall-daily
+13219866538,Robocall,block,3,+13219866538,robocall,1,0,,phone_rule,us-ftc-robocall-daily
+17272651083,Robocall,block,3,+17272651083,robocall,1,0,,phone_rule,us-ftc-robocall-daily
+18443358230,Robocall,block,3,+18443358230,robocall,1,0,,phone_rule,us-ftc-robocall-daily
+13303215578,Robocall,block,3,+13303215578,robocall,1,0,,phone_rule,us-ftc-robocall-daily
+13862916127,Robocall,block,3,+13862916127,robocall,1,0,,phone_rule,us-ftc-robocall-daily
+17033483067,Robocall,block,3,+17033483067,robocall,1,0,,phone_rule,us-ftc-robocall-daily
+17602109907,Robocall,block,3,+17602109907,robocall,1,0,,phone_rule,us-ftc-robocall-daily
+19093084902,Robocall,block,3,+19093084902,robocall,1,0,,phone_rule,us-ftc-robocall-daily
+14014027249,Robocall,block,3,+14014027249,robocall,1,0,,phone_rule,us-ftc-robocall-daily
+17632207708,Robocall,block,3,+17632207708,robocall,1,0,,phone_rule,us-ftc-robocall-daily
+18553711151,Robocall,block,3,+18553711151,robocall,1,0,,phone_rule,us-ftc-robocall-daily
+12095813784,Robocall,block,3,+12095813784,robocall,1,0,,phone_rule,us-ftc-robocall-daily
+18777103554,Robocall,block,3,+18777103554,robocall,1,0,,phone_rule,us-ftc-robocall-daily
+16672022534,Robocall,block,3,+16672022534,robocall,1,0,,phone_rule,us-ftc-robocall-daily
+17029816859,Robocall,block,3,+17029816859,robocall,1,0,,phone_rule,us-ftc-robocall-daily
+18884218204,Robocall,block,3,+18884218204,robocall,1,0,,phone_rule,us-ftc-robocall-daily
+18582390964,Robocall,block,3,+18582390964,robocall,1,0,,phone_rule,us-ftc-robocall-daily
+12395121165,Robocall,block,3,+12395121165,robocall,1,0,,phone_rule,us-ftc-robocall-daily
+19039194398,Robocall,block,3,+19039194398,robocall,1,0,,phone_rule,us-ftc-robocall-daily
+15028629910,Robocall,block,3,+15028629910,robocall,1,0,,phone_rule,us-ftc-robocall-daily
+18564949867,Robocall,block,3,+18564949867,robocall,1,0,,phone_rule,us-ftc-robocall-daily
+19163782099,Robocall,block,3,+19163782099,robocall,1,0,,phone_rule,us-ftc-robocall-daily
+12084708565,Robocall,block,3,+12084708565,robocall,1,0,,phone_rule,us-ftc-robocall-daily
+15487620730,Robocall,block,3,+15487620730,robocall,1,0,,phone_rule,us-ftc-robocall-daily
+18669516485,Robocall,block,3,+18669516485,robocall,1,0,,phone_rule,us-ftc-robocall-daily
+19343335942,Robocall,block,3,+19343335942,robocall,1,0,,phone_rule,us-ftc-robocall-daily
+18565993438,Robocall,block,3,+18565993438,robocall,1,0,,phone_rule,us-ftc-robocall-daily
+12536425935,Robocall,block,3,+12536425935,robocall,1,0,,phone_rule,us-ftc-robocall-daily
+18323409769,Robocall,block,3,+18323409769,robocall,1,0,,phone_rule,us-ftc-robocall-daily
+15748897315,Robocall,block,3,+15748897315,robocall,1,0,,phone_rule,us-ftc-robocall-daily
+14254624026,Robocall,block,3,+14254624026,robocall,1,0,,phone_rule,us-ftc-robocall-daily
+14039817621,Robocall,block,3,+14039817621,robocall,1,0,,phone_rule,us-ftc-robocall-daily
+18168568773,Robocall,block,3,+18168568773,robocall,1,0,,phone_rule,us-ftc-robocall-daily
+15028624358,Robocall,block,3,+15028624358,robocall,1,0,,phone_rule,us-ftc-robocall-daily
+12168556133,Robocall,block,3,+12168556133,robocall,1,0,,phone_rule,us-ftc-robocall-daily
+15814777585,Robocall,block,3,+15814777585,robocall,1,0,,phone_rule,us-ftc-robocall-daily
+18137617611,Robocall,block,3,+18137617611,robocall,1,0,,phone_rule,us-ftc-robocall-daily
+18335225844,Robocall,block,3,+18335225844,robocall,1,0,,phone_rule,us-ftc-robocall-daily
+15707950623,Robocall,block,3,+15707950623,robocall,1,0,,phone_rule,us-ftc-robocall-daily
+19169137746,Robocall,block,3,+19169137746,robocall,1,0,,phone_rule,us-ftc-robocall-daily
+17069836040,Robocall,block,3,+17069836040,robocall,1,0,,phone_rule,us-ftc-robocall-daily
+13372161019,Robocall,block,3,+13372161019,robocall,1,0,,phone_rule,us-ftc-robocall-daily
+16313593560,Robocall,block,3,+16313593560,robocall,1,0,,phone_rule,us-ftc-robocall-daily
+18554940441,Robocall,block,3,+18554940441,robocall,1,0,,phone_rule,us-ftc-robocall-daily
+12532707243,Robocall,block,3,+12532707243,robocall,1,0,,phone_rule,us-ftc-robocall-daily
+12392689003,Robocall,block,3,+12392689003,robocall,1,0,,phone_rule,us-ftc-robocall-daily
+13035710176,Robocall,block,3,+13035710176,robocall,1,0,,phone_rule,us-ftc-robocall-daily
+12694436010,Robocall,block,3,+12694436010,robocall,1,0,,phone_rule,us-ftc-robocall-daily
+17693410911,Robocall,block,3,+17693410911,robocall,1,0,,phone_rule,us-ftc-robocall-daily
+14175008624,Robocall,block,3,+14175008624,robocall,1,0,,phone_rule,us-ftc-robocall-daily
+13213416890,Robocall,block,3,+13213416890,robocall,1,0,,phone_rule,us-ftc-robocall-daily
+18018902297,Robocall,block,3,+18018902297,robocall,1,0,,phone_rule,us-ftc-robocall-daily
+12296435686,Robocall,block,3,+12296435686,robocall,1,0,,phone_rule,us-ftc-robocall-daily
+19084376766,Robocall,block,3,+19084376766,robocall,1,0,,phone_rule,us-ftc-robocall-daily
+13033709272,Robocall,block,3,+13033709272,robocall,1,0,,phone_rule,us-ftc-robocall-daily
+14037983462,Robocall,block,3,+14037983462,robocall,1,0,,phone_rule,us-ftc-robocall-daily
+16015335387,Robocall,block,3,+16015335387,robocall,1,0,,phone_rule,us-ftc-robocall-daily
+18555798150,Robocall,block,3,+18555798150,robocall,1,0,,phone_rule,us-ftc-robocall-daily
+16802028994,Robocall,block,3,+16802028994,robocall,1,0,,phone_rule,us-ftc-robocall-daily
+14175008671,Robocall,block,3,+14175008671,robocall,1,0,,phone_rule,us-ftc-robocall-daily
+13032603825,Robocall,block,3,+13032603825,robocall,1,0,,phone_rule,us-ftc-robocall-daily
+12253700298,Robocall,block,3,+12253700298,robocall,1,0,,phone_rule,us-ftc-robocall-daily
+13135398885,Robocall,block,3,+13135398885,robocall,1,0,,phone_rule,us-ftc-robocall-daily
+13212753725,Robocall,block,3,+13212753725,robocall,1,0,,phone_rule,us-ftc-robocall-daily
+12029530100,Robocall,block,3,+12029530100,robocall,1,0,,phone_rule,us-ftc-robocall-daily
+13054325142,Robocall,block,3,+13054325142,robocall,1,0,,phone_rule,us-ftc-robocall-daily
+18452694905,Robocall,block,3,+18452694905,robocall,1,0,,phone_rule,us-ftc-robocall-daily
+17073701558,Robocall,block,3,+17073701558,robocall,1,0,,phone_rule,us-ftc-robocall-daily
+18324000140,Robocall,block,3,+18324000140,robocall,1,0,,phone_rule,us-ftc-robocall-daily
+18163124952,Robocall,block,3,+18163124952,robocall,1,0,,phone_rule,us-ftc-robocall-daily
+14022629018,Robocall,block,3,+14022629018,robocall,1,0,,phone_rule,us-ftc-robocall-daily
+12544456741,Robocall,block,3,+12544456741,robocall,1,0,,phone_rule,us-ftc-robocall-daily
+18888445305,Robocall,block,3,+18888445305,robocall,1,0,,phone_rule,us-ftc-robocall-daily
+12362288201,Robocall,block,3,+12362288201,robocall,1,0,,phone_rule,us-ftc-robocall-daily
+17277228028,Robocall,block,3,+17277228028,robocall,1,0,,phone_rule,us-ftc-robocall-daily
+17027378974,Robocall,block,3,+17027378974,robocall,1,0,,phone_rule,us-ftc-robocall-daily
+18168568236,Robocall,block,3,+18168568236,robocall,1,0,,phone_rule,us-ftc-robocall-daily
+13213198288,Robocall,block,3,+13213198288,robocall,1,0,,phone_rule,us-ftc-robocall-daily
+18888464940,Robocall,block,3,+18888464940,robocall,1,0,,phone_rule,us-ftc-robocall-daily
+17402562680,Robocall,block,3,+17402562680,robocall,1,0,,phone_rule,us-ftc-robocall-daily
+18122890440,Robocall,block,3,+18122890440,robocall,1,0,,phone_rule,us-ftc-robocall-daily
+12817165740,Robocall,block,3,+12817165740,robocall,1,0,,phone_rule,us-ftc-robocall-daily
+19567052034,Robocall,block,3,+19567052034,robocall,1,0,,phone_rule,us-ftc-robocall-daily
+18336187642,Robocall,block,3,+18336187642,robocall,1,0,,phone_rule,us-ftc-robocall-daily
+18557604681,Robocall,block,3,+18557604681,robocall,1,0,,phone_rule,us-ftc-robocall-daily
+18102589180,Robocall,block,3,+18102589180,robocall,1,0,,phone_rule,us-ftc-robocall-daily
+18168568806,Robocall,block,3,+18168568806,robocall,1,0,,phone_rule,us-ftc-robocall-daily
+18636955101,Robocall,block,3,+18636955101,robocall,1,0,,phone_rule,us-ftc-robocall-daily
+13852591436,Robocall,block,3,+13852591436,robocall,1,0,,phone_rule,us-ftc-robocall-daily
+12098428811,Robocall,block,3,+12098428811,robocall,1,0,,phone_rule,us-ftc-robocall-daily
+16462431438,Robocall,block,3,+16462431438,robocall,1,0,,phone_rule,us-ftc-robocall-daily
+18322912036,Robocall,block,3,+18322912036,robocall,1,0,,phone_rule,us-ftc-robocall-daily
+15863523165,Robocall,block,3,+15863523165,robocall,1,0,,phone_rule,us-ftc-robocall-daily
+19567052884,Robocall,block,3,+19567052884,robocall,1,0,,phone_rule,us-ftc-robocall-daily
+18332941664,Robocall,block,3,+18332941664,robocall,1,0,,phone_rule,us-ftc-robocall-daily
+18322685034,Robocall,block,3,+18322685034,robocall,1,0,,phone_rule,us-ftc-robocall-daily
+17602109579,Robocall,block,3,+17602109579,robocall,1,0,,phone_rule,us-ftc-robocall-daily
+13039868309,Robocall,block,3,+13039868309,robocall,1,0,,phone_rule,us-ftc-robocall-daily
+13074498344,Robocall,block,3,+13074498344,robocall,1,0,,phone_rule,us-ftc-robocall-daily
+17133457841,Robocall,block,3,+17133457841,robocall,1,0,,phone_rule,us-ftc-robocall-daily
+18637891209,Robocall,block,3,+18637891209,robocall,1,0,,phone_rule,us-ftc-robocall-daily
+13148275787,Robocall,block,3,+13148275787,robocall,1,0,,phone_rule,us-ftc-robocall-daily
+18773374564,Robocall,block,3,+18773374564,robocall,1,0,,phone_rule,us-ftc-robocall-daily
+19037712811,Robocall,block,3,+19037712811,robocall,1,0,,phone_rule,us-ftc-robocall-daily
+16822719770,Robocall,block,3,+16822719770,robocall,1,0,,phone_rule,us-ftc-robocall-daily
+15404048452,Robocall,block,3,+15404048452,robocall,1,0,,phone_rule,us-ftc-robocall-daily
+17739821266,Robocall,block,3,+17739821266,robocall,1,0,,phone_rule,us-ftc-robocall-daily
+18643412161,Robocall,block,3,+18643412161,robocall,1,0,,phone_rule,us-ftc-robocall-daily
+13216414750,Robocall,block,3,+13216414750,robocall,1,0,,phone_rule,us-ftc-robocall-daily
+15104707193,Robocall,block,3,+15104707193,robocall,1,0,,phone_rule,us-ftc-robocall-daily
+18666811425,Robocall,block,3,+18666811425,robocall,1,0,,phone_rule,us-ftc-robocall-daily
+19716127090,Robocall,block,3,+19716127090,robocall,1,0,,phone_rule,us-ftc-robocall-daily
+15182170251,Robocall,block,3,+15182170251,robocall,1,0,,phone_rule,us-ftc-robocall-daily
+18559476774,Robocall,block,3,+18559476774,robocall,1,0,,phone_rule,us-ftc-robocall-daily
+18559554492,Robocall,block,3,+18559554492,robocall,1,0,,phone_rule,us-ftc-robocall-daily
+18327349779,Robocall,block,3,+18327349779,robocall,1,0,,phone_rule,us-ftc-robocall-daily
+17653250306,Robocall,block,3,+17653250306,robocall,1,0,,phone_rule,us-ftc-robocall-daily
+13212379342,Robocall,block,3,+13212379342,robocall,1,0,,phone_rule,us-ftc-robocall-daily
+18332637715,Robocall,block,3,+18332637715,robocall,1,0,,phone_rule,us-ftc-robocall-daily
+18333975530,Robocall,block,3,+18333975530,robocall,1,0,,phone_rule,us-ftc-robocall-daily
+17137133430,Robocall,block,3,+17137133430,robocall,1,0,,phone_rule,us-ftc-robocall-daily
+14373471295,Robocall,block,3,+14373471295,robocall,1,0,,phone_rule,us-ftc-robocall-daily
+18333605381,Robocall,block,3,+18333605381,robocall,1,0,,phone_rule,us-ftc-robocall-daily
+18504315622,Robocall,block,3,+18504315622,robocall,1,0,,phone_rule,us-ftc-robocall-daily
+18056377243,Robocall,block,3,+18056377243,robocall,1,0,,phone_rule,us-ftc-robocall-daily
+17207217929,Robocall,block,3,+17207217929,robocall,1,0,,phone_rule,us-ftc-robocall-daily
+14043019348,Robocall,block,3,+14043019348,robocall,1,0,,phone_rule,us-ftc-robocall-daily
+19454955908,Robocall,block,3,+19454955908,robocall,1,0,,phone_rule,us-ftc-robocall-daily
+18506843771,Robocall,block,3,+18506843771,robocall,1,0,,phone_rule,us-ftc-robocall-daily
+18486670378,Robocall,block,3,+18486670378,robocall,1,0,,phone_rule,us-ftc-robocall-daily
+15417085738,Robocall,block,3,+15417085738,robocall,1,0,,phone_rule,us-ftc-robocall-daily
+17055381246,Robocall,block,3,+17055381246,robocall,1,0,,phone_rule,us-ftc-robocall-daily
+19205192694,Robocall,block,3,+19205192694,robocall,1,0,,phone_rule,us-ftc-robocall-daily
+15678034191,Robocall,block,3,+15678034191,robocall,1,0,,phone_rule,us-ftc-robocall-daily
+15416521567,Robocall,block,3,+15416521567,robocall,1,0,,phone_rule,us-ftc-robocall-daily
+16828827260,Robocall,block,3,+16828827260,robocall,1,0,,phone_rule,us-ftc-robocall-daily
+17655227758,Robocall,block,3,+17655227758,robocall,1,0,,phone_rule,us-ftc-robocall-daily
+18555685398,Robocall,block,3,+18555685398,robocall,1,0,,phone_rule,us-ftc-robocall-daily
+12703987902,Robocall,block,3,+12703987902,robocall,1,0,,phone_rule,us-ftc-robocall-daily
+18883792676,Robocall,block,3,+18883792676,robocall,1,0,,phone_rule,us-ftc-robocall-daily
+15059933372,Robocall,block,3,+15059933372,robocall,1,0,,phone_rule,us-ftc-robocall-daily
+18057067667,Robocall,block,3,+18057067667,robocall,1,0,,phone_rule,us-ftc-robocall-daily
+16616462828,Robocall,block,3,+16616462828,robocall,1,0,,phone_rule,us-ftc-robocall-daily
+18447315108,Robocall,block,3,+18447315108,robocall,1,0,,phone_rule,us-ftc-robocall-daily
+18154907077,Robocall,block,3,+18154907077,robocall,1,0,,phone_rule,us-ftc-robocall-daily
+12095578292,Robocall,block,3,+12095578292,robocall,1,0,,phone_rule,us-ftc-robocall-daily
+18446377243,Robocall,block,3,+18446377243,robocall,1,0,,phone_rule,us-ftc-robocall-daily
+12098409433,Robocall,block,3,+12098409433,robocall,1,0,,phone_rule,us-ftc-robocall-daily
+18334404019,Robocall,block,3,+18334404019,robocall,1,0,,phone_rule,us-ftc-robocall-daily
+17088856826,Robocall,block,3,+17088856826,robocall,1,0,,phone_rule,us-ftc-robocall-daily
+18063348702,Robocall,block,3,+18063348702,robocall,1,0,,phone_rule,us-ftc-robocall-daily
+18334476127,Robocall,block,3,+18334476127,robocall,1,0,,phone_rule,us-ftc-robocall-daily
+18004911374,Robocall,block,3,+18004911374,robocall,1,0,,phone_rule,us-ftc-robocall-daily
+18728040804,Robocall,block,3,+18728040804,robocall,1,0,,phone_rule,us-ftc-robocall-daily
+14085490799,Robocall,block,3,+14085490799,robocall,1,0,,phone_rule,us-ftc-robocall-daily
+18446043475,Robocall,block,3,+18446043475,robocall,1,0,,phone_rule,us-ftc-robocall-daily
+18774701417,Robocall,block,3,+18774701417,robocall,1,0,,phone_rule,us-ftc-robocall-daily
+19017509719,Robocall,block,3,+19017509719,robocall,1,0,,phone_rule,us-ftc-robocall-daily
+19187967142,Robocall,block,3,+19187967142,robocall,1,0,,phone_rule,us-ftc-robocall-daily
+15599270620,Robocall,block,3,+15599270620,robocall,1,0,,phone_rule,us-ftc-robocall-daily
+19529006681,Robocall,block,3,+19529006681,robocall,1,0,,phone_rule,us-ftc-robocall-daily
+19453187814,Robocall,block,3,+19453187814,robocall,1,0,,phone_rule,us-ftc-robocall-daily
+18333067099,Robocall,block,3,+18333067099,robocall,1,0,,phone_rule,us-ftc-robocall-daily
+18449144923,Robocall,block,3,+18449144923,robocall,1,0,,phone_rule,us-ftc-robocall-daily
+19015506703,Robocall,block,3,+19015506703,robocall,1,0,,phone_rule,us-ftc-robocall-daily
+19175901863,Robocall,block,3,+19175901863,robocall,1,0,,phone_rule,us-ftc-robocall-daily
+16237451415,Robocall,block,3,+16237451415,robocall,1,0,,phone_rule,us-ftc-robocall-daily
+14357297068,Robocall,block,3,+14357297068,robocall,1,0,,phone_rule,us-ftc-robocall-daily
+14086484458,Robocall,block,3,+14086484458,robocall,1,0,,phone_rule,us-ftc-robocall-daily
+18106330409,Robocall,block,3,+18106330409,robocall,1,0,,phone_rule,us-ftc-robocall-daily
+18459997681,Robocall,block,3,+18459997681,robocall,1,0,,phone_rule,us-ftc-robocall-daily
+18663244488,Robocall,block,3,+18663244488,robocall,1,0,,phone_rule,us-ftc-robocall-daily
+19133696289,Robocall,block,3,+19133696289,robocall,1,0,,phone_rule,us-ftc-robocall-daily
+19085168716,Robocall,block,3,+19085168716,robocall,1,0,,phone_rule,us-ftc-robocall-daily
+17136917948,Robocall,block,3,+17136917948,robocall,1,0,,phone_rule,us-ftc-robocall-daily
+16472295904,Robocall,block,3,+16472295904,robocall,1,0,,phone_rule,us-ftc-robocall-daily
+18722849759,Robocall,block,3,+18722849759,robocall,1,0,,phone_rule,us-ftc-robocall-daily
+15066992335,Robocall,block,3,+15066992335,robocall,1,0,,phone_rule,us-ftc-robocall-daily
+19414667411,Robocall,block,3,+19414667411,robocall,1,0,,phone_rule,us-ftc-robocall-daily
+18447921101,Robocall,block,3,+18447921101,robocall,1,0,,phone_rule,us-ftc-robocall-daily
+18338258867,Robocall,block,3,+18338258867,robocall,1,0,,phone_rule,us-ftc-robocall-daily
+18307708725,Robocall,block,3,+18307708725,robocall,1,0,,phone_rule,us-ftc-robocall-daily
+13322878005,Robocall,block,3,+13322878005,robocall,1,0,,phone_rule,us-ftc-robocall-daily
+18574776289,Robocall,block,3,+18574776289,robocall,1,0,,phone_rule,us-ftc-robocall-daily
+15167305363,Robocall,block,3,+15167305363,robocall,1,0,,phone_rule,us-ftc-robocall-daily
+15028625113,Robocall,block,3,+15028625113,robocall,1,0,,phone_rule,us-ftc-robocall-daily
+18622050284,Robocall,block,3,+18622050284,robocall,1,0,,phone_rule,us-ftc-robocall-daily
+15205641957,Robocall,block,3,+15205641957,robocall,1,0,,phone_rule,us-ftc-robocall-daily
+19593561805,Robocall,block,3,+19593561805,robocall,1,0,,phone_rule,us-ftc-robocall-daily
+16185857233,Robocall,block,3,+16185857233,robocall,1,0,,phone_rule,us-ftc-robocall-daily
+18663233410,Robocall,block,3,+18663233410,robocall,1,0,,phone_rule,us-ftc-robocall-daily
+17206157878,Robocall,block,3,+17206157878,robocall,1,0,,phone_rule,us-ftc-robocall-daily
+14792087552,Robocall,block,3,+14792087552,robocall,1,0,,phone_rule,us-ftc-robocall-daily
+19122190370,Robocall,block,3,+19122190370,robocall,1,0,,phone_rule,us-ftc-robocall-daily
+17139539992,Robocall,block,3,+17139539992,robocall,1,0,,phone_rule,us-ftc-robocall-daily
+12087448055,Robocall,block,3,+12087448055,robocall,1,0,,phone_rule,us-ftc-robocall-daily
+16316494269,Robocall,block,3,+16316494269,robocall,1,0,,phone_rule,us-ftc-robocall-daily
+18335135336,Robocall,block,3,+18335135336,robocall,1,0,,phone_rule,us-ftc-robocall-daily
+15806812612,Robocall,block,3,+15806812612,robocall,1,0,,phone_rule,us-ftc-robocall-daily
+14808414878,Robocall,block,3,+14808414878,robocall,1,0,,phone_rule,us-ftc-robocall-daily
+19496030132,Robocall,block,3,+19496030132,robocall,1,0,,phone_rule,us-ftc-robocall-daily
+16319725970,Robocall,block,3,+16319725970,robocall,1,0,,phone_rule,us-ftc-robocall-daily
+14477859545,Robocall,block,3,+14477859545,robocall,1,0,,phone_rule,us-ftc-robocall-daily
+17208970297,Robocall,block,3,+17208970297,robocall,1,0,,phone_rule,us-ftc-robocall-daily
+12197763978,Robocall,block,3,+12197763978,robocall,1,0,,phone_rule,us-ftc-robocall-daily
+18593162843,Robocall,block,3,+18593162843,robocall,1,0,,phone_rule,us-ftc-robocall-daily
+18888454541,Robocall,block,3,+18888454541,robocall,1,0,,phone_rule,us-ftc-robocall-daily
+17345489926,Robocall,block,3,+17345489926,robocall,1,0,,phone_rule,us-ftc-robocall-daily
+18008074319,Robocall,block,3,+18008074319,robocall,1,0,,phone_rule,us-ftc-robocall-daily
+12173866293,Robocall,block,3,+12173866293,robocall,1,0,,phone_rule,us-ftc-robocall-daily
+19022079249,Robocall,block,3,+19022079249,robocall,1,0,,phone_rule,us-ftc-robocall-daily
+15303882236,Robocall,block,3,+15303882236,robocall,1,0,,phone_rule,us-ftc-robocall-daily
+15206569408,Robocall,block,3,+15206569408,robocall,1,0,,phone_rule,us-ftc-robocall-daily
+16193049550,Robocall,block,3,+16193049550,robocall,1,0,,phone_rule,us-ftc-robocall-daily
+13292093865,Robocall,block,3,+13292093865,robocall,1,0,,phone_rule,us-ftc-robocall-daily
+18135355353,Robocall,block,3,+18135355353,robocall,1,0,,phone_rule,us-ftc-robocall-daily
+15302042403,Robocall,block,3,+15302042403,robocall,1,0,,phone_rule,us-ftc-robocall-daily
+18554549779,Robocall,block,3,+18554549779,robocall,1,0,,phone_rule,us-ftc-robocall-daily
+18127096879,Robocall,block,3,+18127096879,robocall,1,0,,phone_rule,us-ftc-robocall-daily
+16199849943,Robocall,block,3,+16199849943,robocall,1,0,,phone_rule,us-ftc-robocall-daily
+14156858959,Robocall,block,3,+14156858959,robocall,1,0,,phone_rule,us-ftc-robocall-daily
+16619345259,Robocall,block,3,+16619345259,robocall,1,0,,phone_rule,us-ftc-robocall-daily
+16313263486,Robocall,block,3,+16313263486,robocall,1,0,,phone_rule,us-ftc-robocall-daily
+18583941600,Robocall,block,3,+18583941600,robocall,1,0,,phone_rule,us-ftc-robocall-daily
+18339651581,Robocall,block,3,+18339651581,robocall,1,0,,phone_rule,us-ftc-robocall-daily
+19165581700,Robocall,block,3,+19165581700,robocall,1,0,,phone_rule,us-ftc-robocall-daily
+17327082250,Robocall,block,3,+17327082250,robocall,1,0,,phone_rule,us-ftc-robocall-daily
+15302044675,Robocall,block,3,+15302044675,robocall,1,0,,phone_rule,us-ftc-robocall-daily
+15085469062,Robocall,block,3,+15085469062,robocall,1,0,,phone_rule,us-ftc-robocall-daily
+14313121048,Robocall,block,3,+14313121048,robocall,1,0,,phone_rule,us-ftc-robocall-daily
+19375606265,Robocall,block,3,+19375606265,robocall,1,0,,phone_rule,us-ftc-robocall-daily
+19363539308,Robocall,block,3,+19363539308,robocall,1,0,,phone_rule,us-ftc-robocall-daily
+16577779657,Robocall,block,3,+16577779657,robocall,1,0,,phone_rule,us-ftc-robocall-daily
+17404103881,Robocall,block,3,+17404103881,robocall,1,0,,phone_rule,us-ftc-robocall-daily
+15028628394,Robocall,block,3,+15028628394,robocall,1,0,,phone_rule,us-ftc-robocall-daily
+18628817850,Robocall,block,3,+18628817850,robocall,1,0,,phone_rule,us-ftc-robocall-daily
+14156858277,Robocall,block,3,+14156858277,robocall,1,0,,phone_rule,us-ftc-robocall-daily
+18669408704,Robocall,block,3,+18669408704,robocall,1,0,,phone_rule,us-ftc-robocall-daily
+18593162798,Robocall,block,3,+18593162798,robocall,1,0,,phone_rule,us-ftc-robocall-daily
+14028545813,Robocall,block,3,+14028545813,robocall,1,0,,phone_rule,us-ftc-robocall-daily
+18583888940,Robocall,block,3,+18583888940,robocall,1,0,,phone_rule,us-ftc-robocall-daily
+14702217031,Robocall,block,3,+14702217031,robocall,1,0,,phone_rule,us-ftc-robocall-daily
+16204770977,Robocall,block,3,+16204770977,robocall,1,0,,phone_rule,us-ftc-robocall-daily
+14037610750,Robocall,block,3,+14037610750,robocall,1,0,,phone_rule,us-ftc-robocall-daily
+15302041161,Robocall,block,3,+15302041161,robocall,1,0,,phone_rule,us-ftc-robocall-daily
+12396581576,Robocall,block,3,+12396581576,robocall,1,0,,phone_rule,us-ftc-robocall-daily
+12547311049,Robocall,block,3,+12547311049,robocall,1,0,,phone_rule,us-ftc-robocall-daily
+18668474138,Robocall,block,3,+18668474138,robocall,1,0,,phone_rule,us-ftc-robocall-daily
+18444941885,Robocall,block,3,+18444941885,robocall,1,0,,phone_rule,us-ftc-robocall-daily
+19042672999,Robocall,block,3,+19042672999,robocall,1,0,,phone_rule,us-ftc-robocall-daily
+14028168930,Robocall,block,3,+14028168930,robocall,1,0,,phone_rule,us-ftc-robocall-daily
+14752645410,Robocall,block,3,+14752645410,robocall,1,0,,phone_rule,us-ftc-robocall-daily
+18335750569,Robocall,block,3,+18335750569,robocall,1,0,,phone_rule,us-ftc-robocall-daily
+15302042408,Robocall,block,3,+15302042408,robocall,1,0,,phone_rule,us-ftc-robocall-daily
+17064038416,Robocall,block,3,+17064038416,robocall,1,0,,phone_rule,us-ftc-robocall-daily
+18334402519,Robocall,block,3,+18334402519,robocall,1,0,,phone_rule,us-ftc-robocall-daily
+17405851944,Robocall,block,3,+17405851944,robocall,1,0,,phone_rule,us-ftc-robocall-daily
+12797771620,Robocall,block,3,+12797771620,robocall,1,0,,phone_rule,us-ftc-robocall-daily
+14187608059,Robocall,block,3,+14187608059,robocall,1,0,,phone_rule,us-ftc-robocall-daily
+15303612770,Robocall,block,3,+15303612770,robocall,1,0,,phone_rule,us-ftc-robocall-daily
+13169934756,Robocall,block,3,+13169934756,robocall,1,0,,phone_rule,us-ftc-robocall-daily
+16018125141,Robocall,block,3,+16018125141,robocall,1,0,,phone_rule,us-ftc-robocall-daily
+18125481821,Robocall,block,3,+18125481821,robocall,1,0,,phone_rule,us-ftc-robocall-daily
+18137932184,Robocall,block,3,+18137932184,robocall,1,0,,phone_rule,us-ftc-robocall-daily
+18705658635,Robocall,block,3,+18705658635,robocall,1,0,,phone_rule,us-ftc-robocall-daily
+12067927113,Robocall,block,3,+12067927113,robocall,1,0,,phone_rule,us-ftc-robocall-daily
+18178579362,Robocall,block,3,+18178579362,robocall,1,0,,phone_rule,us-ftc-robocall-daily
+16265973467,Robocall,block,3,+16265973467,robocall,1,0,,phone_rule,us-ftc-robocall-daily
+18564028081,Robocall,block,3,+18564028081,robocall,1,0,,phone_rule,us-ftc-robocall-daily
+15302042572,Robocall,block,3,+15302042572,robocall,1,0,,phone_rule,us-ftc-robocall-daily
+16284681549,Robocall,block,3,+16284681549,robocall,1,0,,phone_rule,us-ftc-robocall-daily
+16126655729,Robocall,block,3,+16126655729,robocall,1,0,,phone_rule,us-ftc-robocall-daily
+14508380519,Robocall,block,3,+14508380519,robocall,1,0,,phone_rule,us-ftc-robocall-daily
+16265143897,Robocall,block,3,+16265143897,robocall,1,0,,phone_rule,us-ftc-robocall-daily
+19097692963,Robocall,block,3,+19097692963,robocall,1,0,,phone_rule,us-ftc-robocall-daily
+15302042085,Robocall,block,3,+15302042085,robocall,1,0,,phone_rule,us-ftc-robocall-daily
+15153955592,Robocall,block,3,+15153955592,robocall,1,0,,phone_rule,us-ftc-robocall-daily
+15032101203,Robocall,block,3,+15032101203,robocall,1,0,,phone_rule,us-ftc-robocall-daily
+18337385460,Robocall,block,3,+18337385460,robocall,1,0,,phone_rule,us-ftc-robocall-daily
+15014120948,Robocall,block,3,+15014120948,robocall,1,0,,phone_rule,us-ftc-robocall-daily
+14452671175,Robocall,block,3,+14452671175,robocall,1,0,,phone_rule,us-ftc-robocall-daily
+15513622352,Robocall,block,3,+15513622352,robocall,1,0,,phone_rule,us-ftc-robocall-daily
+19136740045,Robocall,block,3,+19136740045,robocall,1,0,,phone_rule,us-ftc-robocall-daily
+15302042853,Robocall,block,3,+15302042853,robocall,1,0,,phone_rule,us-ftc-robocall-daily
+18562560118,Robocall,block,3,+18562560118,robocall,1,0,,phone_rule,us-ftc-robocall-daily
+19417261627,Robocall,block,3,+19417261627,robocall,1,0,,phone_rule,us-ftc-robocall-daily
+18703465403,Robocall,block,3,+18703465403,robocall,1,0,,phone_rule,us-ftc-robocall-daily
+17727741502,Robocall,block,3,+17727741502,robocall,1,0,,phone_rule,us-ftc-robocall-daily
+14342140154,Robocall,block,3,+14342140154,robocall,1,0,,phone_rule,us-ftc-robocall-daily
+17076036399,Robocall,block,3,+17076036399,robocall,1,0,,phone_rule,us-ftc-robocall-daily
+19164731883,Robocall,block,3,+19164731883,robocall,1,0,,phone_rule,us-ftc-robocall-daily
+13854909210,Robocall,block,3,+13854909210,robocall,1,0,,phone_rule,us-ftc-robocall-daily
+19513793694,Robocall,block,3,+19513793694,robocall,1,0,,phone_rule,us-ftc-robocall-daily
+16049355645,Robocall,block,3,+16049355645,robocall,1,0,,phone_rule,us-ftc-robocall-daily
+12107569359,Robocall,block,3,+12107569359,robocall,1,0,,phone_rule,us-ftc-robocall-daily
+15045060492,Robocall,block,3,+15045060492,robocall,1,0,,phone_rule,us-ftc-robocall-daily
+12545072853,Robocall,block,3,+12545072853,robocall,1,0,,phone_rule,us-ftc-robocall-daily
+18667716950,Robocall,block,3,+18667716950,robocall,1,0,,phone_rule,us-ftc-robocall-daily
+15513504774,Robocall,block,3,+15513504774,robocall,1,0,,phone_rule,us-ftc-robocall-daily
+17753097660,Robocall,block,3,+17753097660,robocall,1,0,,phone_rule,us-ftc-robocall-daily
+18447921067,Robocall,block,3,+18447921067,robocall,1,0,,phone_rule,us-ftc-robocall-daily
+18777320445,Robocall,block,3,+18777320445,robocall,1,0,,phone_rule,us-ftc-robocall-daily
+13034490663,Robocall,block,3,+13034490663,robocall,1,0,,phone_rule,us-ftc-robocall-daily
+18445493204,Robocall,block,3,+18445493204,robocall,1,0,,phone_rule,us-ftc-robocall-daily
+17207439072,Robocall,block,3,+17207439072,robocall,1,0,,phone_rule,us-ftc-robocall-daily
+19432748512,Robocall,block,3,+19432748512,robocall,1,0,,phone_rule,us-ftc-robocall-daily
+15303259905,Robocall,block,3,+15303259905,robocall,1,0,,phone_rule,us-ftc-robocall-daily
+18016144480,Robocall,block,3,+18016144480,robocall,1,0,,phone_rule,us-ftc-robocall-daily
+16784041648,Robocall,block,3,+16784041648,robocall,1,0,,phone_rule,us-ftc-robocall-daily
+12174224813,Robocall,block,3,+12174224813,robocall,1,0,,phone_rule,us-ftc-robocall-daily
+19379105912,Robocall,block,3,+19379105912,robocall,1,0,,phone_rule,us-ftc-robocall-daily
+16518776955,Robocall,block,3,+16518776955,robocall,1,0,,phone_rule,us-ftc-robocall-daily
+14236868476,Robocall,block,3,+14236868476,robocall,1,0,,phone_rule,us-ftc-robocall-daily
+13187501247,Robocall,block,3,+13187501247,robocall,1,0,,phone_rule,us-ftc-robocall-daily
+13863553887,Robocall,block,3,+13863553887,robocall,1,0,,phone_rule,us-ftc-robocall-daily
+16159653809,Robocall,block,3,+16159653809,robocall,1,0,,phone_rule,us-ftc-robocall-daily
+12492926530,Robocall,block,3,+12492926530,robocall,1,0,,phone_rule,us-ftc-robocall-daily
+16592574790,Robocall,block,3,+16592574790,robocall,1,0,,phone_rule,us-ftc-robocall-daily
+18569941526,Robocall,block,3,+18569941526,robocall,1,0,,phone_rule,us-ftc-robocall-daily
+18198498776,Robocall,block,3,+18198498776,robocall,1,0,,phone_rule,us-ftc-robocall-daily
+19283988390,Robocall,block,3,+19283988390,robocall,1,0,,phone_rule,us-ftc-robocall-daily
+19283893298,Robocall,block,3,+19283893298,robocall,1,0,,phone_rule,us-ftc-robocall-daily
+13862845392,Robocall,block,3,+13862845392,robocall,1,0,,phone_rule,us-ftc-robocall-daily
+18666811744,Robocall,block,3,+18666811744,robocall,1,0,,phone_rule,us-ftc-robocall-daily
+19412007279,Robocall,block,3,+19412007279,robocall,1,0,,phone_rule,us-ftc-robocall-daily
+12243508869,Robocall,block,3,+12243508869,robocall,1,0,,phone_rule,us-ftc-robocall-daily
+15392141875,Robocall,block,3,+15392141875,robocall,1,0,,phone_rule,us-ftc-robocall-daily
+18188598088,Robocall,block,3,+18188598088,robocall,1,0,,phone_rule,us-ftc-robocall-daily
+18184709023,Robocall,block,3,+18184709023,robocall,1,0,,phone_rule,us-ftc-robocall-daily
+12272602389,Robocall,block,3,+12272602389,robocall,1,0,,phone_rule,us-ftc-robocall-daily
+17069175542,Robocall,block,3,+17069175542,robocall,1,0,,phone_rule,us-ftc-robocall-daily
+14184962051,Robocall,block,3,+14184962051,robocall,1,0,,phone_rule,us-ftc-robocall-daily
+12165350570,Robocall,block,3,+12165350570,robocall,1,0,,phone_rule,us-ftc-robocall-daily
+18572809219,Robocall,block,3,+18572809219,robocall,1,0,,phone_rule,us-ftc-robocall-daily
+18564070762,Robocall,block,3,+18564070762,robocall,1,0,,phone_rule,us-ftc-robocall-daily
+14302618156,Robocall,block,3,+14302618156,robocall,1,0,,phone_rule,us-ftc-robocall-daily
+17706744191,Robocall,block,3,+17706744191,robocall,1,0,,phone_rule,us-ftc-robocall-daily
+14808648587,Robocall,block,3,+14808648587,robocall,1,0,,phone_rule,us-ftc-robocall-daily
+14088092294,Robocall,block,3,+14088092294,robocall,1,0,,phone_rule,us-ftc-robocall-daily
+17154648949,Robocall,block,3,+17154648949,robocall,1,0,,phone_rule,us-ftc-robocall-daily
+16206334146,Robocall,block,3,+16206334146,robocall,1,0,,phone_rule,us-ftc-robocall-daily
+18574027376,Robocall,block,3,+18574027376,robocall,1,0,,phone_rule,us-ftc-robocall-daily
+14342529315,Robocall,block,3,+14342529315,robocall,1,0,,phone_rule,us-ftc-robocall-daily
+12408049833,Robocall,block,3,+12408049833,robocall,1,0,,phone_rule,us-ftc-robocall-daily
+18337900093,Robocall,block,3,+18337900093,robocall,1,0,,phone_rule,us-ftc-robocall-daily
+15202970186,Robocall,block,3,+15202970186,robocall,1,0,,phone_rule,us-ftc-robocall-daily
+14234191431,Robocall,block,3,+14234191431,robocall,1,0,,phone_rule,us-ftc-robocall-daily
+19253040693,Robocall,block,3,+19253040693,robocall,1,0,,phone_rule,us-ftc-robocall-daily
+18262179598,Robocall,block,3,+18262179598,robocall,1,0,,phone_rule,us-ftc-robocall-daily
+12123124479,Robocall,block,3,+12123124479,robocall,1,0,,phone_rule,us-ftc-robocall-daily
+14153232492,Robocall,block,3,+14153232492,robocall,1,0,,phone_rule,us-ftc-robocall-daily
+17252141758,Robocall,block,3,+17252141758,robocall,1,0,,phone_rule,us-ftc-robocall-daily
+18775803363,Robocall,block,3,+18775803363,robocall,1,0,,phone_rule,us-ftc-robocall-daily
+16623453031,Robocall,block,3,+16623453031,robocall,1,0,,phone_rule,us-ftc-robocall-daily
+18046674909,Robocall,block,3,+18046674909,robocall,1,0,,phone_rule,us-ftc-robocall-daily
+19379063973,Robocall,block,3,+19379063973,robocall,1,0,,phone_rule,us-ftc-robocall-daily
+13146364739,Robocall,block,3,+13146364739,robocall,1,0,,phone_rule,us-ftc-robocall-daily
+12143085316,Robocall,block,3,+12143085316,robocall,1,0,,phone_rule,us-ftc-robocall-daily
+17743610798,Robocall,block,3,+17743610798,robocall,1,0,,phone_rule,us-ftc-robocall-daily
+16097982028,Robocall,block,3,+16097982028,robocall,1,0,,phone_rule,us-ftc-robocall-daily
+18446043409,Robocall,block,3,+18446043409,robocall,1,0,,phone_rule,us-ftc-robocall-daily
+16362343231,Robocall,block,3,+16362343231,robocall,1,0,,phone_rule,us-ftc-robocall-daily
+12792293585,Robocall,block,3,+12792293585,robocall,1,0,,phone_rule,us-ftc-robocall-daily
+14059243162,Robocall,block,3,+14059243162,robocall,1,0,,phone_rule,us-ftc-robocall-daily
+18045355880,Robocall,block,3,+18045355880,robocall,1,0,,phone_rule,us-ftc-robocall-daily
+16097852643,Robocall,block,3,+16097852643,robocall,1,0,,phone_rule,us-ftc-robocall-daily
+19138793698,Robocall,block,3,+19138793698,robocall,1,0,,phone_rule,us-ftc-robocall-daily
+18579993703,Robocall,block,3,+18579993703,robocall,1,0,,phone_rule,us-ftc-robocall-daily
+18009423767,Robocall,block,3,+18009423767,robocall,1,0,,phone_rule,us-ftc-robocall-daily
+14232795889,Robocall,block,3,+14232795889,robocall,1,0,,phone_rule,us-ftc-robocall-daily
+13147355079,Robocall,block,3,+13147355079,robocall,1,0,,phone_rule,us-ftc-robocall-daily
+13122027080,Robocall,block,3,+13122027080,robocall,1,0,,phone_rule,us-ftc-robocall-daily
+14439722001,Robocall,block,3,+14439722001,robocall,1,0,,phone_rule,us-ftc-robocall-daily
+19253728617,Robocall,block,3,+19253728617,robocall,1,0,,phone_rule,us-ftc-robocall-daily
+18044603439,Robocall,block,3,+18044603439,robocall,1,0,,phone_rule,us-ftc-robocall-daily
+18007255307,Robocall,block,3,+18007255307,robocall,1,0,,phone_rule,us-ftc-robocall-daily
+16097072123,Robocall,block,3,+16097072123,robocall,1,0,,phone_rule,us-ftc-robocall-daily
+18644245090,Robocall,block,3,+18644245090,robocall,1,0,,phone_rule,us-ftc-robocall-daily
+12604328176,Robocall,block,3,+12604328176,robocall,1,0,,phone_rule,us-ftc-robocall-daily
+18777320330,Robocall,block,3,+18777320330,robocall,1,0,,phone_rule,us-ftc-robocall-daily
+14439722002,Robocall,block,3,+14439722002,robocall,1,0,,phone_rule,us-ftc-robocall-daily
+18583672665,Robocall,block,3,+18583672665,robocall,1,0,,phone_rule,us-ftc-robocall-daily
+14794404367,Robocall,block,3,+14794404367,robocall,1,0,,phone_rule,us-ftc-robocall-daily
+13868809319,Robocall,block,3,+13868809319,robocall,1,0,,phone_rule,us-ftc-robocall-daily
+18443052174,Robocall,block,3,+18443052174,robocall,1,0,,phone_rule,us-ftc-robocall-daily
+15816823179,Robocall,block,3,+15816823179,robocall,1,0,,phone_rule,us-ftc-robocall-daily
+16163171787,Robocall,block,3,+16163171787,robocall,1,0,,phone_rule,us-ftc-robocall-daily
+15207729375,Robocall,block,3,+15207729375,robocall,1,0,,phone_rule,us-ftc-robocall-daily
+19403091258,Robocall,block,3,+19403091258,robocall,1,0,,phone_rule,us-ftc-robocall-daily
+12023079100,Robocall,block,3,+12023079100,robocall,1,0,,phone_rule,us-ftc-robocall-daily
+19414758643,Robocall,block,3,+19414758643,robocall,1,0,,phone_rule,us-ftc-robocall-daily
+14439816976,Robocall,block,3,+14439816976,robocall,1,0,,phone_rule,us-ftc-robocall-daily
+17249207386,Robocall,block,3,+17249207386,robocall,1,0,,phone_rule,us-ftc-robocall-daily
+18156347811,Robocall,block,3,+18156347811,robocall,1,0,,phone_rule,us-ftc-robocall-daily
+17703081630,Robocall,block,3,+17703081630,robocall,1,0,,phone_rule,us-ftc-robocall-daily
+13037526196,Robocall,block,3,+13037526196,robocall,1,0,,phone_rule,us-ftc-robocall-daily
+16304374439,Robocall,block,3,+16304374439,robocall,1,0,,phone_rule,us-ftc-robocall-daily
+18555324206,Robocall,block,3,+18555324206,robocall,1,0,,phone_rule,us-ftc-robocall-daily
+15206823841,Robocall,block,3,+15206823841,robocall,1,0,,phone_rule,us-ftc-robocall-daily
+19206015126,Robocall,block,3,+19206015126,robocall,1,0,,phone_rule,us-ftc-robocall-daily
+18333245433,Robocall,block,3,+18333245433,robocall,1,0,,phone_rule,us-ftc-robocall-daily
+15625794015,Robocall,block,3,+15625794015,robocall,1,0,,phone_rule,us-ftc-robocall-daily
+14435264916,Robocall,block,3,+14435264916,robocall,1,0,,phone_rule,us-ftc-robocall-daily
+14797513503,Robocall,block,3,+14797513503,robocall,1,0,,phone_rule,us-ftc-robocall-daily
+15185538428,Robocall,block,3,+15185538428,robocall,1,0,,phone_rule,us-ftc-robocall-daily
+14803049889,Robocall,block,3,+14803049889,robocall,1,0,,phone_rule,us-ftc-robocall-daily
+17029212640,Robocall,block,3,+17029212640,robocall,1,0,,phone_rule,us-ftc-robocall-daily
+18333987561,Robocall,block,3,+18333987561,robocall,1,0,,phone_rule,us-ftc-robocall-daily
+14707979756,Robocall,block,3,+14707979756,robocall,1,0,,phone_rule,us-ftc-robocall-daily
+19493687792,Robocall,block,3,+19493687792,robocall,1,0,,phone_rule,us-ftc-robocall-daily
+18663881983,Robocall,block,3,+18663881983,robocall,1,0,,phone_rule,us-ftc-robocall-daily
+18447641412,Robocall,block,3,+18447641412,robocall,1,0,,phone_rule,us-ftc-robocall-daily
+18333045517,Robocall,block,3,+18333045517,robocall,1,0,,phone_rule,us-ftc-robocall-daily
+15034684153,Robocall,block,3,+15034684153,robocall,1,0,,phone_rule,us-ftc-robocall-daily
+18662054919,Robocall,block,3,+18662054919,robocall,1,0,,phone_rule,us-ftc-robocall-daily
+12173220306,Robocall,block,3,+12173220306,robocall,1,0,,phone_rule,us-ftc-robocall-daily
+19317092342,Robocall,block,3,+19317092342,robocall,1,0,,phone_rule,us-ftc-robocall-daily
+18706647847,Robocall,block,3,+18706647847,robocall,1,0,,phone_rule,us-ftc-robocall-daily
+14704748959,Robocall,block,3,+14704748959,robocall,1,0,,phone_rule,us-ftc-robocall-daily
+18447643070,Robocall,block,3,+18447643070,robocall,1,0,,phone_rule,us-ftc-robocall-daily
+12297020831,Robocall,block,3,+12297020831,robocall,1,0,,phone_rule,us-ftc-robocall-daily
+13528370665,Robocall,block,3,+13528370665,robocall,1,0,,phone_rule,us-ftc-robocall-daily
+17155255867,Robocall,block,3,+17155255867,robocall,1,0,,phone_rule,us-ftc-robocall-daily
+18333950315,Robocall,block,3,+18333950315,robocall,1,0,,phone_rule,us-ftc-robocall-daily
+17194519099,Robocall,block,3,+17194519099,robocall,1,0,,phone_rule,us-ftc-robocall-daily
+18887570818,Robocall,block,3,+18887570818,robocall,1,0,,phone_rule,us-ftc-robocall-daily
+14473207916,Robocall,block,3,+14473207916,robocall,1,0,,phone_rule,us-ftc-robocall-daily
+18564718480,Robocall,block,3,+18564718480,robocall,1,0,,phone_rule,us-ftc-robocall-daily
+15205909575,Robocall,block,3,+15205909575,robocall,1,0,,phone_rule,us-ftc-robocall-daily
+19294633452,Robocall,block,3,+19294633452,robocall,1,0,,phone_rule,us-ftc-robocall-daily
+18882658732,Robocall,block,3,+18882658732,robocall,1,0,,phone_rule,us-ftc-robocall-daily
+12105445957,Robocall,block,3,+12105445957,robocall,1,0,,phone_rule,us-ftc-robocall-daily
+16155445580,Robocall,block,3,+16155445580,robocall,1,0,,phone_rule,us-ftc-robocall-daily
+19029349753,Robocall,block,3,+19029349753,robocall,1,0,,phone_rule,us-ftc-robocall-daily
+18336928994,Robocall,block,3,+18336928994,robocall,1,0,,phone_rule,us-ftc-robocall-daily
+14123639184,Robocall,block,3,+14123639184,robocall,1,0,,phone_rule,us-ftc-robocall-daily
+13175845389,Robocall,block,3,+13175845389,robocall,1,0,,phone_rule,us-ftc-robocall-daily
+18333984612,Robocall,block,3,+18333984612,robocall,1,0,,phone_rule,us-ftc-robocall-daily
+16107880228,Robocall,block,3,+16107880228,robocall,1,0,,phone_rule,us-ftc-robocall-daily
+17328136979,Robocall,block,3,+17328136979,robocall,1,0,,phone_rule,us-ftc-robocall-daily
+13149378177,Robocall,block,3,+13149378177,robocall,1,0,,phone_rule,us-ftc-robocall-daily
+13216895864,Robocall,block,3,+13216895864,robocall,1,0,,phone_rule,us-ftc-robocall-daily
+18332098140,Robocall,block,3,+18332098140,robocall,1,0,,phone_rule,us-ftc-robocall-daily
+12088770818,Robocall,block,3,+12088770818,robocall,1,0,,phone_rule,us-ftc-robocall-daily
+18143777849,Robocall,block,3,+18143777849,robocall,1,0,,phone_rule,us-ftc-robocall-daily
+13049646690,Robocall,block,3,+13049646690,robocall,1,0,,phone_rule,us-ftc-robocall-daily
+19709823633,Robocall,block,3,+19709823633,robocall,1,0,,phone_rule,us-ftc-robocall-daily
+19512279901,Robocall,block,3,+19512279901,robocall,1,0,,phone_rule,us-ftc-robocall-daily
+18335308868,Robocall,block,3,+18335308868,robocall,1,0,,phone_rule,us-ftc-robocall-daily
+19032542693,Robocall,block,3,+19032542693,robocall,1,0,,phone_rule,us-ftc-robocall-daily
+17242814940,Robocall,block,3,+17242814940,robocall,1,0,,phone_rule,us-ftc-robocall-daily
+15172720001,Robocall,block,3,+15172720001,robocall,1,0,,phone_rule,us-ftc-robocall-daily
+18632384463,Robocall,block,3,+18632384463,robocall,1,0,,phone_rule,us-ftc-robocall-daily
+18008480018,Robocall,block,3,+18008480018,robocall,1,0,,phone_rule,us-ftc-robocall-daily
+17209015652,Robocall,block,3,+17209015652,robocall,1,0,,phone_rule,us-ftc-robocall-daily
+19414918539,Robocall,block,3,+19414918539,robocall,1,0,,phone_rule,us-ftc-robocall-daily
+12012854635,Robocall,block,3,+12012854635,robocall,1,0,,phone_rule,us-ftc-robocall-daily
+12394216634,Robocall,block,3,+12394216634,robocall,1,0,,phone_rule,us-ftc-robocall-daily
+18332155948,Robocall,block,3,+18332155948,robocall,1,0,,phone_rule,us-ftc-robocall-daily
+14702939464,Robocall,block,3,+14702939464,robocall,1,0,,phone_rule,us-ftc-robocall-daily
+18888837228,Robocall,block,3,+18888837228,robocall,1,0,,phone_rule,us-ftc-robocall-daily
+12134297480,Robocall,block,3,+12134297480,robocall,1,0,,phone_rule,us-ftc-robocall-daily
+16185010349,Robocall,block,3,+16185010349,robocall,1,0,,phone_rule,us-ftc-robocall-daily
+15174683823,Robocall,block,3,+15174683823,robocall,1,0,,phone_rule,us-ftc-robocall-daily
+18334728280,Robocall,block,3,+18334728280,robocall,1,0,,phone_rule,us-ftc-robocall-daily
+18178064397,Robocall,block,3,+18178064397,robocall,1,0,,phone_rule,us-ftc-robocall-daily
+19295219039,Robocall,block,3,+19295219039,robocall,1,0,,phone_rule,us-ftc-robocall-daily
+18558091416,Robocall,block,3,+18558091416,robocall,1,0,,phone_rule,us-ftc-robocall-daily
+19084082455,Robocall,block,3,+19084082455,robocall,1,0,,phone_rule,us-ftc-robocall-daily
+18644690820,Robocall,block,3,+18644690820,robocall,1,0,,phone_rule,us-ftc-robocall-daily
+15204104625,Robocall,block,3,+15204104625,robocall,1,0,,phone_rule,us-ftc-robocall-daily
+13467123229,Robocall,block,3,+13467123229,robocall,1,0,,phone_rule,us-ftc-robocall-daily
+12395947458,Robocall,block,3,+12395947458,robocall,1,0,,phone_rule,us-ftc-robocall-daily
+18334273145,Robocall,block,3,+18334273145,robocall,1,0,,phone_rule,us-ftc-robocall-daily
+12186079316,Robocall,block,3,+12186079316,robocall,1,0,,phone_rule,us-ftc-robocall-daily
+14695025804,Robocall,block,3,+14695025804,robocall,1,0,,phone_rule,us-ftc-robocall-daily
+15132865254,Robocall,block,3,+15132865254,robocall,1,0,,phone_rule,us-ftc-robocall-daily
+18553572127,Robocall,block,3,+18553572127,robocall,1,0,,phone_rule,us-ftc-robocall-daily
+12525915582,Robocall,block,3,+12525915582,robocall,1,0,,phone_rule,us-ftc-robocall-daily
+18068025355,Robocall,block,3,+18068025355,robocall,1,0,,phone_rule,us-ftc-robocall-daily
+17085364825,Robocall,block,3,+17085364825,robocall,1,0,,phone_rule,us-ftc-robocall-daily
+18332206226,Robocall,block,3,+18332206226,robocall,1,0,,phone_rule,us-ftc-robocall-daily
+15876801654,Robocall,block,3,+15876801654,robocall,1,0,,phone_rule,us-ftc-robocall-daily
+19365048789,Robocall,block,3,+19365048789,robocall,1,0,,phone_rule,us-ftc-robocall-daily
+12533218126,Robocall,block,3,+12533218126,robocall,1,0,,phone_rule,us-ftc-robocall-daily
+15026547463,Robocall,block,3,+15026547463,robocall,1,0,,phone_rule,us-ftc-robocall-daily
+18446107250,Robocall,block,3,+18446107250,robocall,1,0,,phone_rule,us-ftc-robocall-daily
+16124664504,Robocall,block,3,+16124664504,robocall,1,0,,phone_rule,us-ftc-robocall-daily
+18447640370,Robocall,block,3,+18447640370,robocall,1,0,,phone_rule,us-ftc-robocall-daily
+19802861330,Robocall,block,3,+19802861330,robocall,1,0,,phone_rule,us-ftc-robocall-daily
+15673271448,Robocall,block,3,+15673271448,robocall,1,0,,phone_rule,us-ftc-robocall-daily
+18063788085,Robocall,block,3,+18063788085,robocall,1,0,,phone_rule,us-ftc-robocall-daily
+14582743228,Robocall,block,3,+14582743228,robocall,1,0,,phone_rule,us-ftc-robocall-daily
+16812387934,Robocall,block,3,+16812387934,robocall,1,0,,phone_rule,us-ftc-robocall-daily
+12132602641,Robocall,block,3,+12132602641,robocall,1,0,,phone_rule,us-ftc-robocall-daily
+14024973728,Robocall,block,3,+14024973728,robocall,1,0,,phone_rule,us-ftc-robocall-daily
+18778162865,Robocall,block,3,+18778162865,robocall,1,0,,phone_rule,us-ftc-robocall-daily
+15136946667,Robocall,block,3,+15136946667,robocall,1,0,,phone_rule,us-ftc-robocall-daily
+18336625686,Robocall,block,3,+18336625686,robocall,1,0,,phone_rule,us-ftc-robocall-daily
+13658731451,Robocall,block,3,+13658731451,robocall,1,0,,phone_rule,us-ftc-robocall-daily
+19412893414,Robocall,block,3,+19412893414,robocall,1,0,,phone_rule,us-ftc-robocall-daily
+12056183049,Robocall,block,3,+12056183049,robocall,1,0,,phone_rule,us-ftc-robocall-daily
+12149837264,Robocall,block,3,+12149837264,robocall,1,0,,phone_rule,us-ftc-robocall-daily
+18884321396,Robocall,block,3,+18884321396,robocall,1,0,,phone_rule,us-ftc-robocall-daily
+13613888490,Robocall,block,3,+13613888490,robocall,1,0,,phone_rule,us-ftc-robocall-daily
+16692756184,Robocall,block,3,+16692756184,robocall,1,0,,phone_rule,us-ftc-robocall-daily
+13025704673,Robocall,block,3,+13025704673,robocall,1,0,,phone_rule,us-ftc-robocall-daily
+15862846429,Robocall,block,3,+15862846429,robocall,1,0,,phone_rule,us-ftc-robocall-daily
+18447642831,Robocall,block,3,+18447642831,robocall,1,0,,phone_rule,us-ftc-robocall-daily
+18333375543,Robocall,block,3,+18333375543,robocall,1,0,,phone_rule,us-ftc-robocall-daily
+18666111590,Robocall,block,3,+18666111590,robocall,1,0,,phone_rule,us-ftc-robocall-daily
+19107053180,Robocall,block,3,+19107053180,robocall,1,0,,phone_rule,us-ftc-robocall-daily
+13137323226,Robocall,block,3,+13137323226,robocall,1,0,,phone_rule,us-ftc-robocall-daily
+18064100872,Robocall,block,3,+18064100872,robocall,1,0,,phone_rule,us-ftc-robocall-daily
+14022237587,Robocall,block,3,+14022237587,robocall,1,0,,phone_rule,us-ftc-robocall-daily
+18332946514,Robocall,block,3,+18332946514,robocall,1,0,,phone_rule,us-ftc-robocall-daily
+19432253160,Robocall,block,3,+19432253160,robocall,1,0,,phone_rule,us-ftc-robocall-daily
+14387030841,Robocall,block,3,+14387030841,robocall,1,0,,phone_rule,us-ftc-robocall-daily
+18666661134,Robocall,block,3,+18666661134,robocall,1,0,,phone_rule,us-ftc-robocall-daily
+12364926947,Robocall,block,3,+12364926947,robocall,1,0,,phone_rule,us-ftc-robocall-daily
+17602109196,Robocall,block,3,+17602109196,robocall,1,0,,phone_rule,us-ftc-robocall-daily
+13185766752,Robocall,block,3,+13185766752,robocall,1,0,,phone_rule,us-ftc-robocall-daily
+14022249180,Robocall,block,3,+14022249180,robocall,1,0,,phone_rule,us-ftc-robocall-daily
+17056544077,Robocall,block,3,+17056544077,robocall,1,0,,phone_rule,us-ftc-robocall-daily
+17074058353,Robocall,block,3,+17074058353,robocall,1,0,,phone_rule,us-ftc-robocall-daily
+18063279778,Robocall,block,3,+18063279778,robocall,1,0,,phone_rule,us-ftc-robocall-daily
+17758773150,Robocall,block,3,+17758773150,robocall,1,0,,phone_rule,us-ftc-robocall-daily
+14692772928,Robocall,block,3,+14692772928,robocall,1,0,,phone_rule,us-ftc-robocall-daily
+15616731110,Robocall,block,3,+15616731110,robocall,1,0,,phone_rule,us-ftc-robocall-daily
+19162825287,Robocall,block,3,+19162825287,robocall,1,0,,phone_rule,us-ftc-robocall-daily
+18668268972,Robocall,block,3,+18668268972,robocall,1,0,,phone_rule,us-ftc-robocall-daily
+18334616117,Robocall,block,3,+18334616117,robocall,1,0,,phone_rule,us-ftc-robocall-daily
+14024951247,Robocall,block,3,+14024951247,robocall,1,0,,phone_rule,us-ftc-robocall-daily
+13022043569,Robocall,block,3,+13022043569,robocall,1,0,,phone_rule,us-ftc-robocall-daily
+18334403713,Robocall,block,3,+18334403713,robocall,1,0,,phone_rule,us-ftc-robocall-daily
+12899199627,Robocall,block,3,+12899199627,robocall,1,0,,phone_rule,us-ftc-robocall-daily
+15039965026,Robocall,block,3,+15039965026,robocall,1,0,,phone_rule,us-ftc-robocall-daily
+14187002200,Robocall,block,3,+14187002200,robocall,1,0,,phone_rule,us-ftc-robocall-daily
+19167401913,Robocall,block,3,+19167401913,robocall,1,0,,phone_rule,us-ftc-robocall-daily
+14025526400,Robocall,block,3,+14025526400,robocall,1,0,,phone_rule,us-ftc-robocall-daily
+18122878307,Robocall,block,3,+18122878307,robocall,1,0,,phone_rule,us-ftc-robocall-daily
+14708379636,Robocall,block,3,+14708379636,robocall,1,0,,phone_rule,us-ftc-robocall-daily
+12544179949,Robocall,block,3,+12544179949,robocall,1,0,,phone_rule,us-ftc-robocall-daily
+18047791985,Robocall,block,3,+18047791985,robocall,1,0,,phone_rule,us-ftc-robocall-daily
+16825874657,Robocall,block,3,+16825874657,robocall,1,0,,phone_rule,us-ftc-robocall-daily
+17098353141,Robocall,block,3,+17098353141,robocall,1,0,,phone_rule,us-ftc-robocall-daily
+13147321003,Robocall,block,3,+13147321003,robocall,1,0,,phone_rule,us-ftc-robocall-daily
+19166196813,Robocall,block,3,+19166196813,robocall,1,0,,phone_rule,us-ftc-robocall-daily
+14723005034,Robocall,block,3,+14723005034,robocall,1,0,,phone_rule,us-ftc-robocall-daily
+18556683301,Robocall,block,3,+18556683301,robocall,1,0,,phone_rule,us-ftc-robocall-daily
+14387030633,Robocall,block,3,+14387030633,robocall,1,0,,phone_rule,us-ftc-robocall-daily
+14025900106,Robocall,block,3,+14025900106,robocall,1,0,,phone_rule,us-ftc-robocall-daily
+19162825281,Robocall,block,3,+19162825281,robocall,1,0,,phone_rule,us-ftc-robocall-daily
+15623026230,Robocall,block,3,+15623026230,robocall,1,0,,phone_rule,us-ftc-robocall-daily
+14023351004,Robocall,block,3,+14023351004,robocall,1,0,,phone_rule,us-ftc-robocall-daily
+19165438769,Robocall,block,3,+19165438769,robocall,1,0,,phone_rule,us-ftc-robocall-daily
+17608181845,Robocall,block,3,+17608181845,robocall,1,0,,phone_rule,us-ftc-robocall-daily
+15642204509,Robocall,block,3,+15642204509,robocall,1,0,,phone_rule,us-ftc-robocall-daily
+18552498237,Robocall,block,3,+18552498237,robocall,1,0,,phone_rule,us-ftc-robocall-daily
+18727999072,Robocall,block,3,+18727999072,robocall,1,0,,phone_rule,us-ftc-robocall-daily
+15139608257,Robocall,block,3,+15139608257,robocall,1,0,,phone_rule,us-ftc-robocall-daily
+13173501023,Robocall,block,3,+13173501023,robocall,1,0,,phone_rule,us-ftc-robocall-daily
+13375102915,Robocall,block,3,+13375102915,robocall,1,0,,phone_rule,us-ftc-robocall-daily
+14108873151,Robocall,block,3,+14108873151,robocall,1,0,,phone_rule,us-ftc-robocall-daily
+19165940140,Robocall,block,3,+19165940140,robocall,1,0,,phone_rule,us-ftc-robocall-daily
+18108881573,Robocall,block,3,+18108881573,robocall,1,0,,phone_rule,us-ftc-robocall-daily
+15754670509,Robocall,block,3,+15754670509,robocall,1,0,,phone_rule,us-ftc-robocall-daily
+15134601278,Robocall,block,3,+15134601278,robocall,1,0,,phone_rule,us-ftc-robocall-daily
+14023713499,Robocall,block,3,+14023713499,robocall,1,0,,phone_rule,us-ftc-robocall-daily
+19167401912,Robocall,block,3,+19167401912,robocall,1,0,,phone_rule,us-ftc-robocall-daily
+13612738445,Robocall,block,3,+13612738445,robocall,1,0,,phone_rule,us-ftc-robocall-daily
+18339562361,Robocall,block,3,+18339562361,robocall,1,0,,phone_rule,us-ftc-robocall-daily
+17606527636,Robocall,block,3,+17606527636,robocall,1,0,,phone_rule,us-ftc-robocall-daily
+12025582563,Robocall,block,3,+12025582563,robocall,1,0,,phone_rule,us-ftc-robocall-daily
+14792656492,Robocall,block,3,+14792656492,robocall,1,0,,phone_rule,us-ftc-robocall-daily
+14789236438,Robocall,block,3,+14789236438,robocall,1,0,,phone_rule,us-ftc-robocall-daily
+15163863192,Robocall,block,3,+15163863192,robocall,1,0,,phone_rule,us-ftc-robocall-daily
+19312918273,Robocall,block,3,+19312918273,robocall,1,0,,phone_rule,us-ftc-robocall-daily
+18104742889,Robocall,block,3,+18104742889,robocall,1,0,,phone_rule,us-ftc-robocall-daily
+17016634438,Robocall,block,3,+17016634438,robocall,1,0,,phone_rule,us-ftc-robocall-daily
+12259031868,Robocall,block,3,+12259031868,robocall,1,0,,phone_rule,us-ftc-robocall-daily
+12409634843,Robocall,block,3,+12409634843,robocall,1,0,,phone_rule,us-ftc-robocall-daily
+16045366245,Robocall,block,3,+16045366245,robocall,1,0,,phone_rule,us-ftc-robocall-daily
+18065529340,Robocall,block,3,+18065529340,robocall,1,0,,phone_rule,us-ftc-robocall-daily
+18664084070,Robocall,block,3,+18664084070,robocall,1,0,,phone_rule,us-ftc-robocall-daily
+12299370705,Robocall,block,3,+12299370705,robocall,1,0,,phone_rule,us-ftc-robocall-daily
+16028368814,Robocall,block,3,+16028368814,robocall,1,0,,phone_rule,us-ftc-robocall-daily
+14324654346,Robocall,block,3,+14324654346,robocall,1,0,,phone_rule,us-ftc-robocall-daily
+18384489440,Robocall,block,3,+18384489440,robocall,1,0,,phone_rule,us-ftc-robocall-daily
+16188827648,Robocall,block,3,+16188827648,robocall,1,0,,phone_rule,us-ftc-robocall-daily
+13802061915,Robocall,block,3,+13802061915,robocall,1,0,,phone_rule,us-ftc-robocall-daily
+19167133078,Robocall,block,3,+19167133078,robocall,1,0,,phone_rule,us-ftc-robocall-daily
+12514050542,Robocall,block,3,+12514050542,robocall,1,0,,phone_rule,us-ftc-robocall-daily
+14078483678,Robocall,block,3,+14078483678,robocall,1,0,,phone_rule,us-ftc-robocall-daily
+18384350206,Robocall,block,3,+18384350206,robocall,1,0,,phone_rule,us-ftc-robocall-daily
+19453988040,Robocall,block,3,+19453988040,robocall,1,0,,phone_rule,us-ftc-robocall-daily
+18126496426,Robocall,block,3,+18126496426,robocall,1,0,,phone_rule,us-ftc-robocall-daily
+14692706294,Robocall,block,3,+14692706294,robocall,1,0,,phone_rule,us-ftc-robocall-daily
+17033729346,Robocall,block,3,+17033729346,robocall,1,0,,phone_rule,us-ftc-robocall-daily
+19254947928,Robocall,block,3,+19254947928,robocall,1,0,,phone_rule,us-ftc-robocall-daily
+14097726315,Robocall,block,3,+14097726315,robocall,1,0,,phone_rule,us-ftc-robocall-daily
+17122019533,Robocall,block,3,+17122019533,robocall,1,0,,phone_rule,us-ftc-robocall-daily
+14484427894,Robocall,block,3,+14484427894,robocall,1,0,,phone_rule,us-ftc-robocall-daily
+18575779269,Robocall,block,3,+18575779269,robocall,1,0,,phone_rule,us-ftc-robocall-daily
+19169070422,Robocall,block,3,+19169070422,robocall,1,0,,phone_rule,us-ftc-robocall-daily
+12055996763,Robocall,block,3,+12055996763,robocall,1,0,,phone_rule,us-ftc-robocall-daily
+17606527838,Robocall,block,3,+17606527838,robocall,1,0,,phone_rule,us-ftc-robocall-daily
+16199754497,Robocall,block,3,+16199754497,robocall,1,0,,phone_rule,us-ftc-robocall-daily
+13256723539,Robocall,block,3,+13256723539,robocall,1,0,,phone_rule,us-ftc-robocall-daily
+18063683243,Robocall,block,3,+18063683243,robocall,1,0,,phone_rule,us-ftc-robocall-daily
+15028799224,Robocall,block,3,+15028799224,robocall,1,0,,phone_rule,us-ftc-robocall-daily
+18564025450,Robocall,block,3,+18564025450,robocall,1,0,,phone_rule,us-ftc-robocall-daily
+18062055646,Robocall,block,3,+18062055646,robocall,1,0,,phone_rule,us-ftc-robocall-daily
+17044109647,Robocall,block,3,+17044109647,robocall,1,0,,phone_rule,us-ftc-robocall-daily
+17712473279,Robocall,block,3,+17712473279,robocall,1,0,,phone_rule,us-ftc-robocall-daily
+17075189348,Robocall,block,3,+17075189348,robocall,1,0,,phone_rule,us-ftc-robocall-daily
+17036366361,Robocall,block,3,+17036366361,robocall,1,0,,phone_rule,us-ftc-robocall-daily
+18065319976,Robocall,block,3,+18065319976,robocall,1,0,,phone_rule,us-ftc-robocall-daily
+19867779131,Robocall,block,3,+19867779131,robocall,1,0,,phone_rule,us-ftc-robocall-daily
+18564027630,Robocall,block,3,+18564027630,robocall,1,0,,phone_rule,us-ftc-robocall-daily
+13147895029,Robocall,block,3,+13147895029,robocall,1,0,,phone_rule,us-ftc-robocall-daily
+13155171967,Robocall,block,3,+13155171967,robocall,1,0,,phone_rule,us-ftc-robocall-daily
+19295208942,Robocall,block,3,+19295208942,robocall,1,0,,phone_rule,us-ftc-robocall-daily
+18722534869,Robocall,block,3,+18722534869,robocall,1,0,,phone_rule,us-ftc-robocall-daily
+15302042148,Robocall,block,3,+15302042148,robocall,1,0,,phone_rule,us-ftc-robocall-daily
+13028642635,Robocall,block,3,+13028642635,robocall,1,0,,phone_rule,us-ftc-robocall-daily
+17193996094,Robocall,block,3,+17193996094,robocall,1,0,,phone_rule,us-ftc-robocall-daily
+15413144599,Robocall,block,3,+15413144599,robocall,1,0,,phone_rule,us-ftc-robocall-daily
+18068355464,Robocall,block,3,+18068355464,robocall,1,0,,phone_rule,us-ftc-robocall-daily
+16306349576,Robocall,block,3,+16306349576,robocall,1,0,,phone_rule,us-ftc-robocall-daily
+14199317301,Robocall,block,3,+14199317301,robocall,1,0,,phone_rule,us-ftc-robocall-daily
+14702939321,Robocall,block,3,+14702939321,robocall,1,0,,phone_rule,us-ftc-robocall-daily
+16614854742,Robocall,block,3,+16614854742,robocall,1,0,,phone_rule,us-ftc-robocall-daily
+14693042357,Robocall,block,3,+14693042357,robocall,1,0,,phone_rule,us-ftc-robocall-daily
+15417083134,Robocall,block,3,+15417083134,robocall,1,0,,phone_rule,us-ftc-robocall-daily
+19414667334,Robocall,block,3,+19414667334,robocall,1,0,,phone_rule,us-ftc-robocall-daily
+17033504748,Robocall,block,3,+17033504748,robocall,1,0,,phone_rule,us-ftc-robocall-daily
+18317770661,Robocall,block,3,+18317770661,robocall,1,0,,phone_rule,us-ftc-robocall-daily
+18065564110,Robocall,block,3,+18065564110,robocall,1,0,,phone_rule,us-ftc-robocall-daily
+14253107112,Robocall,block,3,+14253107112,robocall,1,0,,phone_rule,us-ftc-robocall-daily
+18435006001,Robocall,block,3,+18435006001,robocall,1,0,,phone_rule,us-ftc-robocall-daily
+14236002416,Robocall,block,3,+14236002416,robocall,1,0,,phone_rule,us-ftc-robocall-daily
+18889381521,Robocall,block,3,+18889381521,robocall,1,0,,phone_rule,us-ftc-robocall-daily
+12179867440,Robocall,block,3,+12179867440,robocall,1,0,,phone_rule,us-ftc-robocall-daily
+17708576661,Robocall,block,3,+17708576661,robocall,1,0,,phone_rule,us-ftc-robocall-daily
+18888440128,Robocall,block,3,+18888440128,robocall,1,0,,phone_rule,us-ftc-robocall-daily
+15512669843,Robocall,block,3,+15512669843,robocall,1,0,,phone_rule,us-ftc-robocall-daily
+18064890245,Robocall,block,3,+18064890245,robocall,1,0,,phone_rule,us-ftc-robocall-daily
+17759316673,Robocall,block,3,+17759316673,robocall,1,0,,phone_rule,us-ftc-robocall-daily
+19158996239,Robocall,block,3,+19158996239,robocall,1,0,,phone_rule,us-ftc-robocall-daily
+14804888912,Robocall,block,3,+14804888912,robocall,1,0,,phone_rule,us-ftc-robocall-daily
+17033233925,Robocall,block,3,+17033233925,robocall,1,0,,phone_rule,us-ftc-robocall-daily
+18436491992,Robocall,block,3,+18436491992,robocall,1,0,,phone_rule,us-ftc-robocall-daily
+18064890368,Robocall,block,3,+18064890368,robocall,1,0,,phone_rule,us-ftc-robocall-daily
+16578005570,Robocall,block,3,+16578005570,robocall,1,0,,phone_rule,us-ftc-robocall-daily
+17865051456,Robocall,block,3,+17865051456,robocall,1,0,,phone_rule,us-ftc-robocall-daily
+13025205145,Robocall,block,3,+13025205145,robocall,1,0,,phone_rule,us-ftc-robocall-daily
+12282832369,Robocall,block,3,+12282832369,robocall,1,0,,phone_rule,us-ftc-robocall-daily
+18133205806,Robocall,block,3,+18133205806,robocall,1,0,,phone_rule,us-ftc-robocall-daily
+18334498159,Robocall,block,3,+18334498159,robocall,1,0,,phone_rule,us-ftc-robocall-daily
+15014430590,Robocall,block,3,+15014430590,robocall,1,0,,phone_rule,us-ftc-robocall-daily
+17276490702,Robocall,block,3,+17276490702,robocall,1,0,,phone_rule,us-ftc-robocall-daily
+18175356058,Robocall,block,3,+18175356058,robocall,1,0,,phone_rule,us-ftc-robocall-daily
+18339597310,Robocall,block,3,+18339597310,robocall,1,0,,phone_rule,us-ftc-robocall-daily
+13092206467,Robocall,block,3,+13092206467,robocall,1,0,,phone_rule,us-ftc-robocall-daily
+15024800084,Robocall,block,3,+15024800084,robocall,1,0,,phone_rule,us-ftc-robocall-daily
+18139231155,Robocall,block,3,+18139231155,robocall,1,0,,phone_rule,us-ftc-robocall-daily
+17754366208,Robocall,block,3,+17754366208,robocall,1,0,,phone_rule,us-ftc-robocall-daily
+18107679498,Robocall,block,3,+18107679498,robocall,1,0,,phone_rule,us-ftc-robocall-daily
+18884179408,Robocall,block,3,+18884179408,robocall,1,0,,phone_rule,us-ftc-robocall-daily
+18555104378,Robocall,block,3,+18555104378,robocall,1,0,,phone_rule,us-ftc-robocall-daily
+12175691908,Robocall,block,3,+12175691908,robocall,1,0,,phone_rule,us-ftc-robocall-daily
+17602109742,Robocall,block,3,+17602109742,robocall,1,0,,phone_rule,us-ftc-robocall-daily
+14702939484,Robocall,block,3,+14702939484,robocall,1,0,,phone_rule,us-ftc-robocall-daily
+14022528115,Robocall,block,3,+14022528115,robocall,1,0,,phone_rule,us-ftc-robocall-daily
+14197319581,Robocall,block,3,+14197319581,robocall,1,0,,phone_rule,us-ftc-robocall-daily
+15028797186,Robocall,block,3,+15028797186,robocall,1,0,,phone_rule,us-ftc-robocall-daily
+19548697305,Robocall,block,3,+19548697305,robocall,1,0,,phone_rule,us-ftc-robocall-daily
+18442564090,Robocall,block,3,+18442564090,robocall,1,0,,phone_rule,us-ftc-robocall-daily
+15625251635,Robocall,block,3,+15625251635,robocall,1,0,,phone_rule,us-ftc-robocall-daily
+18776547206,Robocall,block,3,+18776547206,robocall,1,0,,phone_rule,us-ftc-robocall-daily
+12674562142,Robocall,block,3,+12674562142,robocall,1,0,,phone_rule,us-ftc-robocall-daily
+18332629416,Robocall,block,3,+18332629416,robocall,1,0,,phone_rule,us-ftc-robocall-daily
+14842312346,Robocall,block,3,+14842312346,robocall,1,0,,phone_rule,us-ftc-robocall-daily
+15043839240,Robocall,block,3,+15043839240,robocall,1,0,,phone_rule,us-ftc-robocall-daily
+18338957662,Robocall,block,3,+18338957662,robocall,1,0,,phone_rule,us-ftc-robocall-daily
+14587035963,Robocall,block,3,+14587035963,robocall,1,0,,phone_rule,us-ftc-robocall-daily
+12086756865,Robocall,block,3,+12086756865,robocall,1,0,,phone_rule,us-ftc-robocall-daily
+19419919994,Robocall,block,3,+19419919994,robocall,1,0,,phone_rule,us-ftc-robocall-daily
+18557570365,Robocall,block,3,+18557570365,robocall,1,0,,phone_rule,us-ftc-robocall-daily
+17699998172,Robocall,block,3,+17699998172,robocall,1,0,,phone_rule,us-ftc-robocall-daily
+15414608317,Robocall,block,3,+15414608317,robocall,1,0,,phone_rule,us-ftc-robocall-daily
+18883821222,Robocall,block,3,+18883821222,robocall,1,0,,phone_rule,us-ftc-robocall-daily
+12692809270,Robocall,block,3,+12692809270,robocall,1,0,,phone_rule,us-ftc-robocall-daily
+14582233487,Robocall,block,3,+14582233487,robocall,1,0,,phone_rule,us-ftc-robocall-daily
+18885809986,Robocall,block,3,+18885809986,robocall,1,0,,phone_rule,us-ftc-robocall-daily
+19042046159,Robocall,block,3,+19042046159,robocall,1,0,,phone_rule,us-ftc-robocall-daily
+13189692697,Robocall,block,3,+13189692697,robocall,1,0,,phone_rule,us-ftc-robocall-daily
+12254664326,Robocall,block,3,+12254664326,robocall,1,0,,phone_rule,us-ftc-robocall-daily
+17708092469,Robocall,block,3,+17708092469,robocall,1,0,,phone_rule,us-ftc-robocall-daily
+16072436184,Robocall,block,3,+16072436184,robocall,1,0,,phone_rule,us-ftc-robocall-daily
+18776811081,Robocall,block,3,+18776811081,robocall,1,0,,phone_rule,us-ftc-robocall-daily
+18559010316,Robocall,block,3,+18559010316,robocall,1,0,,phone_rule,us-ftc-robocall-daily
+18012545908,Robocall,block,3,+18012545908,robocall,1,0,,phone_rule,us-ftc-robocall-daily
+18102073279,Robocall,block,3,+18102073279,robocall,1,0,,phone_rule,us-ftc-robocall-daily
+19519421243,Robocall,block,3,+19519421243,robocall,1,0,,phone_rule,us-ftc-robocall-daily
+12504287537,Robocall,block,3,+12504287537,robocall,1,0,,phone_rule,us-ftc-robocall-daily
+19284765760,Robocall,block,3,+19284765760,robocall,1,0,,phone_rule,us-ftc-robocall-daily
+12134091283,Robocall,block,3,+12134091283,robocall,1,0,,phone_rule,us-ftc-robocall-daily
+15015962903,Robocall,block,3,+15015962903,robocall,1,0,,phone_rule,us-ftc-robocall-daily
+18022042112,Robocall,block,3,+18022042112,robocall,1,0,,phone_rule,us-ftc-robocall-daily
+13236162861,Robocall,block,3,+13236162861,robocall,1,0,,phone_rule,us-ftc-robocall-daily
+18335189262,Robocall,block,3,+18335189262,robocall,1,0,,phone_rule,us-ftc-robocall-daily
+12152671802,Robocall,block,3,+12152671802,robocall,1,0,,phone_rule,us-ftc-robocall-daily
+18068489529,Robocall,block,3,+18068489529,robocall,1,0,,phone_rule,us-ftc-robocall-daily
+18666820486,Robocall,block,3,+18666820486,robocall,1,0,,phone_rule,us-ftc-robocall-daily
+14315000764,Robocall,block,3,+14315000764,robocall,1,0,,phone_rule,us-ftc-robocall-daily
+17869899639,Robocall,block,3,+17869899639,robocall,1,0,,phone_rule,us-ftc-robocall-daily
+12084725871,Robocall,block,3,+12084725871,robocall,1,0,,phone_rule,us-ftc-robocall-daily
+14702939307,Robocall,block,3,+14702939307,robocall,1,0,,phone_rule,us-ftc-robocall-daily
+13235933145,Robocall,block,3,+13235933145,robocall,1,0,,phone_rule,us-ftc-robocall-daily
+16612459769,Robocall,block,3,+16612459769,robocall,1,0,,phone_rule,us-ftc-robocall-daily
+17134053873,Robocall,block,3,+17134053873,robocall,1,0,,phone_rule,us-ftc-robocall-daily
+18554940119,Robocall,block,3,+18554940119,robocall,1,0,,phone_rule,us-ftc-robocall-daily
+18555500684,Robocall,block,3,+18555500684,robocall,1,0,,phone_rule,us-ftc-robocall-daily
+17606527852,Robocall,block,3,+17606527852,robocall,1,0,,phone_rule,us-ftc-robocall-daily
+16612151213,Robocall,block,3,+16612151213,robocall,1,0,,phone_rule,us-ftc-robocall-daily
+12812709711,Robocall,block,3,+12812709711,robocall,1,0,,phone_rule,us-ftc-robocall-daily
+12262921689,Robocall,block,3,+12262921689,robocall,1,0,,phone_rule,us-ftc-robocall-daily
+17326531423,Robocall,block,3,+17326531423,robocall,1,0,,phone_rule,us-ftc-robocall-daily
+18458186062,Robocall,block,3,+18458186062,robocall,1,0,,phone_rule,us-ftc-robocall-daily
+17038446855,Robocall,block,3,+17038446855,robocall,1,0,,phone_rule,us-ftc-robocall-daily
+18339130436,Robocall,block,3,+18339130436,robocall,1,0,,phone_rule,us-ftc-robocall-daily
+16075621261,Robocall,block,3,+16075621261,robocall,1,0,,phone_rule,us-ftc-robocall-daily
+15746014235,Robocall,block,3,+15746014235,robocall,1,0,,phone_rule,us-ftc-robocall-daily
+15205589731,Robocall,block,3,+15205589731,robocall,1,0,,phone_rule,us-ftc-robocall-daily
+13306615680,Robocall,block,3,+13306615680,robocall,1,0,,phone_rule,us-ftc-robocall-daily
+18888462741,Robocall,block,3,+18888462741,robocall,1,0,,phone_rule,us-ftc-robocall-daily
+18552202919,Robocall,block,3,+18552202919,robocall,1,0,,phone_rule,us-ftc-robocall-daily
+15138400757,Robocall,block,3,+15138400757,robocall,1,0,,phone_rule,us-ftc-robocall-daily
+18316070156,Robocall,block,3,+18316070156,robocall,1,0,,phone_rule,us-ftc-robocall-daily
+18336157857,Robocall,block,3,+18336157857,robocall,1,0,,phone_rule,us-ftc-robocall-daily
+18882403337,Robocall,block,3,+18882403337,robocall,1,0,,phone_rule,us-ftc-robocall-daily
+14144376535,Robocall,block,3,+14144376535,robocall,1,0,,phone_rule,us-ftc-robocall-daily
+18339131755,Robocall,block,3,+18339131755,robocall,1,0,,phone_rule,us-ftc-robocall-daily
+14796466990,Robocall,block,3,+14796466990,robocall,1,0,,phone_rule,us-ftc-robocall-daily
+13027035537,Robocall,block,3,+13027035537,robocall,1,0,,phone_rule,us-ftc-robocall-daily
+18559145198,Robocall,block,3,+18559145198,robocall,1,0,,phone_rule,us-ftc-robocall-daily
+19104752239,Robocall,block,3,+19104752239,robocall,1,0,,phone_rule,us-ftc-robocall-daily
+16078780392,Robocall,block,3,+16078780392,robocall,1,0,,phone_rule,us-ftc-robocall-daily
+17602548801,Robocall,block,3,+17602548801,robocall,1,0,,phone_rule,us-ftc-robocall-daily
+18439849630,Robocall,block,3,+18439849630,robocall,1,0,,phone_rule,us-ftc-robocall-daily
+13158087793,Robocall,block,3,+13158087793,robocall,1,0,,phone_rule,us-ftc-robocall-daily
+12534396209,Robocall,block,3,+12534396209,robocall,1,0,,phone_rule,us-ftc-robocall-daily
+18668475960,Robocall,block,3,+18668475960,robocall,1,0,,phone_rule,us-ftc-robocall-daily
+13304078565,Robocall,block,3,+13304078565,robocall,1,0,,phone_rule,us-ftc-robocall-daily
+15183151033,Robocall,block,3,+15183151033,robocall,1,0,,phone_rule,us-ftc-robocall-daily
+18664411218,Robocall,block,3,+18664411218,robocall,1,0,,phone_rule,us-ftc-robocall-daily
+19404341999,Robocall,block,3,+19404341999,robocall,1,0,,phone_rule,us-ftc-robocall-daily
+19732010481,Robocall,block,3,+19732010481,robocall,1,0,,phone_rule,us-ftc-robocall-daily
+19892159428,Robocall,block,3,+19892159428,robocall,1,0,,phone_rule,us-ftc-robocall-daily
+14695176116,Robocall,block,3,+14695176116,robocall,1,0,,phone_rule,us-ftc-robocall-daily
+16079488184,Robocall,block,3,+16079488184,robocall,1,0,,phone_rule,us-ftc-robocall-daily
+17093932997,Robocall,block,3,+17093932997,robocall,1,0,,phone_rule,us-ftc-robocall-daily
+19546670119,Robocall,block,3,+19546670119,robocall,1,0,,phone_rule,us-ftc-robocall-daily
+17133938898,Robocall,block,3,+17133938898,robocall,1,0,,phone_rule,us-ftc-robocall-daily
+19722522494,Robocall,block,3,+19722522494,robocall,1,0,,phone_rule,us-ftc-robocall-daily
+13862424542,Robocall,block,3,+13862424542,robocall,1,0,,phone_rule,us-ftc-robocall-daily
+12132429863,Robocall,block,3,+12132429863,robocall,1,0,,phone_rule,us-ftc-robocall-daily
+14018591578,Robocall,block,3,+14018591578,robocall,1,0,,phone_rule,us-ftc-robocall-daily
+18669622191,Robocall,block,3,+18669622191,robocall,1,0,,phone_rule,us-ftc-robocall-daily
+18334416162,Robocall,block,3,+18334416162,robocall,1,0,,phone_rule,us-ftc-robocall-daily
+16078780292,Robocall,block,3,+16078780292,robocall,1,0,,phone_rule,us-ftc-robocall-daily
+13072897479,Robocall,block,3,+13072897479,robocall,1,0,,phone_rule,us-ftc-robocall-daily
+19368583802,Robocall,block,3,+19368583802,robocall,1,0,,phone_rule,us-ftc-robocall-daily
+18324131335,Robocall,block,3,+18324131335,robocall,1,0,,phone_rule,us-ftc-robocall-daily
+15715173140,Robocall,block,3,+15715173140,robocall,1,0,,phone_rule,us-ftc-robocall-daily
+18446479170,Robocall,block,3,+18446479170,robocall,1,0,,phone_rule,us-ftc-robocall-daily
+18884353368,Robocall,block,3,+18884353368,robocall,1,0,,phone_rule,us-ftc-robocall-daily
+15348887591,Robocall,block,3,+15348887591,robocall,1,0,,phone_rule,us-ftc-robocall-daily
+16072363214,Robocall,block,3,+16072363214,robocall,1,0,,phone_rule,us-ftc-robocall-daily
+14387030884,Robocall,block,3,+14387030884,robocall,1,0,,phone_rule,us-ftc-robocall-daily
+19722120060,Robocall,block,3,+19722120060,robocall,1,0,,phone_rule,us-ftc-robocall-daily
+18885611094,Robocall,block,3,+18885611094,robocall,1,0,,phone_rule,us-ftc-robocall-daily
+12012545476,Robocall,block,3,+12012545476,robocall,1,0,,phone_rule,us-ftc-robocall-daily
+16072953281,Robocall,block,3,+16072953281,robocall,1,0,,phone_rule,us-ftc-robocall-daily
+12045182195,Robocall,block,3,+12045182195,robocall,1,0,,phone_rule,us-ftc-robocall-daily
+14696174295,Robocall,block,3,+14696174295,robocall,1,0,,phone_rule,us-ftc-robocall-daily
+13056919070,Robocall,block,3,+13056919070,robocall,1,0,,phone_rule,us-ftc-robocall-daily
+18332113515,Robocall,block,3,+18332113515,robocall,1,0,,phone_rule,us-ftc-robocall-daily
+15513205908,Robocall,block,3,+15513205908,robocall,1,0,,phone_rule,us-ftc-robocall-daily
+16572178771,Robocall,block,3,+16572178771,robocall,1,0,,phone_rule,us-ftc-robocall-daily
+19723628973,Robocall,block,3,+19723628973,robocall,1,0,,phone_rule,us-ftc-robocall-daily
+16032565115,Robocall,block,3,+16032565115,robocall,1,0,,phone_rule,us-ftc-robocall-daily
+18338520359,Robocall,block,3,+18338520359,robocall,1,0,,phone_rule,us-ftc-robocall-daily
+18775341072,Robocall,block,3,+18775341072,robocall,1,0,,phone_rule,us-ftc-robocall-daily
+13154963345,Robocall,block,3,+13154963345,robocall,1,0,,phone_rule,us-ftc-robocall-daily
+13072013715,Robocall,block,3,+13072013715,robocall,1,0,,phone_rule,us-ftc-robocall-daily
+12708702096,Robocall,block,3,+12708702096,robocall,1,0,,phone_rule,us-ftc-robocall-daily
+18333278481,Robocall,block,3,+18333278481,robocall,1,0,,phone_rule,us-ftc-robocall-daily
+19518340759,Robocall,block,3,+19518340759,robocall,1,0,,phone_rule,us-ftc-robocall-daily
+15029739929,Robocall,block,3,+15029739929,robocall,1,0,,phone_rule,us-ftc-robocall-daily
+19052405110,Robocall,block,3,+19052405110,robocall,1,0,,phone_rule,us-ftc-robocall-daily
+16076388230,Robocall,block,3,+16076388230,robocall,1,0,,phone_rule,us-ftc-robocall-daily
+18777320143,Robocall,block,3,+18777320143,robocall,1,0,,phone_rule,us-ftc-robocall-daily
+12566596146,Robocall,block,3,+12566596146,robocall,1,0,,phone_rule,us-ftc-robocall-daily
+18507578423,Robocall,block,3,+18507578423,robocall,1,0,,phone_rule,us-ftc-robocall-daily
+16262308574,Robocall,block,3,+16262308574,robocall,1,0,,phone_rule,us-ftc-robocall-daily
+15862582782,Robocall,block,3,+15862582782,robocall,1,0,,phone_rule,us-ftc-robocall-daily
+15186663722,Robocall,block,3,+15186663722,robocall,1,0,,phone_rule,us-ftc-robocall-daily
+12082805739,Robocall,block,3,+12082805739,robocall,1,0,,phone_rule,us-ftc-robocall-daily
+16468377839,Robocall,block,3,+16468377839,robocall,1,0,,phone_rule,us-ftc-robocall-daily
+16072363220,Robocall,block,3,+16072363220,robocall,1,0,,phone_rule,us-ftc-robocall-daily
+14109345627,Robocall,block,3,+14109345627,robocall,1,0,,phone_rule,us-ftc-robocall-daily
+18884321379,Robocall,block,3,+18884321379,robocall,1,0,,phone_rule,us-ftc-robocall-daily
+18335947815,Robocall,block,3,+18335947815,robocall,1,0,,phone_rule,us-ftc-robocall-daily
+12068044489,Robocall,block,3,+12068044489,robocall,1,0,,phone_rule,us-ftc-robocall-daily
+16075660426,Robocall,block,3,+16075660426,robocall,1,0,,phone_rule,us-ftc-robocall-daily
+16182565984,Robocall,block,3,+16182565984,robocall,1,0,,phone_rule,us-ftc-robocall-daily
+19104182715,Robocall,block,3,+19104182715,robocall,1,0,,phone_rule,us-ftc-robocall-daily
+19548857655,Robocall,block,3,+19548857655,robocall,1,0,,phone_rule,us-ftc-robocall-daily
+12569657570,Robocall,block,3,+12569657570,robocall,1,0,,phone_rule,us-ftc-robocall-daily
+18336550357,Robocall,block,3,+18336550357,robocall,1,0,,phone_rule,us-ftc-robocall-daily
+18572807993,Robocall,block,3,+18572807993,robocall,1,0,,phone_rule,us-ftc-robocall-daily
+13152308632,Robocall,block,3,+13152308632,robocall,1,0,,phone_rule,us-ftc-robocall-daily
+18556391076,Robocall,block,3,+18556391076,robocall,1,0,,phone_rule,us-ftc-robocall-daily
+16073251220,Robocall,block,3,+16073251220,robocall,1,0,,phone_rule,us-ftc-robocall-daily
+18333045092,Robocall,block,3,+18333045092,robocall,1,0,,phone_rule,us-ftc-robocall-daily
+18597650321,Robocall,block,3,+18597650321,robocall,1,0,,phone_rule,us-ftc-robocall-daily
+18883194829,Robocall,block,3,+18883194829,robocall,1,0,,phone_rule,us-ftc-robocall-daily
+14353755109,Robocall,block,3,+14353755109,robocall,1,0,,phone_rule,us-ftc-robocall-daily
+15052597146,Robocall,block,3,+15052597146,robocall,1,0,,phone_rule,us-ftc-robocall-daily
+18338868905,Robocall,block,3,+18338868905,robocall,1,0,,phone_rule,us-ftc-robocall-daily
+14707429895,Robocall,block,3,+14707429895,robocall,1,0,,phone_rule,us-ftc-robocall-daily
+17207690597,Robocall,block,3,+17207690597,robocall,1,0,,phone_rule,us-ftc-robocall-daily
+14302600466,Robocall,block,3,+14302600466,robocall,1,0,,phone_rule,us-ftc-robocall-daily
+15012473733,Robocall,block,3,+15012473733,robocall,1,0,,phone_rule,us-ftc-robocall-daily
+14437552588,Robocall,block,3,+14437552588,robocall,1,0,,phone_rule,us-ftc-robocall-daily
+15748788739,Robocall,block,3,+15748788739,robocall,1,0,,phone_rule,us-ftc-robocall-daily
+18038914308,Robocall,block,3,+18038914308,robocall,1,0,,phone_rule,us-ftc-robocall-daily
+12569961593,Robocall,block,3,+12569961593,robocall,1,0,,phone_rule,us-ftc-robocall-daily
+19284301446,Robocall,block,3,+19284301446,robocall,1,0,,phone_rule,us-ftc-robocall-daily
+12256817557,Robocall,block,3,+12256817557,robocall,1,0,,phone_rule,us-ftc-robocall-daily
+13144498202,Robocall,block,3,+13144498202,robocall,1,0,,phone_rule,us-ftc-robocall-daily
+14352719055,Robocall,block,3,+14352719055,robocall,1,0,,phone_rule,us-ftc-robocall-daily
+18777103684,Robocall,block,3,+18777103684,robocall,1,0,,phone_rule,us-ftc-robocall-daily
+18334102443,Robocall,block,3,+18334102443,robocall,1,0,,phone_rule,us-ftc-robocall-daily
+17578320258,Robocall,block,3,+17578320258,robocall,1,0,,phone_rule,us-ftc-robocall-daily
+18127350314,Robocall,block,3,+18127350314,robocall,1,0,,phone_rule,us-ftc-robocall-daily
+15125936754,Robocall,block,3,+15125936754,robocall,1,0,,phone_rule,us-ftc-robocall-daily
+15028621568,Robocall,block,3,+15028621568,robocall,1,0,,phone_rule,us-ftc-robocall-daily
+12029803609,Robocall,block,3,+12029803609,robocall,1,0,,phone_rule,us-ftc-robocall-daily
+18336897785,Robocall,block,3,+18336897785,robocall,1,0,,phone_rule,us-ftc-robocall-daily
+19498056051,Robocall,block,3,+19498056051,robocall,1,0,,phone_rule,us-ftc-robocall-daily
+17609030938,Robocall,block,3,+17609030938,robocall,1,0,,phone_rule,us-ftc-robocall-daily
+18668924019,Robocall,block,3,+18668924019,robocall,1,0,,phone_rule,us-ftc-robocall-daily
+19514883754,Robocall,block,3,+19514883754,robocall,1,0,,phone_rule,us-ftc-robocall-daily
+14242390024,Robocall,block,3,+14242390024,robocall,1,0,,phone_rule,us-ftc-robocall-daily
+12052166218,Robocall,block,3,+12052166218,robocall,1,0,,phone_rule,us-ftc-robocall-daily
+14104175384,Robocall,block,3,+14104175384,robocall,1,0,,phone_rule,us-ftc-robocall-daily
+17325684772,Robocall,block,3,+17325684772,robocall,1,0,,phone_rule,us-ftc-robocall-daily
+12489857113,Robocall,block,3,+12489857113,robocall,1,0,,phone_rule,us-ftc-robocall-daily
+18667044594,Robocall,block,3,+18667044594,robocall,1,0,,phone_rule,us-ftc-robocall-daily
+18446778414,Robocall,block,3,+18446778414,robocall,1,0,,phone_rule,us-ftc-robocall-daily
+14353755249,Robocall,block,3,+14353755249,robocall,1,0,,phone_rule,us-ftc-robocall-daily
+15632152360,Robocall,block,3,+15632152360,robocall,1,0,,phone_rule,us-ftc-robocall-daily
+18007243015,Robocall,block,3,+18007243015,robocall,1,0,,phone_rule,us-ftc-robocall-daily
+18887571602,Robocall,block,3,+18887571602,robocall,1,0,,phone_rule,us-ftc-robocall-daily
+12626485164,Robocall,block,3,+12626485164,robocall,1,0,,phone_rule,us-ftc-robocall-daily
+19832098788,Robocall,block,3,+19832098788,robocall,1,0,,phone_rule,us-ftc-robocall-daily
+15205836853,Robocall,block,3,+15205836853,robocall,1,0,,phone_rule,us-ftc-robocall-daily
+12542755136,Robocall,block,3,+12542755136,robocall,1,0,,phone_rule,us-ftc-robocall-daily
+17744081277,Robocall,block,3,+17744081277,robocall,1,0,,phone_rule,us-ftc-robocall-daily
+16162210373,Robocall,block,3,+16162210373,robocall,1,0,,phone_rule,us-ftc-robocall-daily
+18133180346,Robocall,block,3,+18133180346,robocall,1,0,,phone_rule,us-ftc-robocall-daily
+12516642524,Robocall,block,3,+12516642524,robocall,1,0,,phone_rule,us-ftc-robocall-daily
+19799992955,Robocall,block,3,+19799992955,robocall,1,0,,phone_rule,us-ftc-robocall-daily
+12163409047,Robocall,block,3,+12163409047,robocall,1,0,,phone_rule,us-ftc-robocall-daily
+18663850308,Robocall,block,3,+18663850308,robocall,1,0,,phone_rule,us-ftc-robocall-daily
+15136068698,Robocall,block,3,+15136068698,robocall,1,0,,phone_rule,us-ftc-robocall-daily
+13126663494,Robocall,block,3,+13126663494,robocall,1,0,,phone_rule,us-ftc-robocall-daily
+13525598787,Robocall,block,3,+13525598787,robocall,1,0,,phone_rule,us-ftc-robocall-daily
+16692621272,Robocall,block,3,+16692621272,robocall,1,0,,phone_rule,us-ftc-robocall-daily
+12536567116,Robocall,block,3,+12536567116,robocall,1,0,,phone_rule,us-ftc-robocall-daily
+17257155168,Robocall,block,3,+17257155168,robocall,1,0,,phone_rule,us-ftc-robocall-daily
+18338229760,Robocall,block,3,+18338229760,robocall,1,0,,phone_rule,us-ftc-robocall-daily
+14437552499,Robocall,block,3,+14437552499,robocall,1,0,,phone_rule,us-ftc-robocall-daily
+16362471717,Robocall,block,3,+16362471717,robocall,1,0,,phone_rule,us-ftc-robocall-daily
+18442585671,Robocall,block,3,+18442585671,robocall,1,0,,phone_rule,us-ftc-robocall-daily
+13463636447,Robocall,block,3,+13463636447,robocall,1,0,,phone_rule,us-ftc-robocall-daily
+17602540361,Robocall,block,3,+17602540361,robocall,1,0,,phone_rule,us-ftc-robocall-daily
+13604376770,Robocall,block,3,+13604376770,robocall,1,0,,phone_rule,us-ftc-robocall-daily
+15137509931,Robocall,block,3,+15137509931,robocall,1,0,,phone_rule,us-ftc-robocall-daily
+18884183074,Robocall,block,3,+18884183074,robocall,1,0,,phone_rule,us-ftc-robocall-daily
+19173101289,Robocall,block,3,+19173101289,robocall,1,0,,phone_rule,us-ftc-robocall-daily
+15613630972,Robocall,block,3,+15613630972,robocall,1,0,,phone_rule,us-ftc-robocall-daily
+18179689650,Robocall,block,3,+18179689650,robocall,1,0,,phone_rule,us-ftc-robocall-daily
+18773884175,Robocall,block,3,+18773884175,robocall,1,0,,phone_rule,us-ftc-robocall-daily
+18106416270,Robocall,block,3,+18106416270,robocall,1,0,,phone_rule,us-ftc-robocall-daily
+19713160198,Robocall,block,3,+19713160198,robocall,1,0,,phone_rule,us-ftc-robocall-daily
+12082036024,Robocall,block,3,+12082036024,robocall,1,0,,phone_rule,us-ftc-robocall-daily
+17402094572,Robocall,block,3,+17402094572,robocall,1,0,,phone_rule,us-ftc-robocall-daily
+18148512666,Robocall,block,3,+18148512666,robocall,1,0,,phone_rule,us-ftc-robocall-daily
+14803448300,Robocall,block,3,+14803448300,robocall,1,0,,phone_rule,us-ftc-robocall-daily
+17817953555,Robocall,block,3,+17817953555,robocall,1,0,,phone_rule,us-ftc-robocall-daily
+16783952542,Robocall,block,3,+16783952542,robocall,1,0,,phone_rule,us-ftc-robocall-daily
+19165433860,Robocall,block,3,+19165433860,robocall,1,0,,phone_rule,us-ftc-robocall-daily
+18145630421,Robocall,block,3,+18145630421,robocall,1,0,,phone_rule,us-ftc-robocall-daily
+18434052795,Robocall,block,3,+18434052795,robocall,1,0,,phone_rule,us-ftc-robocall-daily
+14077101945,Robocall,block,3,+14077101945,robocall,1,0,,phone_rule,us-ftc-robocall-daily
+17273549933,Robocall,block,3,+17273549933,robocall,1,0,,phone_rule,us-ftc-robocall-daily
+18564319347,Robocall,block,3,+18564319347,robocall,1,0,,phone_rule,us-ftc-robocall-daily
+12708158091,Robocall,block,3,+12708158091,robocall,1,0,,phone_rule,us-ftc-robocall-daily
+12098027551,Robocall,block,3,+12098027551,robocall,1,0,,phone_rule,us-ftc-robocall-daily
+14134214487,Robocall,block,3,+14134214487,robocall,1,0,,phone_rule,us-ftc-robocall-daily
+14387030782,Robocall,block,3,+14387030782,robocall,1,0,,phone_rule,us-ftc-robocall-daily
+18888311804,Robocall,block,3,+18888311804,robocall,1,0,,phone_rule,us-ftc-robocall-daily
+18332125311,Robocall,block,3,+18332125311,robocall,1,0,,phone_rule,us-ftc-robocall-daily
+15342003119,Robocall,block,3,+15342003119,robocall,1,0,,phone_rule,us-ftc-robocall-daily
+16572011311,Robocall,block,3,+16572011311,robocall,1,0,,phone_rule,us-ftc-robocall-daily
+14102478787,Robocall,block,3,+14102478787,robocall,1,0,,phone_rule,us-ftc-robocall-daily
+19018996598,Robocall,block,3,+19018996598,robocall,1,0,,phone_rule,us-ftc-robocall-daily
+17745457540,Robocall,block,3,+17745457540,robocall,1,0,,phone_rule,us-ftc-robocall-daily
+17634774275,Robocall,block,3,+17634774275,robocall,1,0,,phone_rule,us-ftc-robocall-daily
+13024057275,Robocall,block,3,+13024057275,robocall,1,0,,phone_rule,us-ftc-robocall-daily
+13067374685,Robocall,block,3,+13067374685,robocall,1,0,,phone_rule,us-ftc-robocall-daily
+19346999853,Robocall,block,3,+19346999853,robocall,1,0,,phone_rule,us-ftc-robocall-daily
+18882931398,Robocall,block,3,+18882931398,robocall,1,0,,phone_rule,us-ftc-robocall-daily
+17077722813,Robocall,block,3,+17077722813,robocall,1,0,,phone_rule,us-ftc-robocall-daily
+15185049748,Robocall,block,3,+15185049748,robocall,1,0,,phone_rule,us-ftc-robocall-daily
+18882934804,Robocall,block,3,+18882934804,robocall,1,0,,phone_rule,us-ftc-robocall-daily
+14103047829,Robocall,block,3,+14103047829,robocall,1,0,,phone_rule,us-ftc-robocall-daily
+16788036861,Robocall,block,3,+16788036861,robocall,1,0,,phone_rule,us-ftc-robocall-daily
+18335637413,Robocall,block,3,+18335637413,robocall,1,0,,phone_rule,us-ftc-robocall-daily
+18332427594,Robocall,block,3,+18332427594,robocall,1,0,,phone_rule,us-ftc-robocall-daily
+17169473384,Robocall,block,3,+17169473384,robocall,1,0,,phone_rule,us-ftc-robocall-daily
+14256503290,Robocall,block,3,+14256503290,robocall,1,0,,phone_rule,us-ftc-robocall-daily
+18082018675,Robocall,block,3,+18082018675,robocall,1,0,,phone_rule,us-ftc-robocall-daily
+19142050321,Robocall,block,3,+19142050321,robocall,1,0,,phone_rule,us-ftc-robocall-daily
+16185471676,Robocall,block,3,+16185471676,robocall,1,0,,phone_rule,us-ftc-robocall-daily
+18334147875,Robocall,block,3,+18334147875,robocall,1,0,,phone_rule,us-ftc-robocall-daily
+12232168578,Robocall,block,3,+12232168578,robocall,1,0,,phone_rule,us-ftc-robocall-daily
+13203638435,Robocall,block,3,+13203638435,robocall,1,0,,phone_rule,us-ftc-robocall-daily
+19703187796,Robocall,block,3,+19703187796,robocall,1,0,,phone_rule,us-ftc-robocall-daily
+12548044637,Robocall,block,3,+12548044637,robocall,1,0,,phone_rule,us-ftc-robocall-daily
+18447671007,Robocall,block,3,+18447671007,robocall,1,0,,phone_rule,us-ftc-robocall-daily
+17087348988,Robocall,block,3,+17087348988,robocall,1,0,,phone_rule,us-ftc-robocall-daily
+14142153542,Robocall,block,3,+14142153542,robocall,1,0,,phone_rule,us-ftc-robocall-daily
+13312023253,Robocall,block,3,+13312023253,robocall,1,0,,phone_rule,us-ftc-robocall-daily
+18335481233,Robocall,block,3,+18335481233,robocall,1,0,,phone_rule,us-ftc-robocall-daily
+18337285403,Robocall,block,3,+18337285403,robocall,1,0,,phone_rule,us-ftc-robocall-daily
+17162843921,Robocall,block,3,+17162843921,robocall,1,0,,phone_rule,us-ftc-robocall-daily
+19183611126,Robocall,block,3,+19183611126,robocall,1,0,,phone_rule,us-ftc-robocall-daily
+17089288567,Robocall,block,3,+17089288567,robocall,1,0,,phone_rule,us-ftc-robocall-daily
+18334460590,Robocall,block,3,+18334460590,robocall,1,0,,phone_rule,us-ftc-robocall-daily
+19167220655,Robocall,block,3,+19167220655,robocall,1,0,,phone_rule,us-ftc-robocall-daily
+18664412747,Robocall,block,3,+18664412747,robocall,1,0,,phone_rule,us-ftc-robocall-daily
+15618798852,Robocall,block,3,+15618798852,robocall,1,0,,phone_rule,us-ftc-robocall-daily
+15016250814,Robocall,block,3,+15016250814,robocall,1,0,,phone_rule,us-ftc-robocall-daily
+12089275379,Robocall,block,3,+12089275379,robocall,1,0,,phone_rule,us-ftc-robocall-daily
+15123026800,Robocall,block,3,+15123026800,robocall,1,0,,phone_rule,us-ftc-robocall-daily
+18052091549,Robocall,block,3,+18052091549,robocall,1,0,,phone_rule,us-ftc-robocall-daily
+18335102993,Robocall,block,3,+18335102993,robocall,1,0,,phone_rule,us-ftc-robocall-daily
+18334068442,Robocall,block,3,+18334068442,robocall,1,0,,phone_rule,us-ftc-robocall-daily
+17085006889,Robocall,block,3,+17085006889,robocall,1,0,,phone_rule,us-ftc-robocall-daily
+14389209480,Robocall,block,3,+14389209480,robocall,1,0,,phone_rule,us-ftc-robocall-daily
+18664410993,Robocall,block,3,+18664410993,robocall,1,0,,phone_rule,us-ftc-robocall-daily
+18558572014,Robocall,block,3,+18558572014,robocall,1,0,,phone_rule,us-ftc-robocall-daily
+17475292052,Robocall,block,3,+17475292052,robocall,1,0,,phone_rule,us-ftc-robocall-daily
+12042032404,Robocall,block,3,+12042032404,robocall,1,0,,phone_rule,us-ftc-robocall-daily
+12254572155,Robocall,block,3,+12254572155,robocall,1,0,,phone_rule,us-ftc-robocall-daily
+17088098945,Robocall,block,3,+17088098945,robocall,1,0,,phone_rule,us-ftc-robocall-daily
+19372409598,Robocall,block,3,+19372409598,robocall,1,0,,phone_rule,us-ftc-robocall-daily
+16462793539,Robocall,block,3,+16462793539,robocall,1,0,,phone_rule,us-ftc-robocall-daily
+13055064319,Robocall,block,3,+13055064319,robocall,1,0,,phone_rule,us-ftc-robocall-daily
+16364755832,Robocall,block,3,+16364755832,robocall,1,0,,phone_rule,us-ftc-robocall-daily
+13098945017,Robocall,block,3,+13098945017,robocall,1,0,,phone_rule,us-ftc-robocall-daily
+15126125292,Robocall,block,3,+15126125292,robocall,1,0,,phone_rule,us-ftc-robocall-daily
+18554989092,Robocall,block,3,+18554989092,robocall,1,0,,phone_rule,us-ftc-robocall-daily
+13502020190,Robocall,block,3,+13502020190,robocall,1,0,,phone_rule,us-ftc-robocall-daily
+17148311936,Robocall,block,3,+17148311936,robocall,1,0,,phone_rule,us-ftc-robocall-daily
+12092547105,Robocall,block,3,+12092547105,robocall,1,0,,phone_rule,us-ftc-robocall-daily
+19033759108,Robocall,block,3,+19033759108,robocall,1,0,,phone_rule,us-ftc-robocall-daily
+19896376130,Robocall,block,3,+19896376130,robocall,1,0,,phone_rule,us-ftc-robocall-daily
+18045074775,Robocall,block,3,+18045074775,robocall,1,0,,phone_rule,us-ftc-robocall-daily
+15754256187,Robocall,block,3,+15754256187,robocall,1,0,,phone_rule,us-ftc-robocall-daily
+12628297847,Robocall,block,3,+12628297847,robocall,1,0,,phone_rule,us-ftc-robocall-daily
+17378427081,Robocall,block,3,+17378427081,robocall,1,0,,phone_rule,us-ftc-robocall-daily
+18336410913,Robocall,block,3,+18336410913,robocall,1,0,,phone_rule,us-ftc-robocall-daily
+16362073542,Robocall,block,3,+16362073542,robocall,1,0,,phone_rule,us-ftc-robocall-daily
+12148426892,Robocall,block,3,+12148426892,robocall,1,0,,phone_rule,us-ftc-robocall-daily
+17073682915,Robocall,block,3,+17073682915,robocall,1,0,,phone_rule,us-ftc-robocall-daily
+14432275570,Robocall,block,3,+14432275570,robocall,1,0,,phone_rule,us-ftc-robocall-daily
+16099002095,Robocall,block,3,+16099002095,robocall,1,0,,phone_rule,us-ftc-robocall-daily
+18334509046,Robocall,block,3,+18334509046,robocall,1,0,,phone_rule,us-ftc-robocall-daily
+14127758926,Robocall,block,3,+14127758926,robocall,1,0,,phone_rule,us-ftc-robocall-daily
+12233394591,Robocall,block,3,+12233394591,robocall,1,0,,phone_rule,us-ftc-robocall-daily
+18777103447,Robocall,block,3,+18777103447,robocall,1,0,,phone_rule,us-ftc-robocall-daily
+18885330992,Robocall,block,3,+18885330992,robocall,1,0,,phone_rule,us-ftc-robocall-daily
+14582522043,Robocall,block,3,+14582522043,robocall,1,0,,phone_rule,us-ftc-robocall-daily
+19046856566,Robocall,block,3,+19046856566,robocall,1,0,,phone_rule,us-ftc-robocall-daily
+13363603277,Robocall,block,3,+13363603277,robocall,1,0,,phone_rule,us-ftc-robocall-daily
+18334403290,Robocall,block,3,+18334403290,robocall,1,0,,phone_rule,us-ftc-robocall-daily
+18332631246,Robocall,block,3,+18332631246,robocall,1,0,,phone_rule,us-ftc-robocall-daily
+18337156283,Robocall,block,3,+18337156283,robocall,1,0,,phone_rule,us-ftc-robocall-daily
+12023906082,Robocall,block,3,+12023906082,robocall,1,0,,phone_rule,us-ftc-robocall-daily
+18334239101,Robocall,block,3,+18334239101,robocall,1,0,,phone_rule,us-ftc-robocall-daily
+17075181397,Robocall,block,3,+17075181397,robocall,1,0,,phone_rule,us-ftc-robocall-daily
+15066992427,Robocall,block,3,+15066992427,robocall,1,0,,phone_rule,us-ftc-robocall-daily
+12484184669,Robocall,block,3,+12484184669,robocall,1,0,,phone_rule,us-ftc-robocall-daily
+19096123985,Robocall,block,3,+19096123985,robocall,1,0,,phone_rule,us-ftc-robocall-daily
+15597454793,Robocall,block,3,+15597454793,robocall,1,0,,phone_rule,us-ftc-robocall-daily
+16615455345,Robocall,block,3,+16615455345,robocall,1,0,,phone_rule,us-ftc-robocall-daily
+18447670604,Robocall,block,3,+18447670604,robocall,1,0,,phone_rule,us-ftc-robocall-daily
+17023764295,Robocall,block,3,+17023764295,robocall,1,0,,phone_rule,us-ftc-robocall-daily
+14084291809,Robocall,block,3,+14084291809,robocall,1,0,,phone_rule,us-ftc-robocall-daily
+15592190573,Robocall,block,3,+15592190573,robocall,1,0,,phone_rule,us-ftc-robocall-daily
+17196061149,Robocall,block,3,+17196061149,robocall,1,0,,phone_rule,us-ftc-robocall-daily
+13316006393,Robocall,block,3,+13316006393,robocall,1,0,,phone_rule,us-ftc-robocall-daily
+12147719450,Robocall,block,3,+12147719450,robocall,1,0,,phone_rule,us-ftc-robocall-daily
+16026980771,Robocall,block,3,+16026980771,robocall,1,0,,phone_rule,us-ftc-robocall-daily
+19164831486,Robocall,block,3,+19164831486,robocall,1,0,,phone_rule,us-ftc-robocall-daily
+15514005780,Robocall,block,3,+15514005780,robocall,1,0,,phone_rule,us-ftc-robocall-daily
+18624493030,Robocall,block,3,+18624493030,robocall,1,0,,phone_rule,us-ftc-robocall-daily
+18637898020,Robocall,block,3,+18637898020,robocall,1,0,,phone_rule,us-ftc-robocall-daily
+18332187322,Robocall,block,3,+18332187322,robocall,1,0,,phone_rule,us-ftc-robocall-daily
+19173381992,Robocall,block,3,+19173381992,robocall,1,0,,phone_rule,us-ftc-robocall-daily
+15486985046,Robocall,block,3,+15486985046,robocall,1,0,,phone_rule,us-ftc-robocall-daily
+12088753067,Robocall,block,3,+12088753067,robocall,1,0,,phone_rule,us-ftc-robocall-daily
+14012690052,Robocall,block,3,+14012690052,robocall,1,0,,phone_rule,us-ftc-robocall-daily
+18447671054,Robocall,block,3,+18447671054,robocall,1,0,,phone_rule,us-ftc-robocall-daily
+18624493059,Robocall,block,3,+18624493059,robocall,1,0,,phone_rule,us-ftc-robocall-daily
+18335704228,Robocall,block,3,+18335704228,robocall,1,0,,phone_rule,us-ftc-robocall-daily
+12044912874,Robocall,block,3,+12044912874,robocall,1,0,,phone_rule,us-ftc-robocall-daily
+14236155821,Robocall,block,3,+14236155821,robocall,1,0,,phone_rule,us-ftc-robocall-daily
+14244923506,Robocall,block,3,+14244923506,robocall,1,0,,phone_rule,us-ftc-robocall-daily
+17819771582,Robocall,block,3,+17819771582,robocall,1,0,,phone_rule,us-ftc-robocall-daily
+18553712508,Robocall,block,3,+18553712508,robocall,1,0,,phone_rule,us-ftc-robocall-daily
+17755666953,Robocall,block,3,+17755666953,robocall,1,0,,phone_rule,us-ftc-robocall-daily
+18332187508,Robocall,block,3,+18332187508,robocall,1,0,,phone_rule,us-ftc-robocall-daily
+18332130104,Robocall,block,3,+18332130104,robocall,1,0,,phone_rule,us-ftc-robocall-daily
+14403253212,Robocall,block,3,+14403253212,robocall,1,0,,phone_rule,us-ftc-robocall-daily
+13215292457,Robocall,block,3,+13215292457,robocall,1,0,,phone_rule,us-ftc-robocall-daily
+19737934144,Robocall,block,3,+19737934144,robocall,1,0,,phone_rule,us-ftc-robocall-daily
+19172677716,Robocall,block,3,+19172677716,robocall,1,0,,phone_rule,us-ftc-robocall-daily
+12144614738,Robocall,block,3,+12144614738,robocall,1,0,,phone_rule,us-ftc-robocall-daily
+18044651301,Robocall,block,3,+18044651301,robocall,1,0,,phone_rule,us-ftc-robocall-daily
+18638741251,Robocall,block,3,+18638741251,robocall,1,0,,phone_rule,us-ftc-robocall-daily
+13862024948,Robocall,block,3,+13862024948,robocall,1,0,,phone_rule,us-ftc-robocall-daily
+15516008336,Robocall,block,3,+15516008336,robocall,1,0,,phone_rule,us-ftc-robocall-daily
+18196272343,Robocall,block,3,+18196272343,robocall,1,0,,phone_rule,us-ftc-robocall-daily
+18139454345,Robocall,block,3,+18139454345,robocall,1,0,,phone_rule,us-ftc-robocall-daily
+18888441679,Robocall,block,3,+18888441679,robocall,1,0,,phone_rule,us-ftc-robocall-daily
+19853074032,Robocall,block,3,+19853074032,robocall,1,0,,phone_rule,us-ftc-robocall-daily
+17073581774,Robocall,block,3,+17073581774,robocall,1,0,,phone_rule,us-ftc-robocall-daily
+12398991482,Robocall,block,3,+12398991482,robocall,1,0,,phone_rule,us-ftc-robocall-daily
+14698385675,Robocall,block,3,+14698385675,robocall,1,0,,phone_rule,us-ftc-robocall-daily
+15108804792,Robocall,block,3,+15108804792,robocall,1,0,,phone_rule,us-ftc-robocall-daily
+13216078390,Robocall,block,3,+13216078390,robocall,1,0,,phone_rule,us-ftc-robocall-daily
+17252290314,Robocall,block,3,+17252290314,robocall,1,0,,phone_rule,us-ftc-robocall-daily
+19432741981,Robocall,block,3,+19432741981,robocall,1,0,,phone_rule,us-ftc-robocall-daily
+17745467937,Robocall,block,3,+17745467937,robocall,1,0,,phone_rule,us-ftc-robocall-daily
+12025208576,Robocall,block,3,+12025208576,robocall,1,0,,phone_rule,us-ftc-robocall-daily
+13512407115,Robocall,block,3,+13512407115,robocall,1,0,,phone_rule,us-ftc-robocall-daily
+14707302874,Robocall,block,3,+14707302874,robocall,1,0,,phone_rule,us-ftc-robocall-daily
+12143412355,Robocall,block,3,+12143412355,robocall,1,0,,phone_rule,us-ftc-robocall-daily
+14353834085,Robocall,block,3,+14353834085,robocall,1,0,,phone_rule,us-ftc-robocall-daily
+12125229992,Robocall,block,3,+12125229992,robocall,1,0,,phone_rule,us-ftc-robocall-daily
+16722078103,Robocall,block,3,+16722078103,robocall,1,0,,phone_rule,us-ftc-robocall-daily
+18338008991,Robocall,block,3,+18338008991,robocall,1,0,,phone_rule,us-ftc-robocall-daily
+18104260831,Robocall,block,3,+18104260831,robocall,1,0,,phone_rule,us-ftc-robocall-daily
+13307752964,Robocall,block,3,+13307752964,robocall,1,0,,phone_rule,us-ftc-robocall-daily
+18335223369,Robocall,block,3,+18335223369,robocall,1,0,,phone_rule,us-ftc-robocall-daily
+16624995836,Robocall,block,3,+16624995836,robocall,1,0,,phone_rule,us-ftc-robocall-daily
+17324790422,Robocall,block,3,+17324790422,robocall,1,0,,phone_rule,us-ftc-robocall-daily
+15613028290,Robocall,block,3,+15613028290,robocall,1,0,,phone_rule,us-ftc-robocall-daily
+19549305328,Robocall,block,3,+19549305328,robocall,1,0,,phone_rule,us-ftc-robocall-daily
+13215299198,Robocall,block,3,+13215299198,robocall,1,0,,phone_rule,us-ftc-robocall-daily
+18045312176,Robocall,block,3,+18045312176,robocall,1,0,,phone_rule,us-ftc-robocall-daily
+15714700856,Robocall,block,3,+15714700856,robocall,1,0,,phone_rule,us-ftc-robocall-daily
+12164607205,Robocall,block,3,+12164607205,robocall,1,0,,phone_rule,us-ftc-robocall-daily
+19542082215,Robocall,block,3,+19542082215,robocall,1,0,,phone_rule,us-ftc-robocall-daily
+18735100129,Robocall,block,3,+18735100129,robocall,1,0,,phone_rule,us-ftc-robocall-daily
+16023455333,Robocall,block,3,+16023455333,robocall,1,0,,phone_rule,us-ftc-robocall-daily
+19892446274,Robocall,block,3,+19892446274,robocall,1,0,,phone_rule,us-ftc-robocall-daily
+12514873781,Robocall,block,3,+12514873781,robocall,1,0,,phone_rule,us-ftc-robocall-daily
+18556703017,Robocall,block,3,+18556703017,robocall,1,0,,phone_rule,us-ftc-robocall-daily
+19495932840,Robocall,block,3,+19495932840,robocall,1,0,,phone_rule,us-ftc-robocall-daily
+12242141645,Robocall,block,3,+12242141645,robocall,1,0,,phone_rule,us-ftc-robocall-daily
+18135639501,Robocall,block,3,+18135639501,robocall,1,0,,phone_rule,us-ftc-robocall-daily
+16027246267,Robocall,block,3,+16027246267,robocall,1,0,,phone_rule,us-ftc-robocall-daily
+18774702480,Robocall,block,3,+18774702480,robocall,1,0,,phone_rule,us-ftc-robocall-daily
+12518006151,Robocall,block,3,+12518006151,robocall,1,0,,phone_rule,us-ftc-robocall-daily
+17208583363,Robocall,block,3,+17208583363,robocall,1,0,,phone_rule,us-ftc-robocall-daily
+15715974940,Robocall,block,3,+15715974940,robocall,1,0,,phone_rule,us-ftc-robocall-daily
+16198560833,Robocall,block,3,+16198560833,robocall,1,0,,phone_rule,us-ftc-robocall-daily
+19173414349,Robocall,block,3,+19173414349,robocall,1,0,,phone_rule,us-ftc-robocall-daily
+17743218583,Robocall,block,3,+17743218583,robocall,1,0,,phone_rule,us-ftc-robocall-daily
+18175537033,Robocall,block,3,+18175537033,robocall,1,0,,phone_rule,us-ftc-robocall-daily
+14246661262,Robocall,block,3,+14246661262,robocall,1,0,,phone_rule,us-ftc-robocall-daily
+18556444965,Robocall,block,3,+18556444965,robocall,1,0,,phone_rule,us-ftc-robocall-daily
+12265703934,Robocall,block,3,+12265703934,robocall,1,0,,phone_rule,us-ftc-robocall-daily
+17734458133,Robocall,block,3,+17734458133,robocall,1,0,,phone_rule,us-ftc-robocall-daily
+19379962529,Robocall,block,3,+19379962529,robocall,1,0,,phone_rule,us-ftc-robocall-daily
+17602633776,Robocall,block,3,+17602633776,robocall,1,0,,phone_rule,us-ftc-robocall-daily
+18582683444,Robocall,block,3,+18582683444,robocall,1,0,,phone_rule,us-ftc-robocall-daily
+19892721224,Robocall,block,3,+19892721224,robocall,1,0,,phone_rule,us-ftc-robocall-daily
+16694658595,Robocall,block,3,+16694658595,robocall,1,0,,phone_rule,us-ftc-robocall-daily
+18175295652,Robocall,block,3,+18175295652,robocall,1,0,,phone_rule,us-ftc-robocall-daily
+18623771283,Robocall,block,3,+18623771283,robocall,1,0,,phone_rule,us-ftc-robocall-daily
+16473202652,Robocall,block,3,+16473202652,robocall,1,0,,phone_rule,us-ftc-robocall-daily
+14842055671,Robocall,block,3,+14842055671,robocall,1,0,,phone_rule,us-ftc-robocall-daily
+12055741789,Robocall,block,3,+12055741789,robocall,1,0,,phone_rule,us-ftc-robocall-daily
+19169940665,Robocall,block,3,+19169940665,robocall,1,0,,phone_rule,us-ftc-robocall-daily
+18179008374,Robocall,block,3,+18179008374,robocall,1,0,,phone_rule,us-ftc-robocall-daily
+18336114944,Robocall,block,3,+18336114944,robocall,1,0,,phone_rule,us-ftc-robocall-daily
+19892615758,Robocall,block,3,+19892615758,robocall,1,0,,phone_rule,us-ftc-robocall-daily
+13152972569,Robocall,block,3,+13152972569,robocall,1,0,,phone_rule,us-ftc-robocall-daily
+18446041192,Robocall,block,3,+18446041192,robocall,1,0,,phone_rule,us-ftc-robocall-daily
+19136805655,Robocall,block,3,+19136805655,robocall,1,0,,phone_rule,us-ftc-robocall-daily
+16055132192,Robocall,block,3,+16055132192,robocall,1,0,,phone_rule,us-ftc-robocall-daily
+14697310221,Robocall,block,3,+14697310221,robocall,1,0,,phone_rule,us-ftc-robocall-daily
+12175071521,Robocall,block,3,+12175071521,robocall,1,0,,phone_rule,us-ftc-robocall-daily
+18556655196,Robocall,block,3,+18556655196,robocall,1,0,,phone_rule,us-ftc-robocall-daily
+16315465077,Robocall,block,3,+16315465077,robocall,1,0,,phone_rule,us-ftc-robocall-daily
+19709822266,Robocall,block,3,+19709822266,robocall,1,0,,phone_rule,us-ftc-robocall-daily
+19895932057,Robocall,block,3,+19895932057,robocall,1,0,,phone_rule,us-ftc-robocall-daily
+16072363260,Robocall,block,3,+16072363260,robocall,1,0,,phone_rule,us-ftc-robocall-daily
+18175239050,Robocall,block,3,+18175239050,robocall,1,0,,phone_rule,us-ftc-robocall-daily
+12057350474,Robocall,block,3,+12057350474,robocall,1,0,,phone_rule,us-ftc-robocall-daily
+17379461101,Robocall,block,3,+17379461101,robocall,1,0,,phone_rule,us-ftc-robocall-daily
+18564998959,Robocall,block,3,+18564998959,robocall,1,0,,phone_rule,us-ftc-robocall-daily
+18673994444,Robocall,block,3,+18673994444,robocall,1,0,,phone_rule,us-ftc-robocall-daily
+19892144813,Robocall,block,3,+19892144813,robocall,1,0,,phone_rule,us-ftc-robocall-daily
+13238979754,Robocall,block,3,+13238979754,robocall,1,0,,phone_rule,us-ftc-robocall-daily
+18777323139,Robocall,block,3,+18777323139,robocall,1,0,,phone_rule,us-ftc-robocall-daily
+19896624562,Robocall,block,3,+19896624562,robocall,1,0,,phone_rule,us-ftc-robocall-daily
+12026097416,Robocall,block,3,+12026097416,robocall,1,0,,phone_rule,us-ftc-robocall-daily
+15023824146,Robocall,block,3,+15023824146,robocall,1,0,,phone_rule,us-ftc-robocall-daily
+15066992363,Robocall,block,3,+15066992363,robocall,1,0,,phone_rule,us-ftc-robocall-daily
+13036022116,Robocall,block,3,+13036022116,robocall,1,0,,phone_rule,us-ftc-robocall-daily
+13345269540,Robocall,block,3,+13345269540,robocall,1,0,,phone_rule,us-ftc-robocall-daily
+15716388539,Robocall,block,3,+15716388539,robocall,1,0,,phone_rule,us-ftc-robocall-daily
+18476496977,Robocall,block,3,+18476496977,robocall,1,0,,phone_rule,us-ftc-robocall-daily
+12314006398,Robocall,block,3,+12314006398,robocall,1,0,,phone_rule,us-ftc-robocall-daily
+18574021825,Robocall,block,3,+18574021825,robocall,1,0,,phone_rule,us-ftc-robocall-daily
+18559785811,Robocall,block,3,+18559785811,robocall,1,0,,phone_rule,us-ftc-robocall-daily
+18004934647,Robocall,block,3,+18004934647,robocall,1,0,,phone_rule,us-ftc-robocall-daily
+19516027372,Robocall,block,3,+19516027372,robocall,1,0,,phone_rule,us-ftc-robocall-daily
+19894690130,Robocall,block,3,+19894690130,robocall,1,0,,phone_rule,us-ftc-robocall-daily
+18632027105,Robocall,block,3,+18632027105,robocall,1,0,,phone_rule,us-ftc-robocall-daily
+14234608876,Robocall,block,3,+14234608876,robocall,1,0,,phone_rule,us-ftc-robocall-daily
+12178637211,Robocall,block,3,+12178637211,robocall,1,0,,phone_rule,us-ftc-robocall-daily
+15066992301,Robocall,block,3,+15066992301,robocall,1,0,,phone_rule,us-ftc-robocall-daily
+18582120606,Robocall,block,3,+18582120606,robocall,1,0,,phone_rule,us-ftc-robocall-daily
+13512393653,Robocall,block,3,+13512393653,robocall,1,0,,phone_rule,us-ftc-robocall-daily
+19317922354,Robocall,block,3,+19317922354,robocall,1,0,,phone_rule,us-ftc-robocall-daily
+16592381896,Robocall,block,3,+16592381896,robocall,1,0,,phone_rule,us-ftc-robocall-daily
+18008228383,Robocall,block,3,+18008228383,robocall,1,0,,phone_rule,us-ftc-robocall-daily
+17403009490,Robocall,block,3,+17403009490,robocall,1,0,,phone_rule,us-ftc-robocall-daily
+16143828095,Robocall,block,3,+16143828095,robocall,1,0,,phone_rule,us-ftc-robocall-daily
+19896430996,Robocall,block,3,+19896430996,robocall,1,0,,phone_rule,us-ftc-robocall-daily
+14699401724,Robocall,block,3,+14699401724,robocall,1,0,,phone_rule,us-ftc-robocall-daily
+17868843424,Robocall,block,3,+17868843424,robocall,1,0,,phone_rule,us-ftc-robocall-daily
+14238408713,Robocall,block,3,+14238408713,robocall,1,0,,phone_rule,us-ftc-robocall-daily
+15312018834,Robocall,block,3,+15312018834,robocall,1,0,,phone_rule,us-ftc-robocall-daily
+14342877957,Robocall,block,3,+14342877957,robocall,1,0,,phone_rule,us-ftc-robocall-daily
+18776080786,Robocall,block,3,+18776080786,robocall,1,0,,phone_rule,us-ftc-robocall-daily
+18175537108,Robocall,block,3,+18175537108,robocall,1,0,,phone_rule,us-ftc-robocall-daily
+12059317498,Robocall,block,3,+12059317498,robocall,1,0,,phone_rule,us-ftc-robocall-daily
+15162044288,Robocall,block,3,+15162044288,robocall,1,0,,phone_rule,us-ftc-robocall-daily
+12053107881,Robocall,block,3,+12053107881,robocall,1,0,,phone_rule,us-ftc-robocall-daily
+15816014134,Robocall,block,3,+15816014134,robocall,1,0,,phone_rule,us-ftc-robocall-daily
+19893947664,Robocall,block,3,+19893947664,robocall,1,0,,phone_rule,us-ftc-robocall-daily
+15105498029,Robocall,block,3,+15105498029,robocall,1,0,,phone_rule,us-ftc-robocall-daily
+18177171825,Robocall,block,3,+18177171825,robocall,1,0,,phone_rule,us-ftc-robocall-daily
+13157025557,Robocall,block,3,+13157025557,robocall,1,0,,phone_rule,us-ftc-robocall-daily
+18773931587,Robocall,block,3,+18773931587,robocall,1,0,,phone_rule,us-ftc-robocall-daily
+19516651514,Robocall,block,3,+19516651514,robocall,1,0,,phone_rule,us-ftc-robocall-daily
+18663880622,Robocall,block,3,+18663880622,robocall,1,0,,phone_rule,us-ftc-robocall-daily
+12519906166,Robocall,block,3,+12519906166,robocall,1,0,,phone_rule,us-ftc-robocall-daily
+19894146448,Robocall,block,3,+19894146448,robocall,1,0,,phone_rule,us-ftc-robocall-daily
+15155501881,Robocall,block,3,+15155501881,robocall,1,0,,phone_rule,us-ftc-robocall-daily
+19842241224,Robocall,block,3,+19842241224,robocall,1,0,,phone_rule,us-ftc-robocall-daily
+15746788481,Robocall,block,3,+15746788481,robocall,1,0,,phone_rule,us-ftc-robocall-daily
+12312760204,Robocall,block,3,+12312760204,robocall,1,0,,phone_rule,us-ftc-robocall-daily
+14022853931,Robocall,block,3,+14022853931,robocall,1,0,,phone_rule,us-ftc-robocall-daily
+18338319935,Robocall,block,3,+18338319935,robocall,1,0,,phone_rule,us-ftc-robocall-daily
+14013759435,Robocall,block,3,+14013759435,robocall,1,0,,phone_rule,us-ftc-robocall-daily
+18706792311,Robocall,block,3,+18706792311,robocall,1,0,,phone_rule,us-ftc-robocall-daily
+17276498113,Robocall,block,3,+17276498113,robocall,1,0,,phone_rule,us-ftc-robocall-daily
+13462366793,Robocall,block,3,+13462366793,robocall,1,0,,phone_rule,us-ftc-robocall-daily
+19513868500,Robocall,block,3,+19513868500,robocall,1,0,,phone_rule,us-ftc-robocall-daily
+18594479002,Robocall,block,3,+18594479002,robocall,1,0,,phone_rule,us-ftc-robocall-daily
+15805306398,Robocall,block,3,+15805306398,robocall,1,0,,phone_rule,us-ftc-robocall-daily
+14322005060,Robocall,block,3,+14322005060,robocall,1,0,,phone_rule,us-ftc-robocall-daily
+14047386930,Robocall,block,3,+14047386930,robocall,1,0,,phone_rule,us-ftc-robocall-daily
+14015358785,Robocall,block,3,+14015358785,robocall,1,0,,phone_rule,us-ftc-robocall-daily
+17864066754,Robocall,block,3,+17864066754,robocall,1,0,,phone_rule,us-ftc-robocall-daily
+19414912765,Robocall,block,3,+19414912765,robocall,1,0,,phone_rule,us-ftc-robocall-daily
+19518274434,Robocall,block,3,+19518274434,robocall,1,0,,phone_rule,us-ftc-robocall-daily
+18054961865,Robocall,block,3,+18054961865,robocall,1,0,,phone_rule,us-ftc-robocall-daily
+17193618382,Robocall,block,3,+17193618382,robocall,1,0,,phone_rule,us-ftc-robocall-daily
+14788002631,Robocall,block,3,+14788002631,robocall,1,0,,phone_rule,us-ftc-robocall-daily
+17759099019,Robocall,block,3,+17759099019,robocall,1,0,,phone_rule,us-ftc-robocall-daily
+15618580362,Robocall,block,3,+15618580362,robocall,1,0,,phone_rule,us-ftc-robocall-daily
+14013436146,Robocall,block,3,+14013436146,robocall,1,0,,phone_rule,us-ftc-robocall-daily
+15027822805,Robocall,block,3,+15027822805,robocall,1,0,,phone_rule,us-ftc-robocall-daily
+12897972859,Robocall,block,3,+12897972859,robocall,1,0,,phone_rule,us-ftc-robocall-daily
+14706819820,Robocall,block,3,+14706819820,robocall,1,0,,phone_rule,us-ftc-robocall-daily
+13512393599,Robocall,block,3,+13512393599,robocall,1,0,,phone_rule,us-ftc-robocall-daily
+12482680078,Robocall,block,3,+12482680078,robocall,1,0,,phone_rule,us-ftc-robocall-daily
+19516129501,Robocall,block,3,+19516129501,robocall,1,0,,phone_rule,us-ftc-robocall-daily
+19162391665,Robocall,block,3,+19162391665,robocall,1,0,,phone_rule,us-ftc-robocall-daily
+14234050396,Robocall,block,3,+14234050396,robocall,1,0,,phone_rule,us-ftc-robocall-daily
+14015942305,Robocall,block,3,+14015942305,robocall,1,0,,phone_rule,us-ftc-robocall-daily
+15062411342,Robocall,block,3,+15062411342,robocall,1,0,,phone_rule,us-ftc-robocall-daily
+13868456721,Robocall,block,3,+13868456721,robocall,1,0,,phone_rule,us-ftc-robocall-daily
+18444923306,Robocall,block,3,+18444923306,robocall,1,0,,phone_rule,us-ftc-robocall-daily
+12266335549,Robocall,block,3,+12266335549,robocall,1,0,,phone_rule,us-ftc-robocall-daily
+14013214340,Robocall,block,3,+14013214340,robocall,1,0,,phone_rule,us-ftc-robocall-daily
+14432151259,Robocall,block,3,+14432151259,robocall,1,0,,phone_rule,us-ftc-robocall-daily
+12122706001,Robocall,block,3,+12122706001,robocall,1,0,,phone_rule,us-ftc-robocall-daily
+17809033120,Robocall,block,3,+17809033120,robocall,1,0,,phone_rule,us-ftc-robocall-daily
+16784362302,Robocall,block,3,+16784362302,robocall,1,0,,phone_rule,us-ftc-robocall-daily
+18582764805,Robocall,block,3,+18582764805,robocall,1,0,,phone_rule,us-ftc-robocall-daily
+17874227892,Robocall,block,3,+17874227892,robocall,1,0,,phone_rule,us-ftc-robocall-daily
+18653767004,Robocall,block,3,+18653767004,robocall,1,0,,phone_rule,us-ftc-robocall-daily
+12315708704,Robocall,block,3,+12315708704,robocall,1,0,,phone_rule,us-ftc-robocall-daily
+14252006546,Robocall,block,3,+14252006546,robocall,1,0,,phone_rule,us-ftc-robocall-daily
+17543155652,Robocall,block,3,+17543155652,robocall,1,0,,phone_rule,us-ftc-robocall-daily
+18447641407,Robocall,block,3,+18447641407,robocall,1,0,,phone_rule,us-ftc-robocall-daily
+18632510950,Robocall,block,3,+18632510950,robocall,1,0,,phone_rule,us-ftc-robocall-daily
+17273354204,Robocall,block,3,+17273354204,robocall,1,0,,phone_rule,us-ftc-robocall-daily
+19123168597,Robocall,block,3,+19123168597,robocall,1,0,,phone_rule,us-ftc-robocall-daily
+18663424523,Robocall,block,3,+18663424523,robocall,1,0,,phone_rule,us-ftc-robocall-daily
+18152879179,Robocall,block,3,+18152879179,robocall,1,0,,phone_rule,us-ftc-robocall-daily
+13464497929,Robocall,block,3,+13464497929,robocall,1,0,,phone_rule,us-ftc-robocall-daily
+14782415844,Robocall,block,3,+14782415844,robocall,1,0,,phone_rule,us-ftc-robocall-daily
+18884216063,Robocall,block,3,+18884216063,robocall,1,0,,phone_rule,us-ftc-robocall-daily
+12062375771,Robocall,block,3,+12062375771,robocall,1,0,,phone_rule,us-ftc-robocall-daily
+16146666985,Robocall,block,3,+16146666985,robocall,1,0,,phone_rule,us-ftc-robocall-daily
+15075856043,Robocall,block,3,+15075856043,robocall,1,0,,phone_rule,us-ftc-robocall-daily
+15158542811,Robocall,block,3,+15158542811,robocall,1,0,,phone_rule,us-ftc-robocall-daily
+15025132585,Robocall,block,3,+15025132585,robocall,1,0,,phone_rule,us-ftc-robocall-daily
+16419212700,Robocall,block,3,+16419212700,robocall,1,0,,phone_rule,us-ftc-robocall-daily
+16185048612,Robocall,block,3,+16185048612,robocall,1,0,,phone_rule,us-ftc-robocall-daily
+17067496837,Robocall,block,3,+17067496837,robocall,1,0,,phone_rule,us-ftc-robocall-daily
+12065087759,Robocall,block,3,+12065087759,robocall,1,0,,phone_rule,us-ftc-robocall-daily
+17865910456,Robocall,block,3,+17865910456,robocall,1,0,,phone_rule,us-ftc-robocall-daily
+18883891108,Robocall,block,3,+18883891108,robocall,1,0,,phone_rule,us-ftc-robocall-daily
+12024180600,Robocall,block,3,+12024180600,robocall,1,0,,phone_rule,us-ftc-robocall-daily
+18318240042,Robocall,block,3,+18318240042,robocall,1,0,,phone_rule,us-ftc-robocall-daily
+18554747218,Robocall,block,3,+18554747218,robocall,1,0,,phone_rule,us-ftc-robocall-daily
+18774701059,Robocall,block,3,+18774701059,robocall,1,0,,phone_rule,us-ftc-robocall-daily
+15416001780,Robocall,block,3,+15416001780,robocall,1,0,,phone_rule,us-ftc-robocall-daily
+16783238697,Robocall,block,3,+16783238697,robocall,1,0,,phone_rule,us-ftc-robocall-daily
+18653905914,Robocall,block,3,+18653905914,robocall,1,0,,phone_rule,us-ftc-robocall-daily
+12692221599,Robocall,block,3,+12692221599,robocall,1,0,,phone_rule,us-ftc-robocall-daily
+18339268990,Robocall,block,3,+18339268990,robocall,1,0,,phone_rule,us-ftc-robocall-daily
+17735708387,Robocall,block,3,+17735708387,robocall,1,0,,phone_rule,us-ftc-robocall-daily
+17042753164,Robocall,block,3,+17042753164,robocall,1,0,,phone_rule,us-ftc-robocall-daily
+13256530801,Robocall,block,3,+13256530801,robocall,1,0,,phone_rule,us-ftc-robocall-daily
+12408505346,Robocall,block,3,+12408505346,robocall,1,0,,phone_rule,us-ftc-robocall-daily
+16179367741,Robocall,block,3,+16179367741,robocall,1,0,,phone_rule,us-ftc-robocall-daily
+18887370092,Robocall,block,3,+18887370092,robocall,1,0,,phone_rule,us-ftc-robocall-daily
+18338859476,Robocall,block,3,+18338859476,robocall,1,0,,phone_rule,us-ftc-robocall-daily
+18444183316,Robocall,block,3,+18444183316,robocall,1,0,,phone_rule,us-ftc-robocall-daily
+13237496722,Robocall,block,3,+13237496722,robocall,1,0,,phone_rule,us-ftc-robocall-daily
+14373780490,Robocall,block,3,+14373780490,robocall,1,0,,phone_rule,us-ftc-robocall-daily
+12064146304,Robocall,block,3,+12064146304,robocall,1,0,,phone_rule,us-ftc-robocall-daily
+17162422506,Robocall,block,3,+17162422506,robocall,1,0,,phone_rule,us-ftc-robocall-daily
+16783893186,Robocall,block,3,+16783893186,robocall,1,0,,phone_rule,us-ftc-robocall-daily
+14237039464,Robocall,block,3,+14237039464,robocall,1,0,,phone_rule,us-ftc-robocall-daily
+18887966591,Robocall,block,3,+18887966591,robocall,1,0,,phone_rule,us-ftc-robocall-daily
+15872615146,Robocall,block,3,+15872615146,robocall,1,0,,phone_rule,us-ftc-robocall-daily
+12622623978,Robocall,block,3,+12622623978,robocall,1,0,,phone_rule,us-ftc-robocall-daily
+18436544296,Robocall,block,3,+18436544296,robocall,1,0,,phone_rule,us-ftc-robocall-daily
+19174099018,Robocall,block,3,+19174099018,robocall,1,0,,phone_rule,us-ftc-robocall-daily
+18634966656,Robocall,block,3,+18634966656,robocall,1,0,,phone_rule,us-ftc-robocall-daily
+17049925341,Robocall,block,3,+17049925341,robocall,1,0,,phone_rule,us-ftc-robocall-daily
+18554941187,Robocall,block,3,+18554941187,robocall,1,0,,phone_rule,us-ftc-robocall-daily
+18884216592,Robocall,block,3,+18884216592,robocall,1,0,,phone_rule,us-ftc-robocall-daily
+19734539971,Robocall,block,3,+19734539971,robocall,1,0,,phone_rule,us-ftc-robocall-daily
+16209031066,Robocall,block,3,+16209031066,robocall,1,0,,phone_rule,us-ftc-robocall-daily
+16598425516,Robocall,block,3,+16598425516,robocall,1,0,,phone_rule,us-ftc-robocall-daily
+14387030584,Robocall,block,3,+14387030584,robocall,1,0,,phone_rule,us-ftc-robocall-daily
+16268021457,Robocall,block,3,+16268021457,robocall,1,0,,phone_rule,us-ftc-robocall-daily
+15053656098,Robocall,block,3,+15053656098,robocall,1,0,,phone_rule,us-ftc-robocall-daily
+18056314647,Robocall,block,3,+18056314647,robocall,1,0,,phone_rule,us-ftc-robocall-daily
+16782453883,Robocall,block,3,+16782453883,robocall,1,0,,phone_rule,us-ftc-robocall-daily
+17042342640,Robocall,block,3,+17042342640,robocall,1,0,,phone_rule,us-ftc-robocall-daily
+15029375957,Robocall,block,3,+15029375957,robocall,1,0,,phone_rule,us-ftc-robocall-daily
+17627019476,Robocall,block,3,+17627019476,robocall,1,0,,phone_rule,us-ftc-robocall-daily
+18884183572,Robocall,block,3,+18884183572,robocall,1,0,,phone_rule,us-ftc-robocall-daily
+15132934390,Robocall,block,3,+15132934390,robocall,1,0,,phone_rule,us-ftc-robocall-daily
+12015770665,Robocall,block,3,+12015770665,robocall,1,0,,phone_rule,us-ftc-robocall-daily
+14242045463,Robocall,block,3,+14242045463,robocall,1,0,,phone_rule,us-ftc-robocall-daily
+16786945275,Robocall,block,3,+16786945275,robocall,1,0,,phone_rule,us-ftc-robocall-daily
+17044434931,Robocall,block,3,+17044434931,robocall,1,0,,phone_rule,us-ftc-robocall-daily
+16462469174,Robocall,block,3,+16462469174,robocall,1,0,,phone_rule,us-ftc-robocall-daily
+19053716308,Robocall,block,3,+19053716308,robocall,1,0,,phone_rule,us-ftc-robocall-daily
+18668243002,Robocall,block,3,+18668243002,robocall,1,0,,phone_rule,us-ftc-robocall-daily
+19737866612,Robocall,block,3,+19737866612,robocall,1,0,,phone_rule,us-ftc-robocall-daily
+19497927548,Robocall,block,3,+19497927548,robocall,1,0,,phone_rule,us-ftc-robocall-daily
+15676088993,Robocall,block,3,+15676088993,robocall,1,0,,phone_rule,us-ftc-robocall-daily
+13604565135,Robocall,block,3,+13604565135,robocall,1,0,,phone_rule,us-ftc-robocall-daily
+18774182232,Robocall,block,3,+18774182232,robocall,1,0,,phone_rule,us-ftc-robocall-daily
+18332345213,Robocall,block,3,+18332345213,robocall,1,0,,phone_rule,us-ftc-robocall-daily
+18176978148,Robocall,block,3,+18176978148,robocall,1,0,,phone_rule,us-ftc-robocall-daily
+14068485386,Robocall,block,3,+14068485386,robocall,1,0,,phone_rule,us-ftc-robocall-daily
+12249311282,Robocall,block,3,+12249311282,robocall,1,0,,phone_rule,us-ftc-robocall-daily
+19048041888,Robocall,block,3,+19048041888,robocall,1,0,,phone_rule,us-ftc-robocall-daily
+18045440517,Robocall,block,3,+18045440517,robocall,1,0,,phone_rule,us-ftc-robocall-daily
+14164754180,Robocall,block,3,+14164754180,robocall,1,0,,phone_rule,us-ftc-robocall-daily
+18554941007,Robocall,block,3,+18554941007,robocall,1,0,,phone_rule,us-ftc-robocall-daily
+17087943613,Robocall,block,3,+17087943613,robocall,1,0,,phone_rule,us-ftc-robocall-daily
+18664412974,Robocall,block,3,+18664412974,robocall,1,0,,phone_rule,us-ftc-robocall-daily
+18446043934,Robocall,block,3,+18446043934,robocall,1,0,,phone_rule,us-ftc-robocall-daily
+18005144912,Robocall,block,3,+18005144912,robocall,1,0,,phone_rule,us-ftc-robocall-daily
+19542906880,Robocall,block,3,+19542906880,robocall,1,0,,phone_rule,us-ftc-robocall-daily
+19044477573,Robocall,block,3,+19044477573,robocall,1,0,,phone_rule,us-ftc-robocall-daily
+19058662547,Robocall,block,3,+19058662547,robocall,1,0,,phone_rule,us-ftc-robocall-daily
+19162991205,Robocall,block,3,+19162991205,robocall,1,0,,phone_rule,us-ftc-robocall-daily
+17128820947,Robocall,block,3,+17128820947,robocall,1,0,,phone_rule,us-ftc-robocall-daily
+12814290384,Robocall,block,3,+12814290384,robocall,1,0,,phone_rule,us-ftc-robocall-daily
+19493687748,Robocall,block,3,+19493687748,robocall,1,0,,phone_rule,us-ftc-robocall-daily
+18336940701,Robocall,block,3,+18336940701,robocall,1,0,,phone_rule,us-ftc-robocall-daily
+14069618346,Robocall,block,3,+14069618346,robocall,1,0,,phone_rule,us-ftc-robocall-daily
+18447642740,Robocall,block,3,+18447642740,robocall,1,0,,phone_rule,us-ftc-robocall-daily
+18888188694,Robocall,block,3,+18888188694,robocall,1,0,,phone_rule,us-ftc-robocall-daily
+18587049934,Robocall,block,3,+18587049934,robocall,1,0,,phone_rule,us-ftc-robocall-daily
+18508695033,Robocall,block,3,+18508695033,robocall,1,0,,phone_rule,us-ftc-robocall-daily
+15619442231,Robocall,block,3,+15619442231,robocall,1,0,,phone_rule,us-ftc-robocall-daily
+18554940563,Robocall,block,3,+18554940563,robocall,1,0,,phone_rule,us-ftc-robocall-daily
+18662745785,Robocall,block,3,+18662745785,robocall,1,0,,phone_rule,us-ftc-robocall-daily
+17092550578,Robocall,block,3,+17092550578,robocall,1,0,,phone_rule,us-ftc-robocall-daily
+14136013159,Robocall,block,3,+14136013159,robocall,1,0,,phone_rule,us-ftc-robocall-daily
+16617443883,Robocall,block,3,+16617443883,robocall,1,0,,phone_rule,us-ftc-robocall-daily
+16209031351,Robocall,block,3,+16209031351,robocall,1,0,,phone_rule,us-ftc-robocall-daily
+18328101282,Robocall,block,3,+18328101282,robocall,1,0,,phone_rule,us-ftc-robocall-daily
+16784687935,Robocall,block,3,+16784687935,robocall,1,0,,phone_rule,us-ftc-robocall-daily
+13053323288,Robocall,block,3,+13053323288,robocall,1,0,,phone_rule,us-ftc-robocall-daily
+12525915958,Robocall,block,3,+12525915958,robocall,1,0,,phone_rule,us-ftc-robocall-daily
+17606527893,Robocall,block,3,+17606527893,robocall,1,0,,phone_rule,us-ftc-robocall-daily
+12533791102,Robocall,block,3,+12533791102,robocall,1,0,,phone_rule,us-ftc-robocall-daily
+16052733896,Robocall,block,3,+16052733896,robocall,1,0,,phone_rule,us-ftc-robocall-daily
+18883818581,Robocall,block,3,+18883818581,robocall,1,0,,phone_rule,us-ftc-robocall-daily
+19898030162,Robocall,block,3,+19898030162,robocall,1,0,,phone_rule,us-ftc-robocall-daily
+12543224660,Robocall,block,3,+12543224660,robocall,1,0,,phone_rule,us-ftc-robocall-daily
+17812035843,Robocall,block,3,+17812035843,robocall,1,0,,phone_rule,us-ftc-robocall-daily
+18664412370,Robocall,block,3,+18664412370,robocall,1,0,,phone_rule,us-ftc-robocall-daily
+14353836385,Robocall,block,3,+14353836385,robocall,1,0,,phone_rule,us-ftc-robocall-daily
+16208882993,Robocall,block,3,+16208882993,robocall,1,0,,phone_rule,us-ftc-robocall-daily
+12392325659,Robocall,block,3,+12392325659,robocall,1,0,,phone_rule,us-ftc-robocall-daily
+12532656011,Robocall,block,3,+12532656011,robocall,1,0,,phone_rule,us-ftc-robocall-daily
+14256965259,Robocall,block,3,+14256965259,robocall,1,0,,phone_rule,us-ftc-robocall-daily
+15015490614,Robocall,block,3,+15015490614,robocall,1,0,,phone_rule,us-ftc-robocall-daily
+18436121897,Robocall,block,3,+18436121897,robocall,1,0,,phone_rule,us-ftc-robocall-daily
+13465233876,Robocall,block,3,+13465233876,robocall,1,0,,phone_rule,us-ftc-robocall-daily
+17029239608,Robocall,block,3,+17029239608,robocall,1,0,,phone_rule,us-ftc-robocall-daily
+18334157976,Robocall,block,3,+18334157976,robocall,1,0,,phone_rule,us-ftc-robocall-daily
+14236407897,Robocall,block,3,+14236407897,robocall,1,0,,phone_rule,us-ftc-robocall-daily
+13605629424,Robocall,block,3,+13605629424,robocall,1,0,,phone_rule,us-ftc-robocall-daily
+18664411492,Robocall,block,3,+18664411492,robocall,1,0,,phone_rule,us-ftc-robocall-daily
+16207985345,Robocall,block,3,+16207985345,robocall,1,0,,phone_rule,us-ftc-robocall-daily
+19156130998,Robocall,block,3,+19156130998,robocall,1,0,,phone_rule,us-ftc-robocall-daily
+14056699697,Robocall,block,3,+14056699697,robocall,1,0,,phone_rule,us-ftc-robocall-daily
+15802208084,Robocall,block,3,+15802208084,robocall,1,0,,phone_rule,us-ftc-robocall-daily
+19348675725,Robocall,block,3,+19348675725,robocall,1,0,,phone_rule,us-ftc-robocall-daily
+18602889880,Robocall,block,3,+18602889880,robocall,1,0,,phone_rule,us-ftc-robocall-daily
+14056699448,Robocall,block,3,+14056699448,robocall,1,0,,phone_rule,us-ftc-robocall-daily
+17576018630,Robocall,block,3,+17576018630,robocall,1,0,,phone_rule,us-ftc-robocall-daily
+18334146854,Robocall,block,3,+18334146854,robocall,1,0,,phone_rule,us-ftc-robocall-daily
+18332486614,Robocall,block,3,+18332486614,robocall,1,0,,phone_rule,us-ftc-robocall-daily
+16173137028,Robocall,block,3,+16173137028,robocall,1,0,,phone_rule,us-ftc-robocall-daily
+18452872439,Robocall,block,3,+18452872439,robocall,1,0,,phone_rule,us-ftc-robocall-daily
+15622879460,Robocall,block,3,+15622879460,robocall,1,0,,phone_rule,us-ftc-robocall-daily
+14025433980,Robocall,block,3,+14025433980,robocall,1,0,,phone_rule,us-ftc-robocall-daily
+17577457218,Robocall,block,3,+17577457218,robocall,1,0,,phone_rule,us-ftc-robocall-daily
+18103790869,Robocall,block,3,+18103790869,robocall,1,0,,phone_rule,us-ftc-robocall-daily
+17044529472,Robocall,block,3,+17044529472,robocall,1,0,,phone_rule,us-ftc-robocall-daily
+17272889470,Robocall,block,3,+17272889470,robocall,1,0,,phone_rule,us-ftc-robocall-daily
+13234932196,Robocall,block,3,+13234932196,robocall,1,0,,phone_rule,us-ftc-robocall-daily
+18558830487,Robocall,block,3,+18558830487,robocall,1,0,,phone_rule,us-ftc-robocall-daily
+14346028906,Robocall,block,3,+14346028906,robocall,1,0,,phone_rule,us-ftc-robocall-daily
+16108174071,Robocall,block,3,+16108174071,robocall,1,0,,phone_rule,us-ftc-robocall-daily
+15084328585,Robocall,block,3,+15084328585,robocall,1,0,,phone_rule,us-ftc-robocall-daily
+16502520595,Robocall,block,3,+16502520595,robocall,1,0,,phone_rule,us-ftc-robocall-daily
+14472071272,Robocall,block,3,+14472071272,robocall,1,0,,phone_rule,us-ftc-robocall-daily
+17275720069,Robocall,block,3,+17275720069,robocall,1,0,,phone_rule,us-ftc-robocall-daily
+16625428076,Robocall,block,3,+16625428076,robocall,1,0,,phone_rule,us-ftc-robocall-daily
+18669775084,Robocall,block,3,+18669775084,robocall,1,0,,phone_rule,us-ftc-robocall-daily
+17624996748,Robocall,block,3,+17624996748,robocall,1,0,,phone_rule,us-ftc-robocall-daily
+12294662835,Robocall,block,3,+12294662835,robocall,1,0,,phone_rule,us-ftc-robocall-daily
+15084324848,Robocall,block,3,+15084324848,robocall,1,0,,phone_rule,us-ftc-robocall-daily
+17744250757,Robocall,block,3,+17744250757,robocall,1,0,,phone_rule,us-ftc-robocall-daily
+18044648443,Robocall,block,3,+18044648443,robocall,1,0,,phone_rule,us-ftc-robocall-daily
+19187126878,Robocall,block,3,+19187126878,robocall,1,0,,phone_rule,us-ftc-robocall-daily
+17272168705,Robocall,block,3,+17272168705,robocall,1,0,,phone_rule,us-ftc-robocall-daily
+18137411164,Robocall,block,3,+18137411164,robocall,1,0,,phone_rule,us-ftc-robocall-daily
+15206389329,Robocall,block,3,+15206389329,robocall,1,0,,phone_rule,us-ftc-robocall-daily
+17056825711,Robocall,block,3,+17056825711,robocall,1,0,,phone_rule,us-ftc-robocall-daily
+13522185234,Robocall,block,3,+13522185234,robocall,1,0,,phone_rule,us-ftc-robocall-daily
+18446490917,Robocall,block,3,+18446490917,robocall,1,0,,phone_rule,us-ftc-robocall-daily
+15084321971,Robocall,block,3,+15084321971,robocall,1,0,,phone_rule,us-ftc-robocall-daily
+18663845084,Robocall,block,3,+18663845084,robocall,1,0,,phone_rule,us-ftc-robocall-daily
+19787752963,Robocall,block,3,+19787752963,robocall,1,0,,phone_rule,us-ftc-robocall-daily
+17279330849,Robocall,block,3,+17279330849,robocall,1,0,,phone_rule,us-ftc-robocall-daily
+17572537976,Robocall,block,3,+17572537976,robocall,1,0,,phone_rule,us-ftc-robocall-daily
+18039004667,Robocall,block,3,+18039004667,robocall,1,0,,phone_rule,us-ftc-robocall-daily
+12819843241,Robocall,block,3,+12819843241,robocall,1,0,,phone_rule,us-ftc-robocall-daily
+17279351563,Robocall,block,3,+17279351563,robocall,1,0,,phone_rule,us-ftc-robocall-daily
+13374549373,Robocall,block,3,+13374549373,robocall,1,0,,phone_rule,us-ftc-robocall-daily
+17148448171,Robocall,block,3,+17148448171,robocall,1,0,,phone_rule,us-ftc-robocall-daily
+13214866095,Robocall,block,3,+13214866095,robocall,1,0,,phone_rule,us-ftc-robocall-daily
+14702939599,Robocall,block,3,+14702939599,robocall,1,0,,phone_rule,us-ftc-robocall-daily
+14108340694,Robocall,block,3,+14108340694,robocall,1,0,,phone_rule,us-ftc-robocall-daily
+16464932771,Robocall,block,3,+16464932771,robocall,1,0,,phone_rule,us-ftc-robocall-daily
+17576324509,Robocall,block,3,+17576324509,robocall,1,0,,phone_rule,us-ftc-robocall-daily
+17273419914,Robocall,block,3,+17273419914,robocall,1,0,,phone_rule,us-ftc-robocall-daily
+18173144669,Robocall,block,3,+18173144669,robocall,1,0,,phone_rule,us-ftc-robocall-daily
+16598999757,Robocall,block,3,+16598999757,robocall,1,0,,phone_rule,us-ftc-robocall-daily
+12832106401,Robocall,block,3,+12832106401,robocall,1,0,,phone_rule,us-ftc-robocall-daily
+16576083641,Robocall,block,3,+16576083641,robocall,1,0,,phone_rule,us-ftc-robocall-daily
+19419191668,Robocall,block,3,+19419191668,robocall,1,0,,phone_rule,us-ftc-robocall-daily
+17273159383,Robocall,block,3,+17273159383,robocall,1,0,,phone_rule,us-ftc-robocall-daily
+12097732488,Robocall,block,3,+12097732488,robocall,1,0,,phone_rule,us-ftc-robocall-daily
+16174044006,Robocall,block,3,+16174044006,robocall,1,0,,phone_rule,us-ftc-robocall-daily
+17575423767,Robocall,block,3,+17575423767,robocall,1,0,,phone_rule,us-ftc-robocall-daily
+13166244738,Robocall,block,3,+13166244738,robocall,1,0,,phone_rule,us-ftc-robocall-daily
+14845910289,Robocall,block,3,+14845910289,robocall,1,0,,phone_rule,us-ftc-robocall-daily
+16163846360,Robocall,block,3,+16163846360,robocall,1,0,,phone_rule,us-ftc-robocall-daily
+17273061301,Robocall,block,3,+17273061301,robocall,1,0,,phone_rule,us-ftc-robocall-daily
+17182205811,Robocall,block,3,+17182205811,robocall,1,0,,phone_rule,us-ftc-robocall-daily
+17576256466,Robocall,block,3,+17576256466,robocall,1,0,,phone_rule,us-ftc-robocall-daily
+16206204732,Robocall,block,3,+16206204732,robocall,1,0,,phone_rule,us-ftc-robocall-daily
+12392084283,Robocall,block,3,+12392084283,robocall,1,0,,phone_rule,us-ftc-robocall-daily
+16098171109,Robocall,block,3,+16098171109,robocall,1,0,,phone_rule,us-ftc-robocall-daily
+18448281779,Robocall,block,3,+18448281779,robocall,1,0,,phone_rule,us-ftc-robocall-daily
+19417578636,Robocall,block,3,+19417578636,robocall,1,0,,phone_rule,us-ftc-robocall-daily
+15056729716,Robocall,block,3,+15056729716,robocall,1,0,,phone_rule,us-ftc-robocall-daily
+17572579795,Robocall,block,3,+17572579795,robocall,1,0,,phone_rule,us-ftc-robocall-daily
+17277586384,Robocall,block,3,+17277586384,robocall,1,0,,phone_rule,us-ftc-robocall-daily
+16207143388,Robocall,block,3,+16207143388,robocall,1,0,,phone_rule,us-ftc-robocall-daily
+15408584104,Robocall,block,3,+15408584104,robocall,1,0,,phone_rule,us-ftc-robocall-daily
+18004010755,Robocall,block,3,+18004010755,robocall,1,0,,phone_rule,us-ftc-robocall-daily
+18335250421,Robocall,block,3,+18335250421,robocall,1,0,,phone_rule,us-ftc-robocall-daily
+12157703527,Robocall,block,3,+12157703527,robocall,1,0,,phone_rule,us-ftc-robocall-daily
+18432071927,Robocall,block,3,+18432071927,robocall,1,0,,phone_rule,us-ftc-robocall-daily
+17572759418,Robocall,block,3,+17572759418,robocall,1,0,,phone_rule,us-ftc-robocall-daily
+15024536068,Robocall,block,3,+15024536068,robocall,1,0,,phone_rule,us-ftc-robocall-daily
+16202631695,Robocall,block,3,+16202631695,robocall,1,0,,phone_rule,us-ftc-robocall-daily
+12602861396,Robocall,block,3,+12602861396,robocall,1,0,,phone_rule,us-ftc-robocall-daily
+18669631056,Robocall,block,3,+18669631056,robocall,1,0,,phone_rule,us-ftc-robocall-daily
+18447641730,Robocall,block,3,+18447641730,robocall,1,0,,phone_rule,us-ftc-robocall-daily
+18333646047,Robocall,block,3,+18333646047,robocall,1,0,,phone_rule,us-ftc-robocall-daily
+15728884038,Robocall,block,3,+15728884038,robocall,1,0,,phone_rule,us-ftc-robocall-daily
+16105840732,Robocall,block,3,+16105840732,robocall,1,0,,phone_rule,us-ftc-robocall-daily
+18655126347,Robocall,block,3,+18655126347,robocall,1,0,,phone_rule,us-ftc-robocall-daily
+19492082825,Robocall,block,3,+19492082825,robocall,1,0,,phone_rule,us-ftc-robocall-daily
+13059174933,Robocall,block,3,+13059174933,robocall,1,0,,phone_rule,us-ftc-robocall-daily
+18553395442,Robocall,block,3,+18553395442,robocall,1,0,,phone_rule,us-ftc-robocall-daily
+16207923709,Robocall,block,3,+16207923709,robocall,1,0,,phone_rule,us-ftc-robocall-daily
+19897109187,Robocall,block,3,+19897109187,robocall,1,0,,phone_rule,us-ftc-robocall-daily
+16893151572,Robocall,block,3,+16893151572,robocall,1,0,,phone_rule,us-ftc-robocall-daily
+12194625100,Robocall,block,3,+12194625100,robocall,1,0,,phone_rule,us-ftc-robocall-daily
+12362159773,Robocall,block,3,+12362159773,robocall,1,0,,phone_rule,us-ftc-robocall-daily
+14134214286,Robocall,block,3,+14134214286,robocall,1,0,,phone_rule,us-ftc-robocall-daily
+19493233052,Robocall,block,3,+19493233052,robocall,1,0,,phone_rule,us-ftc-robocall-daily
+17274003810,Robocall,block,3,+17274003810,robocall,1,0,,phone_rule,us-ftc-robocall-daily
+15592492095,Robocall,block,3,+15592492095,robocall,1,0,,phone_rule,us-ftc-robocall-daily
+12296327563,Robocall,block,3,+12296327563,robocall,1,0,,phone_rule,us-ftc-robocall-daily
+14803743185,Robocall,block,3,+14803743185,robocall,1,0,,phone_rule,us-ftc-robocall-daily
+15678031056,Robocall,block,3,+15678031056,robocall,1,0,,phone_rule,us-ftc-robocall-daily
+17274856691,Robocall,block,3,+17274856691,robocall,1,0,,phone_rule,us-ftc-robocall-daily
+19175609489,Robocall,block,3,+19175609489,robocall,1,0,,phone_rule,us-ftc-robocall-daily
+18882913945,Robocall,block,3,+18882913945,robocall,1,0,,phone_rule,us-ftc-robocall-daily
+16193205935,Robocall,block,3,+16193205935,robocall,1,0,,phone_rule,us-ftc-robocall-daily
+18775341201,Robocall,block,3,+18775341201,robocall,1,0,,phone_rule,us-ftc-robocall-daily
+12394228049,Robocall,block,3,+12394228049,robocall,1,0,,phone_rule,us-ftc-robocall-daily
+12406551489,Robocall,block,3,+12406551489,robocall,1,0,,phone_rule,us-ftc-robocall-daily
+14036643123,Robocall,block,3,+14036643123,robocall,1,0,,phone_rule,us-ftc-robocall-daily
+12369319923,Robocall,block,3,+12369319923,robocall,1,0,,phone_rule,us-ftc-robocall-daily
+15043543272,Robocall,block,3,+15043543272,robocall,1,0,,phone_rule,us-ftc-robocall-daily
+17278705439,Robocall,block,3,+17278705439,robocall,1,0,,phone_rule,us-ftc-robocall-daily
+18647549824,Robocall,block,3,+18647549824,robocall,1,0,,phone_rule,us-ftc-robocall-daily
+13152742416,Robocall,block,3,+13152742416,robocall,1,0,,phone_rule,us-ftc-robocall-daily
+18106213000,Robocall,block,3,+18106213000,robocall,1,0,,phone_rule,us-ftc-robocall-daily
+17602598856,Robocall,block,3,+17602598856,robocall,1,0,,phone_rule,us-ftc-robocall-daily
+16614619067,Robocall,block,3,+16614619067,robocall,1,0,,phone_rule,us-ftc-robocall-daily
+18888994917,Robocall,block,3,+18888994917,robocall,1,0,,phone_rule,us-ftc-robocall-daily
+17855366224,Robocall,block,3,+17855366224,robocall,1,0,,phone_rule,us-ftc-robocall-daily
+18185385818,Robocall,block,3,+18185385818,robocall,1,0,,phone_rule,us-ftc-robocall-daily
+17277051239,Robocall,block,3,+17277051239,robocall,1,0,,phone_rule,us-ftc-robocall-daily
+12175986800,Robocall,block,3,+12175986800,robocall,1,0,,phone_rule,us-ftc-robocall-daily
+15819849644,Robocall,block,3,+15819849644,robocall,1,0,,phone_rule,us-ftc-robocall-daily
+12283513416,Robocall,block,3,+12283513416,robocall,1,0,,phone_rule,us-ftc-robocall-daily
+18334618932,Robocall,block,3,+18334618932,robocall,1,0,,phone_rule,us-ftc-robocall-daily
+18554107131,Robocall,block,3,+18554107131,robocall,1,0,,phone_rule,us-ftc-robocall-daily
+19832218087,Robocall,block,3,+19832218087,robocall,1,0,,phone_rule,us-ftc-robocall-daily
+15042900935,Robocall,block,3,+15042900935,robocall,1,0,,phone_rule,us-ftc-robocall-daily
+12108589438,Robocall,block,3,+12108589438,robocall,1,0,,phone_rule,us-ftc-robocall-daily
+17272396415,Robocall,block,3,+17272396415,robocall,1,0,,phone_rule,us-ftc-robocall-daily
+13126141048,Robocall,block,3,+13126141048,robocall,1,0,,phone_rule,us-ftc-robocall-daily
+18383998879,Robocall,block,3,+18383998879,robocall,1,0,,phone_rule,us-ftc-robocall-daily
+14752902723,Robocall,block,3,+14752902723,robocall,1,0,,phone_rule,us-ftc-robocall-daily
+19702531181,Robocall,block,3,+19702531181,robocall,1,0,,phone_rule,us-ftc-robocall-daily
+13478682093,Robocall,block,3,+13478682093,robocall,1,0,,phone_rule,us-ftc-robocall-daily
+13148845376,Robocall,block,3,+13148845376,robocall,1,0,,phone_rule,us-ftc-robocall-daily
+12174830028,Robocall,block,3,+12174830028,robocall,1,0,,phone_rule,us-ftc-robocall-daily
+13026434603,Robocall,block,3,+13026434603,robocall,1,0,,phone_rule,us-ftc-robocall-daily
+15045772666,Robocall,block,3,+15045772666,robocall,1,0,,phone_rule,us-ftc-robocall-daily
+18055218506,Robocall,block,3,+18055218506,robocall,1,0,,phone_rule,us-ftc-robocall-daily
+18068580009,Robocall,block,3,+18068580009,robocall,1,0,,phone_rule,us-ftc-robocall-daily
+15412491435,Robocall,block,3,+15412491435,robocall,1,0,,phone_rule,us-ftc-robocall-daily
+19034291127,Robocall,block,3,+19034291127,robocall,1,0,,phone_rule,us-ftc-robocall-daily
+19362548955,Robocall,block,3,+19362548955,robocall,1,0,,phone_rule,us-ftc-robocall-daily
+18052908410,Robocall,block,3,+18052908410,robocall,1,0,,phone_rule,us-ftc-robocall-daily
+15162036273,Robocall,block,3,+15162036273,robocall,1,0,,phone_rule,us-ftc-robocall-daily
+19187967535,Robocall,block,3,+19187967535,robocall,1,0,,phone_rule,us-ftc-robocall-daily
+12313593328,Robocall,block,3,+12313593328,robocall,1,0,,phone_rule,us-ftc-robocall-daily
+15314144285,Robocall,block,3,+15314144285,robocall,1,0,,phone_rule,us-ftc-robocall-daily
+14026280610,Robocall,block,3,+14026280610,robocall,1,0,,phone_rule,us-ftc-robocall-daily
+13134449310,Robocall,block,3,+13134449310,robocall,1,0,,phone_rule,us-ftc-robocall-daily
+19844686273,Robocall,block,3,+19844686273,robocall,1,0,,phone_rule,us-ftc-robocall-daily
+13032747692,Robocall,block,3,+13032747692,robocall,1,0,,phone_rule,us-ftc-robocall-daily
+16172450940,Robocall,block,3,+16172450940,robocall,1,0,,phone_rule,us-ftc-robocall-daily
+16092950231,Robocall,block,3,+16092950231,robocall,1,0,,phone_rule,us-ftc-robocall-daily
+15705860823,Robocall,block,3,+15705860823,robocall,1,0,,phone_rule,us-ftc-robocall-daily
+19033851132,Robocall,block,3,+19033851132,robocall,1,0,,phone_rule,us-ftc-robocall-daily
+14757662634,Robocall,block,3,+14757662634,robocall,1,0,,phone_rule,us-ftc-robocall-daily
+16263411986,Robocall,block,3,+16263411986,robocall,1,0,,phone_rule,us-ftc-robocall-daily
+16017690403,Robocall,block,3,+16017690403,robocall,1,0,,phone_rule,us-ftc-robocall-daily
+18333337502,Robocall,block,3,+18333337502,robocall,1,0,,phone_rule,us-ftc-robocall-daily
+14076358357,Robocall,block,3,+14076358357,robocall,1,0,,phone_rule,us-ftc-robocall-daily
+14072644077,Robocall,block,3,+14072644077,robocall,1,0,,phone_rule,us-ftc-robocall-daily
+17052865067,Robocall,block,3,+17052865067,robocall,1,0,,phone_rule,us-ftc-robocall-daily
+17578445701,Robocall,block,3,+17578445701,robocall,1,0,,phone_rule,us-ftc-robocall-daily
+18775341022,Robocall,block,3,+18775341022,robocall,1,0,,phone_rule,us-ftc-robocall-daily
+12035147825,Robocall,block,3,+12035147825,robocall,1,0,,phone_rule,us-ftc-robocall-daily
+17792137448,Robocall,block,3,+17792137448,robocall,1,0,,phone_rule,us-ftc-robocall-daily
+16397719468,Robocall,block,3,+16397719468,robocall,1,0,,phone_rule,us-ftc-robocall-daily
+17379838553,Robocall,block,3,+17379838553,robocall,1,0,,phone_rule,us-ftc-robocall-daily
+18323367355,Robocall,block,3,+18323367355,robocall,1,0,,phone_rule,us-ftc-robocall-daily
+18634003160,Robocall,block,3,+18634003160,robocall,1,0,,phone_rule,us-ftc-robocall-daily
+18332094356,Robocall,block,3,+18332094356,robocall,1,0,,phone_rule,us-ftc-robocall-daily
+18177678072,Robocall,block,3,+18177678072,robocall,1,0,,phone_rule,us-ftc-robocall-daily
+14242547566,Robocall,block,3,+14242547566,robocall,1,0,,phone_rule,us-ftc-robocall-daily
+18338544775,Robocall,block,3,+18338544775,robocall,1,0,,phone_rule,us-ftc-robocall-daily
+14315000984,Robocall,block,3,+14315000984,robocall,1,0,,phone_rule,us-ftc-robocall-daily
+17027832892,Robocall,block,3,+17027832892,robocall,1,0,,phone_rule,us-ftc-robocall-daily
+13462401031,Robocall,block,3,+13462401031,robocall,1,0,,phone_rule,us-ftc-robocall-daily
+18132805113,Robocall,block,3,+18132805113,robocall,1,0,,phone_rule,us-ftc-robocall-daily
+18047791905,Robocall,block,3,+18047791905,robocall,1,0,,phone_rule,us-ftc-robocall-daily
+14058497685,Robocall,block,3,+14058497685,robocall,1,0,,phone_rule,us-ftc-robocall-daily
+17192242304,Robocall,block,3,+17192242304,robocall,1,0,,phone_rule,us-ftc-robocall-daily
+15204364617,Robocall,block,3,+15204364617,robocall,1,0,,phone_rule,us-ftc-robocall-daily
+18565441913,Robocall,block,3,+18565441913,robocall,1,0,,phone_rule,us-ftc-robocall-daily
+18668890004,Robocall,block,3,+18668890004,robocall,1,0,,phone_rule,us-ftc-robocall-daily
+12086975248,Robocall,block,3,+12086975248,robocall,1,0,,phone_rule,us-ftc-robocall-daily
+17739450361,Robocall,block,3,+17739450361,robocall,1,0,,phone_rule,us-ftc-robocall-daily
+19142564441,Robocall,block,3,+19142564441,robocall,1,0,,phone_rule,us-ftc-robocall-daily
+18022328859,Robocall,block,3,+18022328859,robocall,1,0,,phone_rule,us-ftc-robocall-daily
+13172091168,Robocall,block,3,+13172091168,robocall,1,0,,phone_rule,us-ftc-robocall-daily
+15045060143,Robocall,block,3,+15045060143,robocall,1,0,,phone_rule,us-ftc-robocall-daily
+12508847446,Robocall,block,3,+12508847446,robocall,1,0,,phone_rule,us-ftc-robocall-daily
+15207048716,Robocall,block,3,+15207048716,robocall,1,0,,phone_rule,us-ftc-robocall-daily
+18594598675,Robocall,block,3,+18594598675,robocall,1,0,,phone_rule,us-ftc-robocall-daily
+16205148527,Robocall,block,3,+16205148527,robocall,1,0,,phone_rule,us-ftc-robocall-daily
+17022768597,Robocall,block,3,+17022768597,robocall,1,0,,phone_rule,us-ftc-robocall-daily
+14238622230,Robocall,block,3,+14238622230,robocall,1,0,,phone_rule,us-ftc-robocall-daily
+17725101675,Robocall,block,3,+17725101675,robocall,1,0,,phone_rule,us-ftc-robocall-daily
+18184631953,Robocall,block,3,+18184631953,robocall,1,0,,phone_rule,us-ftc-robocall-daily
+18449145188,Robocall,block,3,+18449145188,robocall,1,0,,phone_rule,us-ftc-robocall-daily
+16019941274,Robocall,block,3,+16019941274,robocall,1,0,,phone_rule,us-ftc-robocall-daily
+17735963378,Robocall,block,3,+17735963378,robocall,1,0,,phone_rule,us-ftc-robocall-daily
+16672183195,Robocall,block,3,+16672183195,robocall,1,0,,phone_rule,us-ftc-robocall-daily
+18664948077,Robocall,block,3,+18664948077,robocall,1,0,,phone_rule,us-ftc-robocall-daily
+17124857747,Robocall,block,3,+17124857747,robocall,1,0,,phone_rule,us-ftc-robocall-daily
+17374130073,Robocall,block,3,+17374130073,robocall,1,0,,phone_rule,us-ftc-robocall-daily
+19419923965,Robocall,block,3,+19419923965,robocall,1,0,,phone_rule,us-ftc-robocall-daily
+14232873086,Robocall,block,3,+14232873086,robocall,1,0,,phone_rule,us-ftc-robocall-daily
+16018807282,Robocall,block,3,+16018807282,robocall,1,0,,phone_rule,us-ftc-robocall-daily
+18555801029,Robocall,block,3,+18555801029,robocall,1,0,,phone_rule,us-ftc-robocall-daily
+18046807650,Robocall,block,3,+18046807650,robocall,1,0,,phone_rule,us-ftc-robocall-daily
+17196422059,Robocall,block,3,+17196422059,robocall,1,0,,phone_rule,us-ftc-robocall-daily
+14702938047,Robocall,block,3,+14702938047,robocall,1,0,,phone_rule,us-ftc-robocall-daily
+18337928608,Robocall,block,3,+18337928608,robocall,1,0,,phone_rule,us-ftc-robocall-daily
+12246810821,Robocall,block,3,+12246810821,robocall,1,0,,phone_rule,us-ftc-robocall-daily
+13016866805,Robocall,block,3,+13016866805,robocall,1,0,,phone_rule,us-ftc-robocall-daily
+17375207212,Robocall,block,3,+17375207212,robocall,1,0,,phone_rule,us-ftc-robocall-daily
+16012862791,Robocall,block,3,+16012862791,robocall,1,0,,phone_rule,us-ftc-robocall-daily
+14696672618,Robocall,block,3,+14696672618,robocall,1,0,,phone_rule,us-ftc-robocall-daily
+14232873961,Robocall,block,3,+14232873961,robocall,1,0,,phone_rule,us-ftc-robocall-daily
+13102949431,Robocall,block,3,+13102949431,robocall,1,0,,phone_rule,us-ftc-robocall-daily
+18443201868,Robocall,block,3,+18443201868,robocall,1,0,,phone_rule,us-ftc-robocall-daily
+13019007832,Robocall,block,3,+13019007832,robocall,1,0,,phone_rule,us-ftc-robocall-daily
+15155298160,Robocall,block,3,+15155298160,robocall,1,0,,phone_rule,us-ftc-robocall-daily
+16105268023,Robocall,block,3,+16105268023,robocall,1,0,,phone_rule,us-ftc-robocall-daily
+16073645907,Robocall,block,3,+16073645907,robocall,1,0,,phone_rule,us-ftc-robocall-daily
+14144327750,Robocall,block,3,+14144327750,robocall,1,0,,phone_rule,us-ftc-robocall-daily
+14239793710,Robocall,block,3,+14239793710,robocall,1,0,,phone_rule,us-ftc-robocall-daily
+17153184100,Robocall,block,3,+17153184100,robocall,1,0,,phone_rule,us-ftc-robocall-daily
+15674777597,Robocall,block,3,+15674777597,robocall,1,0,,phone_rule,us-ftc-robocall-daily
+19043198579,Robocall,block,3,+19043198579,robocall,1,0,,phone_rule,us-ftc-robocall-daily
+19193172688,Robocall,block,3,+19193172688,robocall,1,0,,phone_rule,us-ftc-robocall-daily
+16014560272,Robocall,block,3,+16014560272,robocall,1,0,,phone_rule,us-ftc-robocall-daily
+14022515953,Robocall,block,3,+14022515953,robocall,1,0,,phone_rule,us-ftc-robocall-daily
+18446492091,Robocall,block,3,+18446492091,robocall,1,0,,phone_rule,us-ftc-robocall-daily
+13863772644,Robocall,block,3,+13863772644,robocall,1,0,,phone_rule,us-ftc-robocall-daily
+18447103029,Robocall,block,3,+18447103029,robocall,1,0,,phone_rule,us-ftc-robocall-daily
+14054059063,Robocall,block,3,+14054059063,robocall,1,0,,phone_rule,us-ftc-robocall-daily
+18167893285,Robocall,block,3,+18167893285,robocall,1,0,,phone_rule,us-ftc-robocall-daily
+19863480180,Robocall,block,3,+19863480180,robocall,1,0,,phone_rule,us-ftc-robocall-daily
+13527614282,Robocall,block,3,+13527614282,robocall,1,0,,phone_rule,us-ftc-robocall-daily
+16018987473,Robocall,block,3,+16018987473,robocall,1,0,,phone_rule,us-ftc-robocall-daily
+18888426328,Robocall,block,3,+18888426328,robocall,1,0,,phone_rule,us-ftc-robocall-daily
+18883561968,Robocall,block,3,+18883561968,robocall,1,0,,phone_rule,us-ftc-robocall-daily
+18177599360,Robocall,block,3,+18177599360,robocall,1,0,,phone_rule,us-ftc-robocall-daily
+13183865775,Robocall,block,3,+13183865775,robocall,1,0,,phone_rule,us-ftc-robocall-daily
+19512237571,Robocall,block,3,+19512237571,robocall,1,0,,phone_rule,us-ftc-robocall-daily
+12029334761,Robocall,block,3,+12029334761,robocall,1,0,,phone_rule,us-ftc-robocall-daily
+14693042326,Robocall,block,3,+14693042326,robocall,1,0,,phone_rule,us-ftc-robocall-daily
+16155655416,Robocall,block,3,+16155655416,robocall,1,0,,phone_rule,us-ftc-robocall-daily
+19033851918,Robocall,block,3,+19033851918,robocall,1,0,,phone_rule,us-ftc-robocall-daily
+18704560596,Robocall,block,3,+18704560596,robocall,1,0,,phone_rule,us-ftc-robocall-daily
+18556701296,Robocall,block,3,+18556701296,robocall,1,0,,phone_rule,us-ftc-robocall-daily
+15512774209,Robocall,block,3,+15512774209,robocall,1,0,,phone_rule,us-ftc-robocall-daily
+12527525200,Robocall,block,3,+12527525200,robocall,1,0,,phone_rule,us-ftc-robocall-daily
+14103042926,Robocall,block,3,+14103042926,robocall,1,0,,phone_rule,us-ftc-robocall-daily
+19187339482,Robocall,block,3,+19187339482,robocall,1,0,,phone_rule,us-ftc-robocall-daily
+16017655575,Robocall,block,3,+16017655575,robocall,1,0,,phone_rule,us-ftc-robocall-daily
+17869710264,Robocall,block,3,+17869710264,robocall,1,0,,phone_rule,us-ftc-robocall-daily
+16826810292,Robocall,block,3,+16826810292,robocall,1,0,,phone_rule,us-ftc-robocall-daily
+18312982998,Robocall,block,3,+18312982998,robocall,1,0,,phone_rule,us-ftc-robocall-daily
+12082954246,Robocall,block,3,+12082954246,robocall,1,0,,phone_rule,us-ftc-robocall-daily
+12518906792,Robocall,block,3,+12518906792,robocall,1,0,,phone_rule,us-ftc-robocall-daily
+16019965804,Robocall,block,3,+16019965804,robocall,1,0,,phone_rule,us-ftc-robocall-daily
+17473291876,Robocall,block,3,+17473291876,robocall,1,0,,phone_rule,us-ftc-robocall-daily
+18157689665,Robocall,block,3,+18157689665,robocall,1,0,,phone_rule,us-ftc-robocall-daily
+14057053221,Robocall,block,3,+14057053221,robocall,1,0,,phone_rule,us-ftc-robocall-daily
+17402614633,Robocall,block,3,+17402614633,robocall,1,0,,phone_rule,us-ftc-robocall-daily
+12109647655,Robocall,block,3,+12109647655,robocall,1,0,,phone_rule,us-ftc-robocall-daily
+16018416495,Robocall,block,3,+16018416495,robocall,1,0,,phone_rule,us-ftc-robocall-daily
+17746541319,Robocall,block,3,+17746541319,robocall,1,0,,phone_rule,us-ftc-robocall-daily
+18178037471,Robocall,block,3,+18178037471,robocall,1,0,,phone_rule,us-ftc-robocall-daily
+19175909489,Robocall,block,3,+19175909489,robocall,1,0,,phone_rule,us-ftc-robocall-daily
+18506009051,Robocall,block,3,+18506009051,robocall,1,0,,phone_rule,us-ftc-robocall-daily
+14028082136,Robocall,block,3,+14028082136,robocall,1,0,,phone_rule,us-ftc-robocall-daily
+15714700875,Robocall,block,3,+15714700875,robocall,1,0,,phone_rule,us-ftc-robocall-daily
+16165122519,Robocall,block,3,+16165122519,robocall,1,0,,phone_rule,us-ftc-robocall-daily
+18332115561,Robocall,block,3,+18332115561,robocall,1,0,,phone_rule,us-ftc-robocall-daily
+18336873226,Robocall,block,3,+18336873226,robocall,1,0,,phone_rule,us-ftc-robocall-daily
+17608898680,Robocall,block,3,+17608898680,robocall,1,0,,phone_rule,us-ftc-robocall-daily
+15592358361,Robocall,block,3,+15592358361,robocall,1,0,,phone_rule,us-ftc-robocall-daily
+16017895051,Robocall,block,3,+16017895051,robocall,1,0,,phone_rule,us-ftc-robocall-daily
+12207998521,Robocall,block,3,+12207998521,robocall,1,0,,phone_rule,us-ftc-robocall-daily
+19193556377,Robocall,block,3,+19193556377,robocall,1,0,,phone_rule,us-ftc-robocall-daily
+14255178029,Robocall,block,3,+14255178029,robocall,1,0,,phone_rule,us-ftc-robocall-daily
+13203648842,Robocall,block,3,+13203648842,robocall,1,0,,phone_rule,us-ftc-robocall-daily
+16284668039,Robocall,block,3,+16284668039,robocall,1,0,,phone_rule,us-ftc-robocall-daily
+18888442147,Robocall,block,3,+18888442147,robocall,1,0,,phone_rule,us-ftc-robocall-daily
+19162222447,Robocall,block,3,+19162222447,robocall,1,0,,phone_rule,us-ftc-robocall-daily
+19048208096,Robocall,block,3,+19048208096,robocall,1,0,,phone_rule,us-ftc-robocall-daily
+14359227743,Robocall,block,3,+14359227743,robocall,1,0,,phone_rule,us-ftc-robocall-daily
+13134884290,Robocall,block,3,+13134884290,robocall,1,0,,phone_rule,us-ftc-robocall-daily
+16019145691,Robocall,block,3,+16019145691,robocall,1,0,,phone_rule,us-ftc-robocall-daily
+15717717869,Robocall,block,3,+15717717869,robocall,1,0,,phone_rule,us-ftc-robocall-daily
+18105250474,Robocall,block,3,+18105250474,robocall,1,0,,phone_rule,us-ftc-robocall-daily
+18044486902,Robocall,block,3,+18044486902,robocall,1,0,,phone_rule,us-ftc-robocall-daily
+15172713384,Robocall,block,3,+15172713384,robocall,1,0,,phone_rule,us-ftc-robocall-daily
+16038024405,Robocall,block,3,+16038024405,robocall,1,0,,phone_rule,us-ftc-robocall-daily
+16017075032,Robocall,block,3,+16017075032,robocall,1,0,,phone_rule,us-ftc-robocall-daily
+16782284290,Robocall,block,3,+16782284290,robocall,1,0,,phone_rule,us-ftc-robocall-daily
+17473158607,Robocall,block,3,+17473158607,robocall,1,0,,phone_rule,us-ftc-robocall-daily
+16693364078,Robocall,block,3,+16693364078,robocall,1,0,,phone_rule,us-ftc-robocall-daily
+16693888971,Robocall,block,3,+16693888971,robocall,1,0,,phone_rule,us-ftc-robocall-daily
+13012008974,Robocall,block,3,+13012008974,robocall,1,0,,phone_rule,us-ftc-robocall-daily
+19512340449,Robocall,block,3,+19512340449,robocall,1,0,,phone_rule,us-ftc-robocall-daily
+17027489352,Robocall,block,3,+17027489352,robocall,1,0,,phone_rule,us-ftc-robocall-daily
+16019654637,Robocall,block,3,+16019654637,robocall,1,0,,phone_rule,us-ftc-robocall-daily
+18665502097,Robocall,block,3,+18665502097,robocall,1,0,,phone_rule,us-ftc-robocall-daily
+18637898814,Robocall,block,3,+18637898814,robocall,1,0,,phone_rule,us-ftc-robocall-daily
+13013591856,Robocall,block,3,+13013591856,robocall,1,0,,phone_rule,us-ftc-robocall-daily
+18446491381,Robocall,block,3,+18446491381,robocall,1,0,,phone_rule,us-ftc-robocall-daily
+16182008978,Robocall,block,3,+16182008978,robocall,1,0,,phone_rule,us-ftc-robocall-daily
+18333715782,Robocall,block,3,+18333715782,robocall,1,0,,phone_rule,us-ftc-robocall-daily
+18188063951,Robocall,block,3,+18188063951,robocall,1,0,,phone_rule,us-ftc-robocall-daily
+18459693741,Robocall,block,3,+18459693741,robocall,1,0,,phone_rule,us-ftc-robocall-daily
+17179833789,Robocall,block,3,+17179833789,robocall,1,0,,phone_rule,us-ftc-robocall-daily
+17152556354,Robocall,block,3,+17152556354,robocall,1,0,,phone_rule,us-ftc-robocall-daily
+17602820714,Robocall,block,3,+17602820714,robocall,1,0,,phone_rule,us-ftc-robocall-daily
+18132958139,Robocall,block,3,+18132958139,robocall,1,0,,phone_rule,us-ftc-robocall-daily
+14243885530,Robocall,block,3,+14243885530,robocall,1,0,,phone_rule,us-ftc-robocall-daily
+18335657154,Robocall,block,3,+18335657154,robocall,1,0,,phone_rule,us-ftc-robocall-daily
+14423244296,Robocall,block,3,+14423244296,robocall,1,0,,phone_rule,us-ftc-robocall-daily
+19522575789,Robocall,block,3,+19522575789,robocall,1,0,,phone_rule,us-ftc-robocall-daily
+15402830013,Robocall,block,3,+15402830013,robocall,1,0,,phone_rule,us-ftc-robocall-daily
+16307069467,Robocall,block,3,+16307069467,robocall,1,0,,phone_rule,us-ftc-robocall-daily
+18553230603,Robocall,block,3,+18553230603,robocall,1,0,,phone_rule,us-ftc-robocall-daily
+17284966913,Robocall,block,3,+17284966913,robocall,1,0,,phone_rule,us-ftc-robocall-daily
+14703972445,Robocall,block,3,+14703972445,robocall,1,0,,phone_rule,us-ftc-robocall-daily
+17655078238,Robocall,block,3,+17655078238,robocall,1,0,,phone_rule,us-ftc-robocall-daily
+13022621290,Robocall,block,3,+13022621290,robocall,1,0,,phone_rule,us-ftc-robocall-daily
+17602597201,Robocall,block,3,+17602597201,robocall,1,0,,phone_rule,us-ftc-robocall-daily
+18005133916,Robocall,block,3,+18005133916,robocall,1,0,,phone_rule,us-ftc-robocall-daily
+18012777000,Robocall,block,3,+18012777000,robocall,1,0,,phone_rule,us-ftc-robocall-daily
+19035181889,Robocall,block,3,+19035181889,robocall,1,0,,phone_rule,us-ftc-robocall-daily
+14146713005,Robocall,block,3,+14146713005,robocall,1,0,,phone_rule,us-ftc-robocall-daily
+13179618307,Robocall,block,3,+13179618307,robocall,1,0,,phone_rule,us-ftc-robocall-daily
+12403189545,Robocall,block,3,+12403189545,robocall,1,0,,phone_rule,us-ftc-robocall-daily
+12513970977,Robocall,block,3,+12513970977,robocall,1,0,,phone_rule,us-ftc-robocall-daily
+18135684953,Robocall,block,3,+18135684953,robocall,1,0,,phone_rule,us-ftc-robocall-daily
+16122186185,Robocall,block,3,+16122186185,robocall,1,0,,phone_rule,us-ftc-robocall-daily
+18663424706,Robocall,block,3,+18663424706,robocall,1,0,,phone_rule,us-ftc-robocall-daily
+19842579854,Robocall,block,3,+19842579854,robocall,1,0,,phone_rule,us-ftc-robocall-daily
+19014035609,Robocall,block,3,+19014035609,robocall,1,0,,phone_rule,us-ftc-robocall-daily
+14128881000,Robocall,block,3,+14128881000,robocall,1,0,,phone_rule,us-ftc-robocall-daily
+18443959689,Robocall,block,3,+18443959689,robocall,1,0,,phone_rule,us-ftc-robocall-daily
+12812143683,Robocall,block,3,+12812143683,robocall,1,0,,phone_rule,us-ftc-robocall-daily
+16017211998,Robocall,block,3,+16017211998,robocall,1,0,,phone_rule,us-ftc-robocall-daily
+18333649309,Robocall,block,3,+18333649309,robocall,1,0,,phone_rule,us-ftc-robocall-daily
+18338146423,Robocall,block,3,+18338146423,robocall,1,0,,phone_rule,us-ftc-robocall-daily
+19016808513,Robocall,block,3,+19016808513,robocall,1,0,,phone_rule,us-ftc-robocall-daily
+13179361907,Robocall,block,3,+13179361907,robocall,1,0,,phone_rule,us-ftc-robocall-daily
+13022337586,Robocall,block,3,+13022337586,robocall,1,0,,phone_rule,us-ftc-robocall-daily
+17087082089,Robocall,block,3,+17087082089,robocall,1,0,,phone_rule,us-ftc-robocall-daily
+16033210606,Robocall,block,3,+16033210606,robocall,1,0,,phone_rule,us-ftc-robocall-daily
+16018735674,Robocall,block,3,+16018735674,robocall,1,0,,phone_rule,us-ftc-robocall-daily
+13212822411,Robocall,block,3,+13212822411,robocall,1,0,,phone_rule,us-ftc-robocall-daily
+13266006220,Robocall,block,3,+13266006220,robocall,1,0,,phone_rule,us-ftc-robocall-daily
+13179612251,Robocall,block,3,+13179612251,robocall,1,0,,phone_rule,us-ftc-robocall-daily
+18048675309,Robocall,block,3,+18048675309,robocall,1,0,,phone_rule,us-ftc-robocall-daily
+16016406363,Robocall,block,3,+16016406363,robocall,1,0,,phone_rule,us-ftc-robocall-daily
+18777104024,Robocall,block,3,+18777104024,robocall,1,0,,phone_rule,us-ftc-robocall-daily
+19017634237,Robocall,block,3,+19017634237,robocall,1,0,,phone_rule,us-ftc-robocall-daily
+17088590393,Robocall,block,3,+17088590393,robocall,1,0,,phone_rule,us-ftc-robocall-daily
+12103686311,Robocall,block,3,+12103686311,robocall,1,0,,phone_rule,us-ftc-robocall-daily
+14794059280,Robocall,block,3,+14794059280,robocall,1,0,,phone_rule,us-ftc-robocall-daily
+17165994732,Robocall,block,3,+17165994732,robocall,1,0,,phone_rule,us-ftc-robocall-daily
+18552562910,Robocall,block,3,+18552562910,robocall,1,0,,phone_rule,us-ftc-robocall-daily
+19012214756,Robocall,block,3,+19012214756,robocall,1,0,,phone_rule,us-ftc-robocall-daily
+17018953811,Robocall,block,3,+17018953811,robocall,1,0,,phone_rule,us-ftc-robocall-daily
+12243864637,Robocall,block,3,+12243864637,robocall,1,0,,phone_rule,us-ftc-robocall-daily
+18313535879,Robocall,block,3,+18313535879,robocall,1,0,,phone_rule,us-ftc-robocall-daily
+13305515929,Robocall,block,3,+13305515929,robocall,1,0,,phone_rule,us-ftc-robocall-daily
+18175626650,Robocall,block,3,+18175626650,robocall,1,0,,phone_rule,us-ftc-robocall-daily
+17575548233,Robocall,block,3,+17575548233,robocall,1,0,,phone_rule,us-ftc-robocall-daily
+17326554080,Robocall,block,3,+17326554080,robocall,1,0,,phone_rule,us-ftc-robocall-daily
+16014605946,Robocall,block,3,+16014605946,robocall,1,0,,phone_rule,us-ftc-robocall-daily
+12094210805,Robocall,block,3,+12094210805,robocall,1,0,,phone_rule,us-ftc-robocall-daily
+16122938257,Robocall,block,3,+16122938257,robocall,1,0,,phone_rule,us-ftc-robocall-daily
+19017429983,Robocall,block,3,+19017429983,robocall,1,0,,phone_rule,us-ftc-robocall-daily
+14244382852,Robocall,block,3,+14244382852,robocall,1,0,,phone_rule,us-ftc-robocall-daily
+18446108415,Robocall,block,3,+18446108415,robocall,1,0,,phone_rule,us-ftc-robocall-daily
+16192100867,Robocall,block,3,+16192100867,robocall,1,0,,phone_rule,us-ftc-robocall-daily
+13193183853,Robocall,block,3,+13193183853,robocall,1,0,,phone_rule,us-ftc-robocall-daily
+12066299680,Robocall,block,3,+12066299680,robocall,1,0,,phone_rule,us-ftc-robocall-daily
+19202129840,Robocall,block,3,+19202129840,robocall,1,0,,phone_rule,us-ftc-robocall-daily
+15417601179,Robocall,block,3,+15417601179,robocall,1,0,,phone_rule,us-ftc-robocall-daily
+12272532975,Robocall,block,3,+12272532975,robocall,1,0,,phone_rule,us-ftc-robocall-daily
+18888443515,Robocall,block,3,+18888443515,robocall,1,0,,phone_rule,us-ftc-robocall-daily
+18446296475,Robocall,block,3,+18446296475,robocall,1,0,,phone_rule,us-ftc-robocall-daily
+13602919092,Robocall,block,3,+13602919092,robocall,1,0,,phone_rule,us-ftc-robocall-daily
+18555800965,Robocall,block,3,+18555800965,robocall,1,0,,phone_rule,us-ftc-robocall-daily
+19709193560,Robocall,block,3,+19709193560,robocall,1,0,,phone_rule,us-ftc-robocall-daily
+19016141246,Robocall,block,3,+19016141246,robocall,1,0,,phone_rule,us-ftc-robocall-daily
+19152133245,Robocall,block,3,+19152133245,robocall,1,0,,phone_rule,us-ftc-robocall-daily
+19085931145,Robocall,block,3,+19085931145,robocall,1,0,,phone_rule,us-ftc-robocall-daily
+12604996437,Robocall,block,3,+12604996437,robocall,1,0,,phone_rule,us-ftc-robocall-daily
+14692275265,Robocall,block,3,+14692275265,robocall,1,0,,phone_rule,us-ftc-robocall-daily
+12489400345,Robocall,block,3,+12489400345,robocall,1,0,,phone_rule,us-ftc-robocall-daily
+18398884093,Robocall,block,3,+18398884093,robocall,1,0,,phone_rule,us-ftc-robocall-daily
+18392471270,Robocall,block,3,+18392471270,robocall,1,0,,phone_rule,us-ftc-robocall-daily
+17864421841,Robocall,block,3,+17864421841,robocall,1,0,,phone_rule,us-ftc-robocall-daily
+12163004131,Robocall,block,3,+12163004131,robocall,1,0,,phone_rule,us-ftc-robocall-daily
+19017168814,Robocall,block,3,+19017168814,robocall,1,0,,phone_rule,us-ftc-robocall-daily
+18663233401,Robocall,block,3,+18663233401,robocall,1,0,,phone_rule,us-ftc-robocall-daily
+18564072533,Robocall,block,3,+18564072533,robocall,1,0,,phone_rule,us-ftc-robocall-daily
+18332108966,Robocall,block,3,+18332108966,robocall,1,0,,phone_rule,us-ftc-robocall-daily
+17712220136,Robocall,block,3,+17712220136,robocall,1,0,,phone_rule,us-ftc-robocall-daily
+17078434183,Robocall,block,3,+17078434183,robocall,1,0,,phone_rule,us-ftc-robocall-daily
+18553753803,Robocall,block,3,+18553753803,robocall,1,0,,phone_rule,us-ftc-robocall-daily
+13159192111,Robocall,block,3,+13159192111,robocall,1,0,,phone_rule,us-ftc-robocall-daily
+19014370715,Robocall,block,3,+19014370715,robocall,1,0,,phone_rule,us-ftc-robocall-daily
+18888441993,Robocall,block,3,+18888441993,robocall,1,0,,phone_rule,us-ftc-robocall-daily
+17652490955,Robocall,block,3,+17652490955,robocall,1,0,,phone_rule,us-ftc-robocall-daily
+12104012306,Robocall,block,3,+12104012306,robocall,1,0,,phone_rule,us-ftc-robocall-daily
+18123520094,Robocall,block,3,+18123520094,robocall,1,0,,phone_rule,us-ftc-robocall-daily
+18889061675,Robocall,block,3,+18889061675,robocall,1,0,,phone_rule,us-ftc-robocall-daily
+17125293475,Robocall,block,3,+17125293475,robocall,1,0,,phone_rule,us-ftc-robocall-daily
+19017549789,Robocall,block,3,+19017549789,robocall,1,0,,phone_rule,us-ftc-robocall-daily
+18135247450,Robocall,block,3,+18135247450,robocall,1,0,,phone_rule,us-ftc-robocall-daily
+19256667504,Robocall,block,3,+19256667504,robocall,1,0,,phone_rule,us-ftc-robocall-daily
+18574669711,Robocall,block,3,+18574669711,robocall,1,0,,phone_rule,us-ftc-robocall-daily
+12048181928,Robocall,block,3,+12048181928,robocall,1,0,,phone_rule,us-ftc-robocall-daily
+12243795309,Robocall,block,3,+12243795309,robocall,1,0,,phone_rule,us-ftc-robocall-daily
+12628982070,Robocall,block,3,+12628982070,robocall,1,0,,phone_rule,us-ftc-robocall-daily
+18125679677,Robocall,block,3,+18125679677,robocall,1,0,,phone_rule,us-ftc-robocall-daily
+19016467906,Robocall,block,3,+19016467906,robocall,1,0,,phone_rule,us-ftc-robocall-daily
+16402059185,Robocall,block,3,+16402059185,robocall,1,0,,phone_rule,us-ftc-robocall-daily
+12163655807,Robocall,block,3,+12163655807,robocall,1,0,,phone_rule,us-ftc-robocall-daily
+19899435522,Robocall,block,3,+19899435522,robocall,1,0,,phone_rule,us-ftc-robocall-daily
+18888444595,Robocall,block,3,+18888444595,robocall,1,0,,phone_rule,us-ftc-robocall-daily
+16016024108,Robocall,block,3,+16016024108,robocall,1,0,,phone_rule,us-ftc-robocall-daily
+18442023075,Robocall,block,3,+18442023075,robocall,1,0,,phone_rule,us-ftc-robocall-daily
+12026847897,Robocall,block,3,+12026847897,robocall,1,0,,phone_rule,us-ftc-robocall-daily
+16628945142,Robocall,block,3,+16628945142,robocall,1,0,,phone_rule,us-ftc-robocall-daily
+18128449161,Robocall,block,3,+18128449161,robocall,1,0,,phone_rule,us-ftc-robocall-daily
+19016998164,Robocall,block,3,+19016998164,robocall,1,0,,phone_rule,us-ftc-robocall-daily
+12606937080,Robocall,block,3,+12606937080,robocall,1,0,,phone_rule,us-ftc-robocall-daily
+16098170596,Robocall,block,3,+16098170596,robocall,1,0,,phone_rule,us-ftc-robocall-daily
+12897970325,Robocall,block,3,+12897970325,robocall,1,0,,phone_rule,us-ftc-robocall-daily
+13609243820,Robocall,block,3,+13609243820,robocall,1,0,,phone_rule,us-ftc-robocall-daily
+13523332525,Robocall,block,3,+13523332525,robocall,1,0,,phone_rule,us-ftc-robocall-daily
+16572154097,Robocall,block,3,+16572154097,robocall,1,0,,phone_rule,us-ftc-robocall-daily
+12024305934,Robocall,block,3,+12024305934,robocall,1,0,,phone_rule,us-ftc-robocall-daily
+14706673786,Robocall,block,3,+14706673786,robocall,1,0,,phone_rule,us-ftc-robocall-daily
+14255724822,Robocall,block,3,+14255724822,robocall,1,0,,phone_rule,us-ftc-robocall-daily
+18128942779,Robocall,block,3,+18128942779,robocall,1,0,,phone_rule,us-ftc-robocall-daily
+16074632508,Robocall,block,3,+16074632508,robocall,1,0,,phone_rule,us-ftc-robocall-daily
+13017096684,Robocall,block,3,+13017096684,robocall,1,0,,phone_rule,us-ftc-robocall-daily
+15742060215,Robocall,block,3,+15742060215,robocall,1,0,,phone_rule,us-ftc-robocall-daily
+17578442223,Robocall,block,3,+17578442223,robocall,1,0,,phone_rule,us-ftc-robocall-daily
+13863842752,Robocall,block,3,+13863842752,robocall,1,0,,phone_rule,us-ftc-robocall-daily
+15102018411,Robocall,block,3,+15102018411,robocall,1,0,,phone_rule,us-ftc-robocall-daily
+18646928376,Robocall,block,3,+18646928376,robocall,1,0,,phone_rule,us-ftc-robocall-daily
+14706919480,Robocall,block,3,+14706919480,robocall,1,0,,phone_rule,us-ftc-robocall-daily
+18007623390,Robocall,block,3,+18007623390,robocall,1,0,,phone_rule,us-ftc-robocall-daily
+18882405602,Robocall,block,3,+18882405602,robocall,1,0,,phone_rule,us-ftc-robocall-daily
+19856644020,Robocall,block,3,+19856644020,robocall,1,0,,phone_rule,us-ftc-robocall-daily
+14099777514,Robocall,block,3,+14099777514,robocall,1,0,,phone_rule,us-ftc-robocall-daily
+18882236056,Robocall,block,3,+18882236056,robocall,1,0,,phone_rule,us-ftc-robocall-daily
+18575775045,Robocall,block,3,+18575775045,robocall,1,0,,phone_rule,us-ftc-robocall-daily
+18555802631,Robocall,block,3,+18555802631,robocall,1,0,,phone_rule,us-ftc-robocall-daily
+18446083380,Robocall,block,3,+18446083380,robocall,1,0,,phone_rule,us-ftc-robocall-daily
+12175227744,Robocall,block,3,+12175227744,robocall,1,0,,phone_rule,us-ftc-robocall-daily
+18334574881,Robocall,block,3,+18334574881,robocall,1,0,,phone_rule,us-ftc-robocall-daily
+14072357395,Robocall,block,3,+14072357395,robocall,1,0,,phone_rule,us-ftc-robocall-daily
+14192162968,Robocall,block,3,+14192162968,robocall,1,0,,phone_rule,us-ftc-robocall-daily
+12602049798,Robocall,block,3,+12602049798,robocall,1,0,,phone_rule,us-ftc-robocall-daily
+18062551757,Robocall,block,3,+18062551757,robocall,1,0,,phone_rule,us-ftc-robocall-daily
+19494098505,Robocall,block,3,+19494098505,robocall,1,0,,phone_rule,us-ftc-robocall-daily
+13019150058,Robocall,block,3,+13019150058,robocall,1,0,,phone_rule,us-ftc-robocall-daily
+18668040429,Robocall,block,3,+18668040429,robocall,1,0,,phone_rule,us-ftc-robocall-daily
+18333287595,Robocall,block,3,+18333287595,robocall,1,0,,phone_rule,us-ftc-robocall-daily
+18565993585,Robocall,block,3,+18565993585,robocall,1,0,,phone_rule,us-ftc-robocall-daily
+18447671202,Robocall,block,3,+18447671202,robocall,1,0,,phone_rule,us-ftc-robocall-daily
+14125899799,Robocall,block,3,+14125899799,robocall,1,0,,phone_rule,us-ftc-robocall-daily
+16502041111,Robocall,block,3,+16502041111,robocall,1,0,,phone_rule,us-ftc-robocall-daily
+16572052346,Robocall,block,3,+16572052346,robocall,1,0,,phone_rule,us-ftc-robocall-daily
+13214775498,Robocall,block,3,+13214775498,robocall,1,0,,phone_rule,us-ftc-robocall-daily
+15745000026,Robocall,block,3,+15745000026,robocall,1,0,,phone_rule,us-ftc-robocall-daily
+19839993715,Robocall,block,3,+19839993715,robocall,1,0,,phone_rule,us-ftc-robocall-daily
+14809944201,Robocall,block,3,+14809944201,robocall,1,0,,phone_rule,us-ftc-robocall-daily
+16614648542,Robocall,block,3,+16614648542,robocall,1,0,,phone_rule,us-ftc-robocall-daily
+13013011100,Robocall,block,3,+13013011100,robocall,1,0,,phone_rule,us-ftc-robocall-daily
+14092093278,Robocall,block,3,+14092093278,robocall,1,0,,phone_rule,us-ftc-robocall-daily
+16508827796,Robocall,block,3,+16508827796,robocall,1,0,,phone_rule,us-ftc-robocall-daily
+14692038008,Robocall,block,3,+14692038008,robocall,1,0,,phone_rule,us-ftc-robocall-daily
+17372010995,Robocall,block,3,+17372010995,robocall,1,0,,phone_rule,us-ftc-robocall-daily
+18774481402,Robocall,block,3,+18774481402,robocall,1,0,,phone_rule,us-ftc-robocall-daily
+14702939597,Robocall,block,3,+14702939597,robocall,1,0,,phone_rule,us-ftc-robocall-daily
+13527124563,Robocall,block,3,+13527124563,robocall,1,0,,phone_rule,us-ftc-robocall-daily
+17579704786,Robocall,block,3,+17579704786,robocall,1,0,,phone_rule,us-ftc-robocall-daily
+18332342904,Robocall,block,3,+18332342904,robocall,1,0,,phone_rule,us-ftc-robocall-daily
+14092857448,Robocall,block,3,+14092857448,robocall,1,0,,phone_rule,us-ftc-robocall-daily
+18564998968,Robocall,block,3,+18564998968,robocall,1,0,,phone_rule,us-ftc-robocall-daily
+15129904291,Robocall,block,3,+15129904291,robocall,1,0,,phone_rule,us-ftc-robocall-daily
+12163004144,Robocall,block,3,+12163004144,robocall,1,0,,phone_rule,us-ftc-robocall-daily
+15419070068,Robocall,block,3,+15419070068,robocall,1,0,,phone_rule,us-ftc-robocall-daily
+19283610865,Robocall,block,3,+19283610865,robocall,1,0,,phone_rule,us-ftc-robocall-daily
+16576083218,Robocall,block,3,+16576083218,robocall,1,0,,phone_rule,us-ftc-robocall-daily
+15076207292,Robocall,block,3,+15076207292,robocall,1,0,,phone_rule,us-ftc-robocall-daily
+18563862651,Robocall,block,3,+18563862651,robocall,1,0,,phone_rule,us-ftc-robocall-daily
+19285259080,Robocall,block,3,+19285259080,robocall,1,0,,phone_rule,us-ftc-robocall-daily
+18558830649,Robocall,block,3,+18558830649,robocall,1,0,,phone_rule,us-ftc-robocall-daily
+13012613426,Robocall,block,3,+13012613426,robocall,1,0,,phone_rule,us-ftc-robocall-daily
+15129308568,Robocall,block,3,+15129308568,robocall,1,0,,phone_rule,us-ftc-robocall-daily
+14697938100,Robocall,block,3,+14697938100,robocall,1,0,,phone_rule,us-ftc-robocall-daily
+16159673213,Robocall,block,3,+16159673213,robocall,1,0,,phone_rule,us-ftc-robocall-daily
+18015760996,Robocall,block,3,+18015760996,robocall,1,0,,phone_rule,us-ftc-robocall-daily
+18332397200,Robocall,block,3,+18332397200,robocall,1,0,,phone_rule,us-ftc-robocall-daily
+19382171596,Robocall,block,3,+19382171596,robocall,1,0,,phone_rule,us-ftc-robocall-daily
+13609246816,Robocall,block,3,+13609246816,robocall,1,0,,phone_rule,us-ftc-robocall-daily
+19284579289,Robocall,block,3,+19284579289,robocall,1,0,,phone_rule,us-ftc-robocall-daily
+17088857433,Robocall,block,3,+17088857433,robocall,1,0,,phone_rule,us-ftc-robocall-daily
+18337963965,Robocall,block,3,+18337963965,robocall,1,0,,phone_rule,us-ftc-robocall-daily
+18777320317,Robocall,block,3,+18777320317,robocall,1,0,,phone_rule,us-ftc-robocall-daily
+18556704028,Robocall,block,3,+18556704028,robocall,1,0,,phone_rule,us-ftc-robocall-daily
+18886335127,Robocall,block,3,+18886335127,robocall,1,0,,phone_rule,us-ftc-robocall-daily
+14174325920,Robocall,block,3,+14174325920,robocall,1,0,,phone_rule,us-ftc-robocall-daily
+12405601263,Robocall,block,3,+12405601263,robocall,1,0,,phone_rule,us-ftc-robocall-daily
+19097123736,Robocall,block,3,+19097123736,robocall,1,0,,phone_rule,us-ftc-robocall-daily
+14345689327,Robocall,block,3,+14345689327,robocall,1,0,,phone_rule,us-ftc-robocall-daily
+18556927725,Robocall,block,3,+18556927725,robocall,1,0,,phone_rule,us-ftc-robocall-daily
+18882694550,Robocall,block,3,+18882694550,robocall,1,0,,phone_rule,us-ftc-robocall-daily
+18012291698,Robocall,block,3,+18012291698,robocall,1,0,,phone_rule,us-ftc-robocall-daily
+17403028431,Robocall,block,3,+17403028431,robocall,1,0,,phone_rule,us-ftc-robocall-daily
+16202158108,Robocall,block,3,+16202158108,robocall,1,0,,phone_rule,us-ftc-robocall-daily
+18255982890,Robocall,block,3,+18255982890,robocall,1,0,,phone_rule,us-ftc-robocall-daily
+15127473791,Robocall,block,3,+15127473791,robocall,1,0,,phone_rule,us-ftc-robocall-daily
+18149999893,Robocall,block,3,+18149999893,robocall,1,0,,phone_rule,us-ftc-robocall-daily
+16035706042,Robocall,block,3,+16035706042,robocall,1,0,,phone_rule,us-ftc-robocall-daily
+14092366439,Robocall,block,3,+14092366439,robocall,1,0,,phone_rule,us-ftc-robocall-daily
+16143215178,Robocall,block,3,+16143215178,robocall,1,0,,phone_rule,us-ftc-robocall-daily
+17406752106,Robocall,block,3,+17406752106,robocall,1,0,,phone_rule,us-ftc-robocall-daily
+17707608246,Robocall,block,3,+17707608246,robocall,1,0,,phone_rule,us-ftc-robocall-daily
+18666420809,Robocall,block,3,+18666420809,robocall,1,0,,phone_rule,us-ftc-robocall-daily
+17175277875,Robocall,block,3,+17175277875,robocall,1,0,,phone_rule,us-ftc-robocall-daily
+15145343333,Robocall,block,3,+15145343333,robocall,1,0,,phone_rule,us-ftc-robocall-daily
+17022157139,Robocall,block,3,+17022157139,robocall,1,0,,phone_rule,us-ftc-robocall-daily
+15206411441,Robocall,block,3,+15206411441,robocall,1,0,,phone_rule,us-ftc-robocall-daily
+13072980381,Robocall,block,3,+13072980381,robocall,1,0,,phone_rule,us-ftc-robocall-daily
+18018107850,Robocall,block,3,+18018107850,robocall,1,0,,phone_rule,us-ftc-robocall-daily
+12105803775,Robocall,block,3,+12105803775,robocall,1,0,,phone_rule,us-ftc-robocall-daily
+17252010237,Robocall,block,3,+17252010237,robocall,1,0,,phone_rule,us-ftc-robocall-daily
+14845471925,Robocall,block,3,+14845471925,robocall,1,0,,phone_rule,us-ftc-robocall-daily
+15642642591,Robocall,block,3,+15642642591,robocall,1,0,,phone_rule,us-ftc-robocall-daily
+18662204617,Robocall,block,3,+18662204617,robocall,1,0,,phone_rule,us-ftc-robocall-daily
+15745000042,Robocall,block,3,+15745000042,robocall,1,0,,phone_rule,us-ftc-robocall-daily
+18555675912,Robocall,block,3,+18555675912,robocall,1,0,,phone_rule,us-ftc-robocall-daily
+17029411980,Robocall,block,3,+17029411980,robocall,1,0,,phone_rule,us-ftc-robocall-daily
+18775341150,Robocall,block,3,+18775341150,robocall,1,0,,phone_rule,us-ftc-robocall-daily
+15707304306,Robocall,block,3,+15707304306,robocall,1,0,,phone_rule,us-ftc-robocall-daily
+16146583720,Robocall,block,3,+16146583720,robocall,1,0,,phone_rule,us-ftc-robocall-daily
+13414418051,Robocall,block,3,+13414418051,robocall,1,0,,phone_rule,us-ftc-robocall-daily
+13342144314,Robocall,block,3,+13342144314,robocall,1,0,,phone_rule,us-ftc-robocall-daily
+17175820018,Robocall,block,3,+17175820018,robocall,1,0,,phone_rule,us-ftc-robocall-daily
+13864331859,Robocall,block,3,+13864331859,robocall,1,0,,phone_rule,us-ftc-robocall-daily
+18446043695,Robocall,block,3,+18446043695,robocall,1,0,,phone_rule,us-ftc-robocall-daily
+18667716389,Robocall,block,3,+18667716389,robocall,1,0,,phone_rule,us-ftc-robocall-daily
+16826263200,Robocall,block,3,+16826263200,robocall,1,0,,phone_rule,us-ftc-robocall-daily
+16452057117,Robocall,block,3,+16452057117,robocall,1,0,,phone_rule,us-ftc-robocall-daily
+15708753976,Robocall,block,3,+15708753976,robocall,1,0,,phone_rule,us-ftc-robocall-daily
+14697185235,Robocall,block,3,+14697185235,robocall,1,0,,phone_rule,us-ftc-robocall-daily
+14092366656,Robocall,block,3,+14092366656,robocall,1,0,,phone_rule,us-ftc-robocall-daily
+14232995313,Robocall,block,3,+14232995313,robocall,1,0,,phone_rule,us-ftc-robocall-daily
+18507543930,Robocall,block,3,+18507543930,robocall,1,0,,phone_rule,us-ftc-robocall-daily
+15168475960,Robocall,block,3,+15168475960,robocall,1,0,,phone_rule,us-ftc-robocall-daily
+18338109672,Robocall,block,3,+18338109672,robocall,1,0,,phone_rule,us-ftc-robocall-daily
+18335481549,Robocall,block,3,+18335481549,robocall,1,0,,phone_rule,us-ftc-robocall-daily
+12247223662,Robocall,block,3,+12247223662,robocall,1,0,,phone_rule,us-ftc-robocall-daily
+19106953922,Robocall,block,3,+19106953922,robocall,1,0,,phone_rule,us-ftc-robocall-daily
+18103710154,Robocall,block,3,+18103710154,robocall,1,0,,phone_rule,us-ftc-robocall-daily
+18777687812,Robocall,block,3,+18777687812,robocall,1,0,,phone_rule,us-ftc-robocall-daily
+15127885320,Robocall,block,3,+15127885320,robocall,1,0,,phone_rule,us-ftc-robocall-daily
+12515720534,Robocall,block,3,+12515720534,robocall,1,0,,phone_rule,us-ftc-robocall-daily
+14013072826,Robocall,block,3,+14013072826,robocall,1,0,,phone_rule,us-ftc-robocall-daily
+13649009409,Robocall,block,3,+13649009409,robocall,1,0,,phone_rule,us-ftc-robocall-daily
+14387030793,Robocall,block,3,+14387030793,robocall,1,0,,phone_rule,us-ftc-robocall-daily
+17578275684,Robocall,block,3,+17578275684,robocall,1,0,,phone_rule,us-ftc-robocall-daily
+17324902451,Robocall,block,3,+17324902451,robocall,1,0,,phone_rule,us-ftc-robocall-daily
+14698135046,Robocall,block,3,+14698135046,robocall,1,0,,phone_rule,us-ftc-robocall-daily
+15126103237,Robocall,block,3,+15126103237,robocall,1,0,,phone_rule,us-ftc-robocall-daily
+14696913470,Robocall,block,3,+14696913470,robocall,1,0,,phone_rule,us-ftc-robocall-daily
+12818539941,Robocall,block,3,+12818539941,robocall,1,0,,phone_rule,us-ftc-robocall-daily
+17473208909,Robocall,block,3,+17473208909,robocall,1,0,,phone_rule,us-ftc-robocall-daily
+19382429065,Robocall,block,3,+19382429065,robocall,1,0,,phone_rule,us-ftc-robocall-daily
+17712220194,Robocall,block,3,+17712220194,robocall,1,0,,phone_rule,us-ftc-robocall-daily
+18883690915,Robocall,block,3,+18883690915,robocall,1,0,,phone_rule,us-ftc-robocall-daily
+12814537286,Robocall,block,3,+12814537286,robocall,1,0,,phone_rule,us-ftc-robocall-daily
+18775341074,Robocall,block,3,+18775341074,robocall,1,0,,phone_rule,us-ftc-robocall-daily
+18653380195,Robocall,block,3,+18653380195,robocall,1,0,,phone_rule,us-ftc-robocall-daily
+18336699962,Robocall,block,3,+18336699962,robocall,1,0,,phone_rule,us-ftc-robocall-daily
+12249311314,Robocall,block,3,+12249311314,robocall,1,0,,phone_rule,us-ftc-robocall-daily
+19739227995,Robocall,block,3,+19739227995,robocall,1,0,,phone_rule,us-ftc-robocall-daily
+19542505419,Robocall,block,3,+19542505419,robocall,1,0,,phone_rule,us-ftc-robocall-daily
+18324298319,Robocall,block,3,+18324298319,robocall,1,0,,phone_rule,us-ftc-robocall-daily
+18774700468,Robocall,block,3,+18774700468,robocall,1,0,,phone_rule,us-ftc-robocall-daily
+17377571940,Robocall,block,3,+17377571940,robocall,1,0,,phone_rule,us-ftc-robocall-daily
+12696956613,Robocall,block,3,+12696956613,robocall,1,0,,phone_rule,us-ftc-robocall-daily
+14095156827,Robocall,block,3,+14095156827,robocall,1,0,,phone_rule,us-ftc-robocall-daily
+13343578180,Robocall,block,3,+13343578180,robocall,1,0,,phone_rule,us-ftc-robocall-daily
+18333539174,Robocall,block,3,+18333539174,robocall,1,0,,phone_rule,us-ftc-robocall-daily
+12312939045,Robocall,block,3,+12312939045,robocall,1,0,,phone_rule,us-ftc-robocall-daily
+18449581684,Robocall,block,3,+18449581684,robocall,1,0,,phone_rule,us-ftc-robocall-daily
+18337667139,Robocall,block,3,+18337667139,robocall,1,0,,phone_rule,us-ftc-robocall-daily
+13094200707,Robocall,block,3,+13094200707,robocall,1,0,,phone_rule,us-ftc-robocall-daily
+18337609432,Robocall,block,3,+18337609432,robocall,1,0,,phone_rule,us-ftc-robocall-daily
+15078160906,Robocall,block,3,+15078160906,robocall,1,0,,phone_rule,us-ftc-robocall-daily
+13852009217,Robocall,block,3,+13852009217,robocall,1,0,,phone_rule,us-ftc-robocall-daily
+17609132049,Robocall,block,3,+17609132049,robocall,1,0,,phone_rule,us-ftc-robocall-daily
+19015829335,Robocall,block,3,+19015829335,robocall,1,0,,phone_rule,us-ftc-robocall-daily
+12164358589,Robocall,block,3,+12164358589,robocall,1,0,,phone_rule,us-ftc-robocall-daily
+12018854699,Robocall,block,3,+12018854699,robocall,1,0,,phone_rule,us-ftc-robocall-daily
+12104465894,Robocall,block,3,+12104465894,robocall,1,0,,phone_rule,us-ftc-robocall-daily
+18035253308,Robocall,block,3,+18035253308,robocall,1,0,,phone_rule,us-ftc-robocall-daily
+16828163305,Robocall,block,3,+16828163305,robocall,1,0,,phone_rule,us-ftc-robocall-daily
+18334403708,Robocall,block,3,+18334403708,robocall,1,0,,phone_rule,us-ftc-robocall-daily
+19517831878,Robocall,block,3,+19517831878,robocall,1,0,,phone_rule,us-ftc-robocall-daily
+14702939825,Robocall,block,3,+14702939825,robocall,1,0,,phone_rule,us-ftc-robocall-daily
+15512809919,Robocall,block,3,+15512809919,robocall,1,0,,phone_rule,us-ftc-robocall-daily
+12567785207,Robocall,block,3,+12567785207,robocall,1,0,,phone_rule,us-ftc-robocall-daily
+19793043684,Robocall,block,3,+19793043684,robocall,1,0,,phone_rule,us-ftc-robocall-daily
+15705972172,Robocall,block,3,+15705972172,robocall,1,0,,phone_rule,us-ftc-robocall-daily
+14074397406,Robocall,block,3,+14074397406,robocall,1,0,,phone_rule,us-ftc-robocall-daily
+12563580360,Robocall,block,3,+12563580360,robocall,1,0,,phone_rule,us-ftc-robocall-daily
+16149534973,Robocall,block,3,+16149534973,robocall,1,0,,phone_rule,us-ftc-robocall-daily
+19366576948,Robocall,block,3,+19366576948,robocall,1,0,,phone_rule,us-ftc-robocall-daily
+18333776591,Robocall,block,3,+18333776591,robocall,1,0,,phone_rule,us-ftc-robocall-daily
+18449585665,Robocall,block,3,+18449585665,robocall,1,0,,phone_rule,us-ftc-robocall-daily
+12512167669,Robocall,block,3,+12512167669,robocall,1,0,,phone_rule,us-ftc-robocall-daily
+12483976722,Robocall,block,3,+12483976722,robocall,1,0,,phone_rule,us-ftc-robocall-daily
+12676578715,Robocall,block,3,+12676578715,robocall,1,0,,phone_rule,us-ftc-robocall-daily
+14095456827,Robocall,block,3,+14095456827,robocall,1,0,,phone_rule,us-ftc-robocall-daily
+12193731018,Robocall,block,3,+12193731018,robocall,1,0,,phone_rule,us-ftc-robocall-daily
+18663424704,Robocall,block,3,+18663424704,robocall,1,0,,phone_rule,us-ftc-robocall-daily
+19516184164,Robocall,block,3,+19516184164,robocall,1,0,,phone_rule,us-ftc-robocall-daily
+17813181910,Robocall,block,3,+17813181910,robocall,1,0,,phone_rule,us-ftc-robocall-daily
+18333735216,Robocall,block,3,+18333735216,robocall,1,0,,phone_rule,us-ftc-robocall-daily
+16142764044,Robocall,block,3,+16142764044,robocall,1,0,,phone_rule,us-ftc-robocall-daily
+15302319633,Robocall,block,3,+15302319633,robocall,1,0,,phone_rule,us-ftc-robocall-daily
+19128887869,Robocall,block,3,+19128887869,robocall,1,0,,phone_rule,us-ftc-robocall-daily
+18006215016,Robocall,block,3,+18006215016,robocall,1,0,,phone_rule,us-ftc-robocall-daily
+19785994438,Robocall,block,3,+19785994438,robocall,1,0,,phone_rule,us-ftc-robocall-daily
+15134400631,Robocall,block,3,+15134400631,robocall,1,0,,phone_rule,us-ftc-robocall-daily
+18336534168,Robocall,block,3,+18336534168,robocall,1,0,,phone_rule,us-ftc-robocall-daily
+14045955493,Robocall,block,3,+14045955493,robocall,1,0,,phone_rule,us-ftc-robocall-daily
+14092099461,Robocall,block,3,+14092099461,robocall,1,0,,phone_rule,us-ftc-robocall-daily
+12512725369,Robocall,block,3,+12512725369,robocall,1,0,,phone_rule,us-ftc-robocall-daily
+19144363769,Robocall,block,3,+19144363769,robocall,1,0,,phone_rule,us-ftc-robocall-daily
+18012159043,Robocall,block,3,+18012159043,robocall,1,0,,phone_rule,us-ftc-robocall-daily
+16145080781,Robocall,block,3,+16145080781,robocall,1,0,,phone_rule,us-ftc-robocall-daily
+18774700415,Robocall,block,3,+18774700415,robocall,1,0,,phone_rule,us-ftc-robocall-daily
+16393164911,Robocall,block,3,+16393164911,robocall,1,0,,phone_rule,us-ftc-robocall-daily
+14322205890,Robocall,block,3,+14322205890,robocall,1,0,,phone_rule,us-ftc-robocall-daily
+17144610840,Robocall,block,3,+17144610840,robocall,1,0,,phone_rule,us-ftc-robocall-daily
+13522808181,Robocall,block,3,+13522808181,robocall,1,0,,phone_rule,us-ftc-robocall-daily
+15043615531,Robocall,block,3,+15043615531,robocall,1,0,,phone_rule,us-ftc-robocall-daily
+13107597557,Robocall,block,3,+13107597557,robocall,1,0,,phone_rule,us-ftc-robocall-daily
+16626548402,Robocall,block,3,+16626548402,robocall,1,0,,phone_rule,us-ftc-robocall-daily
+13267327067,Robocall,block,3,+13267327067,robocall,1,0,,phone_rule,us-ftc-robocall-daily
+19804799124,Robocall,block,3,+19804799124,robocall,1,0,,phone_rule,us-ftc-robocall-daily
+18772360765,Robocall,block,3,+18772360765,robocall,1,0,,phone_rule,us-ftc-robocall-daily
+18335482212,Robocall,block,3,+18335482212,robocall,1,0,,phone_rule,us-ftc-robocall-daily
+18336315234,Robocall,block,3,+18336315234,robocall,1,0,,phone_rule,us-ftc-robocall-daily
+18774980489,Robocall,block,3,+18774980489,robocall,1,0,,phone_rule,us-ftc-robocall-daily
+14096002243,Robocall,block,3,+14096002243,robocall,1,0,,phone_rule,us-ftc-robocall-daily
+15745000108,Robocall,block,3,+15745000108,robocall,1,0,,phone_rule,us-ftc-robocall-daily
+18777821323,Robocall,block,3,+18777821323,robocall,1,0,,phone_rule,us-ftc-robocall-daily
+16144254380,Robocall,block,3,+16144254380,robocall,1,0,,phone_rule,us-ftc-robocall-daily
+17193191200,Robocall,block,3,+17193191200,robocall,1,0,,phone_rule,us-ftc-robocall-daily
+15052331658,Robocall,block,3,+15052331658,robocall,1,0,,phone_rule,us-ftc-robocall-daily
+16232917283,Robocall,block,3,+16232917283,robocall,1,0,,phone_rule,us-ftc-robocall-daily
+18553753765,Robocall,block,3,+18553753765,robocall,1,0,,phone_rule,us-ftc-robocall-daily
+17349991915,Robocall,block,3,+17349991915,robocall,1,0,,phone_rule,us-ftc-robocall-daily
+13153503001,Robocall,block,3,+13153503001,robocall,1,0,,phone_rule,us-ftc-robocall-daily
+13038570927,Robocall,block,3,+13038570927,robocall,1,0,,phone_rule,us-ftc-robocall-daily
+13523208181,Robocall,block,3,+13523208181,robocall,1,0,,phone_rule,us-ftc-robocall-daily
+12163451829,Robocall,block,3,+12163451829,robocall,1,0,,phone_rule,us-ftc-robocall-daily
+16465767714,Robocall,block,3,+16465767714,robocall,1,0,,phone_rule,us-ftc-robocall-daily
+19342144998,Robocall,block,3,+19342144998,robocall,1,0,,phone_rule,us-ftc-robocall-daily
+16514857647,Robocall,block,3,+16514857647,robocall,1,0,,phone_rule,us-ftc-robocall-daily
+15128199190,Robocall,block,3,+15128199190,robocall,1,0,,phone_rule,us-ftc-robocall-daily
+18339384268,Robocall,block,3,+18339384268,robocall,1,0,,phone_rule,us-ftc-robocall-daily
+18446422481,Robocall,block,3,+18446422481,robocall,1,0,,phone_rule,us-ftc-robocall-daily
+17029057658,Robocall,block,3,+17029057658,robocall,1,0,,phone_rule,us-ftc-robocall-daily
+17087081760,Robocall,block,3,+17087081760,robocall,1,0,,phone_rule,us-ftc-robocall-daily
+18775499611,Robocall,block,3,+18775499611,robocall,1,0,,phone_rule,us-ftc-robocall-daily
+19184051079,Robocall,block,3,+19184051079,robocall,1,0,,phone_rule,us-ftc-robocall-daily
+14693265229,Robocall,block,3,+14693265229,robocall,1,0,,phone_rule,us-ftc-robocall-daily
+19034324207,Robocall,block,3,+19034324207,robocall,1,0,,phone_rule,us-ftc-robocall-daily
+17055169757,Robocall,block,3,+17055169757,robocall,1,0,,phone_rule,us-ftc-robocall-daily
+18775340604,Robocall,block,3,+18775340604,robocall,1,0,,phone_rule,us-ftc-robocall-daily
+18569941103,Robocall,block,3,+18569941103,robocall,1,0,,phone_rule,us-ftc-robocall-daily
+19414482033,Robocall,block,3,+19414482033,robocall,1,0,,phone_rule,us-ftc-robocall-daily
+13368520346,Robocall,block,3,+13368520346,robocall,1,0,,phone_rule,us-ftc-robocall-daily
+19093303624,Robocall,block,3,+19093303624,robocall,1,0,,phone_rule,us-ftc-robocall-daily
+14156855410,Robocall,block,3,+14156855410,robocall,1,0,,phone_rule,us-ftc-robocall-daily
+17165764263,Robocall,block,3,+17165764263,robocall,1,0,,phone_rule,us-ftc-robocall-daily
+12052027330,Robocall,block,3,+12052027330,robocall,1,0,,phone_rule,us-ftc-robocall-daily
+18332845836,Robocall,block,3,+18332845836,robocall,1,0,,phone_rule,us-ftc-robocall-daily
+19102274597,Robocall,block,3,+19102274597,robocall,1,0,,phone_rule,us-ftc-robocall-daily
+18153151777,Robocall,block,3,+18153151777,robocall,1,0,,phone_rule,us-ftc-robocall-daily
+18172317392,Robocall,block,3,+18172317392,robocall,1,0,,phone_rule,us-ftc-robocall-daily
+18888600052,Robocall,block,3,+18888600052,robocall,1,0,,phone_rule,us-ftc-robocall-daily
+15206066174,Robocall,block,3,+15206066174,robocall,1,0,,phone_rule,us-ftc-robocall-daily
+12814696540,Robocall,block,3,+12814696540,robocall,1,0,,phone_rule,us-ftc-robocall-daily
+19044358952,Robocall,block,3,+19044358952,robocall,1,0,,phone_rule,us-ftc-robocall-daily
+16303484354,Robocall,block,3,+16303484354,robocall,1,0,,phone_rule,us-ftc-robocall-daily
+13144709722,Robocall,block,3,+13144709722,robocall,1,0,,phone_rule,us-ftc-robocall-daily
+19016985567,Robocall,block,3,+19016985567,robocall,1,0,,phone_rule,us-ftc-robocall-daily
+15204732344,Robocall,block,3,+15204732344,robocall,1,0,,phone_rule,us-ftc-robocall-daily
+18557951339,Robocall,block,3,+18557951339,robocall,1,0,,phone_rule,us-ftc-robocall-daily
+18049451227,Robocall,block,3,+18049451227,robocall,1,0,,phone_rule,us-ftc-robocall-daily
+18884641358,Robocall,block,3,+18884641358,robocall,1,0,,phone_rule,us-ftc-robocall-daily
+16467292079,Robocall,block,3,+16467292079,robocall,1,0,,phone_rule,us-ftc-robocall-daily
+16187178184,Robocall,block,3,+16187178184,robocall,1,0,,phone_rule,us-ftc-robocall-daily
+12157555399,Robocall,block,3,+12157555399,robocall,1,0,,phone_rule,us-ftc-robocall-daily
+17572012911,Robocall,block,3,+17572012911,robocall,1,0,,phone_rule,us-ftc-robocall-daily
+16315260218,Robocall,block,3,+16315260218,robocall,1,0,,phone_rule,us-ftc-robocall-daily
+15206572804,Robocall,block,3,+15206572804,robocall,1,0,,phone_rule,us-ftc-robocall-daily
+15619565907,Robocall,block,3,+15619565907,robocall,1,0,,phone_rule,us-ftc-robocall-daily
+17578195919,Robocall,block,3,+17578195919,robocall,1,0,,phone_rule,us-ftc-robocall-daily
+12623316174,Robocall,block,3,+12623316174,robocall,1,0,,phone_rule,us-ftc-robocall-daily
+17722447129,Robocall,block,3,+17722447129,robocall,1,0,,phone_rule,us-ftc-robocall-daily
+18555800698,Robocall,block,3,+18555800698,robocall,1,0,,phone_rule,us-ftc-robocall-daily
+14342973160,Robocall,block,3,+14342973160,robocall,1,0,,phone_rule,us-ftc-robocall-daily
+18665724305,Robocall,block,3,+18665724305,robocall,1,0,,phone_rule,us-ftc-robocall-daily
+18332741021,Robocall,block,3,+18332741021,robocall,1,0,,phone_rule,us-ftc-robocall-daily
+12022703271,Robocall,block,3,+12022703271,robocall,1,0,,phone_rule,us-ftc-robocall-daily
+18064600780,Robocall,block,3,+18064600780,robocall,1,0,,phone_rule,us-ftc-robocall-daily
+16134569765,Robocall,block,3,+16134569765,robocall,1,0,,phone_rule,us-ftc-robocall-daily
+13143967733,Robocall,block,3,+13143967733,robocall,1,0,,phone_rule,us-ftc-robocall-daily
+13364831514,Robocall,block,3,+13364831514,robocall,1,0,,phone_rule,us-ftc-robocall-daily
+19842562359,Robocall,block,3,+19842562359,robocall,1,0,,phone_rule,us-ftc-robocall-daily
+16206261359,Robocall,block,3,+16206261359,robocall,1,0,,phone_rule,us-ftc-robocall-daily
+19108698345,Robocall,block,3,+19108698345,robocall,1,0,,phone_rule,us-ftc-robocall-daily
+12104263970,Robocall,block,3,+12104263970,robocall,1,0,,phone_rule,us-ftc-robocall-daily
+18447241708,Robocall,block,3,+18447241708,robocall,1,0,,phone_rule,us-ftc-robocall-daily
+19103025602,Robocall,block,3,+19103025602,robocall,1,0,,phone_rule,us-ftc-robocall-daily
+14346248636,Robocall,block,3,+14346248636,robocall,1,0,,phone_rule,us-ftc-robocall-daily
+18332286011,Robocall,block,3,+18332286011,robocall,1,0,,phone_rule,us-ftc-robocall-daily
+19034998743,Robocall,block,3,+19034998743,robocall,1,0,,phone_rule,us-ftc-robocall-daily
+17606427599,Robocall,block,3,+17606427599,robocall,1,0,,phone_rule,us-ftc-robocall-daily
+18552892516,Robocall,block,3,+18552892516,robocall,1,0,,phone_rule,us-ftc-robocall-daily
+18882856057,Robocall,block,3,+18882856057,robocall,1,0,,phone_rule,us-ftc-robocall-daily
+18335413771,Robocall,block,3,+18335413771,robocall,1,0,,phone_rule,us-ftc-robocall-daily
+16265611525,Robocall,block,3,+16265611525,robocall,1,0,,phone_rule,us-ftc-robocall-daily
+15053349377,Robocall,block,3,+15053349377,robocall,1,0,,phone_rule,us-ftc-robocall-daily
+17027289405,Robocall,block,3,+17027289405,robocall,1,0,,phone_rule,us-ftc-robocall-daily
+17406284258,Robocall,block,3,+17406284258,robocall,1,0,,phone_rule,us-ftc-robocall-daily
+17042265433,Robocall,block,3,+17042265433,robocall,1,0,,phone_rule,us-ftc-robocall-daily
+19102925976,Robocall,block,3,+19102925976,robocall,1,0,,phone_rule,us-ftc-robocall-daily
+17343862033,Robocall,block,3,+17343862033,robocall,1,0,,phone_rule,us-ftc-robocall-daily
+18663233586,Robocall,block,3,+18663233586,robocall,1,0,,phone_rule,us-ftc-robocall-daily
+19284727246,Robocall,block,3,+19284727246,robocall,1,0,,phone_rule,us-ftc-robocall-daily
+17734081933,Robocall,block,3,+17734081933,robocall,1,0,,phone_rule,us-ftc-robocall-daily
+13087269819,Robocall,block,3,+13087269819,robocall,1,0,,phone_rule,us-ftc-robocall-daily
+18883104513,Robocall,block,3,+18883104513,robocall,1,0,,phone_rule,us-ftc-robocall-daily
+12095912896,Robocall,block,3,+12095912896,robocall,1,0,,phone_rule,us-ftc-robocall-daily
+18663231770,Robocall,block,3,+18663231770,robocall,1,0,,phone_rule,us-ftc-robocall-daily
+14057648581,Robocall,block,3,+14057648581,robocall,1,0,,phone_rule,us-ftc-robocall-daily
+19295071322,Robocall,block,3,+19295071322,robocall,1,0,,phone_rule,us-ftc-robocall-daily
+12818177615,Robocall,block,3,+12818177615,robocall,1,0,,phone_rule,us-ftc-robocall-daily
+16468742340,Robocall,block,3,+16468742340,robocall,1,0,,phone_rule,us-ftc-robocall-daily
+18017318603,Robocall,block,3,+18017318603,robocall,1,0,,phone_rule,us-ftc-robocall-daily
+18667715919,Robocall,block,3,+18667715919,robocall,1,0,,phone_rule,us-ftc-robocall-daily
+17252205072,Robocall,block,3,+17252205072,robocall,1,0,,phone_rule,us-ftc-robocall-daily
+13035264908,Robocall,block,3,+13035264908,robocall,1,0,,phone_rule,us-ftc-robocall-daily
+17012894290,Robocall,block,3,+17012894290,robocall,1,0,,phone_rule,us-ftc-robocall-daily
+16806885447,Robocall,block,3,+16806885447,robocall,1,0,,phone_rule,us-ftc-robocall-daily
+13082204054,Robocall,block,3,+13082204054,robocall,1,0,,phone_rule,us-ftc-robocall-daily
+16312685810,Robocall,block,3,+16312685810,robocall,1,0,,phone_rule,us-ftc-robocall-daily
+15642134499,Robocall,block,3,+15642134499,robocall,1,0,,phone_rule,us-ftc-robocall-daily
+13164530026,Robocall,block,3,+13164530026,robocall,1,0,,phone_rule,us-ftc-robocall-daily
+18282207786,Robocall,block,3,+18282207786,robocall,1,0,,phone_rule,us-ftc-robocall-daily
+18019634532,Robocall,block,3,+18019634532,robocall,1,0,,phone_rule,us-ftc-robocall-daily
+19107393544,Robocall,block,3,+19107393544,robocall,1,0,,phone_rule,us-ftc-robocall-daily
+13235866178,Robocall,block,3,+13235866178,robocall,1,0,,phone_rule,us-ftc-robocall-daily
+18338551035,Robocall,block,3,+18338551035,robocall,1,0,,phone_rule,us-ftc-robocall-daily
+12813788281,Robocall,block,3,+12813788281,robocall,1,0,,phone_rule,us-ftc-robocall-daily
+19083605933,Robocall,block,3,+19083605933,robocall,1,0,,phone_rule,us-ftc-robocall-daily
+17163067354,Robocall,block,3,+17163067354,robocall,1,0,,phone_rule,us-ftc-robocall-daily
+18553572042,Robocall,block,3,+18553572042,robocall,1,0,,phone_rule,us-ftc-robocall-daily
+12548441766,Robocall,block,3,+12548441766,robocall,1,0,,phone_rule,us-ftc-robocall-daily
+13082840075,Robocall,block,3,+13082840075,robocall,1,0,,phone_rule,us-ftc-robocall-daily
+18018231429,Robocall,block,3,+18018231429,robocall,1,0,,phone_rule,us-ftc-robocall-daily
+18472815434,Robocall,block,3,+18472815434,robocall,1,0,,phone_rule,us-ftc-robocall-daily
+19087108016,Robocall,block,3,+19087108016,robocall,1,0,,phone_rule,us-ftc-robocall-daily
+16572255919,Robocall,block,3,+16572255919,robocall,1,0,,phone_rule,us-ftc-robocall-daily
+19432322574,Robocall,block,3,+19432322574,robocall,1,0,,phone_rule,us-ftc-robocall-daily
+19102347146,Robocall,block,3,+19102347146,robocall,1,0,,phone_rule,us-ftc-robocall-daily
+19102181563,Robocall,block,3,+19102181563,robocall,1,0,,phone_rule,us-ftc-robocall-daily
+18882063389,Robocall,block,3,+18882063389,robocall,1,0,,phone_rule,us-ftc-robocall-daily
+18334238168,Robocall,block,3,+18334238168,robocall,1,0,,phone_rule,us-ftc-robocall-daily
+19849983467,Robocall,block,3,+19849983467,robocall,1,0,,phone_rule,us-ftc-robocall-daily
+13213219012,Robocall,block,3,+13213219012,robocall,1,0,,phone_rule,us-ftc-robocall-daily
+16307885332,Robocall,block,3,+16307885332,robocall,1,0,,phone_rule,us-ftc-robocall-daily
+18014107928,Robocall,block,3,+18014107928,robocall,1,0,,phone_rule,us-ftc-robocall-daily
+15746314116,Robocall,block,3,+15746314116,robocall,1,0,,phone_rule,us-ftc-robocall-daily
+19706925736,Robocall,block,3,+19706925736,robocall,1,0,,phone_rule,us-ftc-robocall-daily
+18668742369,Robocall,block,3,+18668742369,robocall,1,0,,phone_rule,us-ftc-robocall-daily
+18666156169,Robocall,block,3,+18666156169,robocall,1,0,,phone_rule,us-ftc-robocall-daily
+17279982909,Robocall,block,3,+17279982909,robocall,1,0,,phone_rule,us-ftc-robocall-daily
+15642204623,Robocall,block,3,+15642204623,robocall,1,0,,phone_rule,us-ftc-robocall-daily
+19493304558,Robocall,block,3,+19493304558,robocall,1,0,,phone_rule,us-ftc-robocall-daily
+18774700327,Robocall,block,3,+18774700327,robocall,1,0,,phone_rule,us-ftc-robocall-daily
+17152044608,Robocall,block,3,+17152044608,robocall,1,0,,phone_rule,us-ftc-robocall-daily
+19849983507,Robocall,block,3,+19849983507,robocall,1,0,,phone_rule,us-ftc-robocall-daily
+14387030582,Robocall,block,3,+14387030582,robocall,1,0,,phone_rule,us-ftc-robocall-daily
+14073770550,Robocall,block,3,+14073770550,robocall,1,0,,phone_rule,us-ftc-robocall-daily
+15409694948,Robocall,block,3,+15409694948,robocall,1,0,,phone_rule,us-ftc-robocall-daily
+13866970671,Robocall,block,3,+13866970671,robocall,1,0,,phone_rule,us-ftc-robocall-daily
+12064717082,Robocall,block,3,+12064717082,robocall,1,0,,phone_rule,us-ftc-robocall-daily
+18666403124,Robocall,block,3,+18666403124,robocall,1,0,,phone_rule,us-ftc-robocall-daily
+14106017242,Robocall,block,3,+14106017242,robocall,1,0,,phone_rule,us-ftc-robocall-daily
+12093180478,Robocall,block,3,+12093180478,robocall,1,0,,phone_rule,us-ftc-robocall-daily
+17209032899,Robocall,block,3,+17209032899,robocall,1,0,,phone_rule,us-ftc-robocall-daily
+17138792023,Robocall,block,3,+17138792023,robocall,1,0,,phone_rule,us-ftc-robocall-daily
+14088976284,Robocall,block,3,+14088976284,robocall,1,0,,phone_rule,us-ftc-robocall-daily
+14353529940,Robocall,block,3,+14353529940,robocall,1,0,,phone_rule,us-ftc-robocall-daily
+18559758433,Robocall,block,3,+18559758433,robocall,1,0,,phone_rule,us-ftc-robocall-daily
+19034104553,Robocall,block,3,+19034104553,robocall,1,0,,phone_rule,us-ftc-robocall-daily
+15302255250,Robocall,block,3,+15302255250,robocall,1,0,,phone_rule,us-ftc-robocall-daily
+18329700671,Robocall,block,3,+18329700671,robocall,1,0,,phone_rule,us-ftc-robocall-daily
+14752031063,Robocall,block,3,+14752031063,robocall,1,0,,phone_rule,us-ftc-robocall-daily
+18332953016,Robocall,block,3,+18332953016,robocall,1,0,,phone_rule,us-ftc-robocall-daily
+12535959931,Robocall,block,3,+12535959931,robocall,1,0,,phone_rule,us-ftc-robocall-daily
+19493304838,Robocall,block,3,+19493304838,robocall,1,0,,phone_rule,us-ftc-robocall-daily
+17868071847,Robocall,block,3,+17868071847,robocall,1,0,,phone_rule,us-ftc-robocall-daily
+17152554577,Robocall,block,3,+17152554577,robocall,1,0,,phone_rule,us-ftc-robocall-daily
+16204506707,Robocall,block,3,+16204506707,robocall,1,0,,phone_rule,us-ftc-robocall-daily
+18017960657,Robocall,block,3,+18017960657,robocall,1,0,,phone_rule,us-ftc-robocall-daily
+14432351702,Robocall,block,3,+14432351702,robocall,1,0,,phone_rule,us-ftc-robocall-daily
+19199103492,Robocall,block,3,+19199103492,robocall,1,0,,phone_rule,us-ftc-robocall-daily
+12762237259,Robocall,block,3,+12762237259,robocall,1,0,,phone_rule,us-ftc-robocall-daily
+12504280290,Robocall,block,3,+12504280290,robocall,1,0,,phone_rule,us-ftc-robocall-daily
+18338273808,Robocall,block,3,+18338273808,robocall,1,0,,phone_rule,us-ftc-robocall-daily
+15732241544,Robocall,block,3,+15732241544,robocall,1,0,,phone_rule,us-ftc-robocall-daily
+18447640369,Robocall,block,3,+18447640369,robocall,1,0,,phone_rule,us-ftc-robocall-daily
+15733273448,Robocall,block,3,+15733273448,robocall,1,0,,phone_rule,us-ftc-robocall-daily
+19199103459,Robocall,block,3,+19199103459,robocall,1,0,,phone_rule,us-ftc-robocall-daily
+18555744491,Robocall,block,3,+18555744491,robocall,1,0,,phone_rule,us-ftc-robocall-daily
+18664820957,Robocall,block,3,+18664820957,robocall,1,0,,phone_rule,us-ftc-robocall-daily
+18557604672,Robocall,block,3,+18557604672,robocall,1,0,,phone_rule,us-ftc-robocall-daily
+18064428353,Robocall,block,3,+18064428353,robocall,1,0,,phone_rule,us-ftc-robocall-daily
+18042721429,Robocall,block,3,+18042721429,robocall,1,0,,phone_rule,us-ftc-robocall-daily
+16203272595,Robocall,block,3,+16203272595,robocall,1,0,,phone_rule,us-ftc-robocall-daily
+18459220317,Robocall,block,3,+18459220317,robocall,1,0,,phone_rule,us-ftc-robocall-daily
+18884185366,Robocall,block,3,+18884185366,robocall,1,0,,phone_rule,us-ftc-robocall-daily
+16785493357,Robocall,block,3,+16785493357,robocall,1,0,,phone_rule,us-ftc-robocall-daily
+18597959033,Robocall,block,3,+18597959033,robocall,1,0,,phone_rule,us-ftc-robocall-daily
+17138327587,Robocall,block,3,+17138327587,robocall,1,0,,phone_rule,us-ftc-robocall-daily
+14077949377,Robocall,block,3,+14077949377,robocall,1,0,,phone_rule,us-ftc-robocall-daily
+12103469792,Robocall,block,3,+12103469792,robocall,1,0,,phone_rule,us-ftc-robocall-daily
+17139362596,Robocall,block,3,+17139362596,robocall,1,0,,phone_rule,us-ftc-robocall-daily
+16203591341,Robocall,block,3,+16203591341,robocall,1,0,,phone_rule,us-ftc-robocall-daily
+18667716557,Robocall,block,3,+18667716557,robocall,1,0,,phone_rule,us-ftc-robocall-daily
+12179155849,Robocall,block,3,+12179155849,robocall,1,0,,phone_rule,us-ftc-robocall-daily
+14503928388,Robocall,block,3,+14503928388,robocall,1,0,,phone_rule,us-ftc-robocall-daily
+15419523110,Robocall,block,3,+15419523110,robocall,1,0,,phone_rule,us-ftc-robocall-daily
+18333381279,Robocall,block,3,+18333381279,robocall,1,0,,phone_rule,us-ftc-robocall-daily
+19365463024,Robocall,block,3,+19365463024,robocall,1,0,,phone_rule,us-ftc-robocall-daily
+19036481387,Robocall,block,3,+19036481387,robocall,1,0,,phone_rule,us-ftc-robocall-daily
+18339128753,Robocall,block,3,+18339128753,robocall,1,0,,phone_rule,us-ftc-robocall-daily
+16267454624,Robocall,block,3,+16267454624,robocall,1,0,,phone_rule,us-ftc-robocall-daily
+12109853123,Robocall,block,3,+12109853123,robocall,1,0,,phone_rule,us-ftc-robocall-daily
+18172860988,Robocall,block,3,+18172860988,robocall,1,0,,phone_rule,us-ftc-robocall-daily
+12275760489,Robocall,block,3,+12275760489,robocall,1,0,,phone_rule,us-ftc-robocall-daily
+18336027429,Robocall,block,3,+18336027429,robocall,1,0,,phone_rule,us-ftc-robocall-daily
+13126326735,Robocall,block,3,+13126326735,robocall,1,0,,phone_rule,us-ftc-robocall-daily
+18556704115,Robocall,block,3,+18556704115,robocall,1,0,,phone_rule,us-ftc-robocall-daily
+18087556595,Robocall,block,3,+18087556595,robocall,1,0,,phone_rule,us-ftc-robocall-daily
+12527650199,Robocall,block,3,+12527650199,robocall,1,0,,phone_rule,us-ftc-robocall-daily
+18667116408,Robocall,block,3,+18667116408,robocall,1,0,,phone_rule,us-ftc-robocall-daily
+16192344883,Robocall,block,3,+16192344883,robocall,1,0,,phone_rule,us-ftc-robocall-daily
+18447921135,Robocall,block,3,+18447921135,robocall,1,0,,phone_rule,us-ftc-robocall-daily
+19548335948,Robocall,block,3,+19548335948,robocall,1,0,,phone_rule,us-ftc-robocall-daily
+16478736395,Robocall,block,3,+16478736395,robocall,1,0,,phone_rule,us-ftc-robocall-daily
+18165744676,Robocall,block,3,+18165744676,robocall,1,0,,phone_rule,us-ftc-robocall-daily
+12527181208,Robocall,block,3,+12527181208,robocall,1,0,,phone_rule,us-ftc-robocall-daily
+18773302863,Robocall,block,3,+18773302863,robocall,1,0,,phone_rule,us-ftc-robocall-daily
+12164837105,Robocall,block,3,+12164837105,robocall,1,0,,phone_rule,us-ftc-robocall-daily
+16318584192,Robocall,block,3,+16318584192,robocall,1,0,,phone_rule,us-ftc-robocall-daily
+12109601851,Robocall,block,3,+12109601851,robocall,1,0,,phone_rule,us-ftc-robocall-daily
+18334927559,Robocall,block,3,+18334927559,robocall,1,0,,phone_rule,us-ftc-robocall-daily
+14088971300,Robocall,block,3,+14088971300,robocall,1,0,,phone_rule,us-ftc-robocall-daily
+18663232620,Robocall,block,3,+18663232620,robocall,1,0,,phone_rule,us-ftc-robocall-daily
+19283429882,Robocall,block,3,+19283429882,robocall,1,0,,phone_rule,us-ftc-robocall-daily
+15052010607,Robocall,block,3,+15052010607,robocall,1,0,,phone_rule,us-ftc-robocall-daily
+18137363138,Robocall,block,3,+18137363138,robocall,1,0,,phone_rule,us-ftc-robocall-daily
+19498055567,Robocall,block,3,+19498055567,robocall,1,0,,phone_rule,us-ftc-robocall-daily
+15302074300,Robocall,block,3,+15302074300,robocall,1,0,,phone_rule,us-ftc-robocall-daily
+19089211386,Robocall,block,3,+19089211386,robocall,1,0,,phone_rule,us-ftc-robocall-daily
+17042333704,Robocall,block,3,+17042333704,robocall,1,0,,phone_rule,us-ftc-robocall-daily
+18777820945,Robocall,block,3,+18777820945,robocall,1,0,,phone_rule,us-ftc-robocall-daily
+12053467674,Robocall,block,3,+12053467674,robocall,1,0,,phone_rule,us-ftc-robocall-daily
+18137219286,Robocall,block,3,+18137219286,robocall,1,0,,phone_rule,us-ftc-robocall-daily
+17135653869,Robocall,block,3,+17135653869,robocall,1,0,,phone_rule,us-ftc-robocall-daily
+14134212270,Robocall,block,3,+14134212270,robocall,1,0,,phone_rule,us-ftc-robocall-daily
+19103025827,Robocall,block,3,+19103025827,robocall,1,0,,phone_rule,us-ftc-robocall-daily
+16309489899,Robocall,block,3,+16309489899,robocall,1,0,,phone_rule,us-ftc-robocall-daily
+18338088970,Robocall,block,3,+18338088970,robocall,1,0,,phone_rule,us-ftc-robocall-daily
+18022846301,Robocall,block,3,+18022846301,robocall,1,0,,phone_rule,us-ftc-robocall-daily
+18135439700,Robocall,block,3,+18135439700,robocall,1,0,,phone_rule,us-ftc-robocall-daily
+18447241709,Robocall,block,3,+18447241709,robocall,1,0,,phone_rule,us-ftc-robocall-daily
+12109647333,Robocall,block,3,+12109647333,robocall,1,0,,phone_rule,us-ftc-robocall-daily
+12234238590,Robocall,block,3,+12234238590,robocall,1,0,,phone_rule,us-ftc-robocall-daily
+17042669128,Robocall,block,3,+17042669128,robocall,1,0,,phone_rule,us-ftc-robocall-daily
+18668593792,Robocall,block,3,+18668593792,robocall,1,0,,phone_rule,us-ftc-robocall-daily
+18285196261,Robocall,block,3,+18285196261,robocall,1,0,,phone_rule,us-ftc-robocall-daily
+17147802631,Robocall,block,3,+17147802631,robocall,1,0,,phone_rule,us-ftc-robocall-daily
+19852821280,Robocall,block,3,+19852821280,robocall,1,0,,phone_rule,us-ftc-robocall-daily
+17183605432,Robocall,block,3,+17183605432,robocall,1,0,,phone_rule,us-ftc-robocall-daily
+13855384082,Robocall,block,3,+13855384082,robocall,1,0,,phone_rule,us-ftc-robocall-daily
+17176816910,Robocall,block,3,+17176816910,robocall,1,0,,phone_rule,us-ftc-robocall-daily
+19103025507,Robocall,block,3,+19103025507,robocall,1,0,,phone_rule,us-ftc-robocall-daily
+14705169875,Robocall,block,3,+14705169875,robocall,1,0,,phone_rule,us-ftc-robocall-daily
+15633551492,Robocall,block,3,+15633551492,robocall,1,0,,phone_rule,us-ftc-robocall-daily
+18054779111,Robocall,block,3,+18054779111,robocall,1,0,,phone_rule,us-ftc-robocall-daily
+18888083583,Robocall,block,3,+18888083583,robocall,1,0,,phone_rule,us-ftc-robocall-daily
+18176060727,Robocall,block,3,+18176060727,robocall,1,0,,phone_rule,us-ftc-robocall-daily
+18445486706,Robocall,block,3,+18445486706,robocall,1,0,,phone_rule,us-ftc-robocall-daily
+18035678670,Robocall,block,3,+18035678670,robocall,1,0,,phone_rule,us-ftc-robocall-daily
+14152230191,Robocall,block,3,+14152230191,robocall,1,0,,phone_rule,us-ftc-robocall-daily
+18502539795,Robocall,block,3,+18502539795,robocall,1,0,,phone_rule,us-ftc-robocall-daily
+13236732864,Robocall,block,3,+13236732864,robocall,1,0,,phone_rule,us-ftc-robocall-daily
+19849983890,Robocall,block,3,+19849983890,robocall,1,0,,phone_rule,us-ftc-robocall-daily
+19108783983,Robocall,block,3,+19108783983,robocall,1,0,,phone_rule,us-ftc-robocall-daily
+17712717485,Robocall,block,3,+17712717485,robocall,1,0,,phone_rule,us-ftc-robocall-daily
+15053900514,Robocall,block,3,+15053900514,robocall,1,0,,phone_rule,us-ftc-robocall-daily
+14153388901,Robocall,block,3,+14153388901,robocall,1,0,,phone_rule,us-ftc-robocall-daily
+12527126965,Robocall,block,3,+12527126965,robocall,1,0,,phone_rule,us-ftc-robocall-daily
+12105239890,Robocall,block,3,+12105239890,robocall,1,0,,phone_rule,us-ftc-robocall-daily
+18555503042,Robocall,block,3,+18555503042,robocall,1,0,,phone_rule,us-ftc-robocall-daily
+18285795727,Robocall,block,3,+18285795727,robocall,1,0,,phone_rule,us-ftc-robocall-daily
+16099388773,Robocall,block,3,+16099388773,robocall,1,0,,phone_rule,us-ftc-robocall-daily
+18885025881,Robocall,block,3,+18885025881,robocall,1,0,,phone_rule,us-ftc-robocall-daily
+17473309261,Robocall,block,3,+17473309261,robocall,1,0,,phone_rule,us-ftc-robocall-daily
+19108618405,Robocall,block,3,+19108618405,robocall,1,0,,phone_rule,us-ftc-robocall-daily
+15066992360,Robocall,block,3,+15066992360,robocall,1,0,,phone_rule,us-ftc-robocall-daily
+18444571050,Robocall,block,3,+18444571050,robocall,1,0,,phone_rule,us-ftc-robocall-daily
+15715730111,Robocall,block,3,+15715730111,robocall,1,0,,phone_rule,us-ftc-robocall-daily
+15302042458,Robocall,block,3,+15302042458,robocall,1,0,,phone_rule,us-ftc-robocall-daily
+15089360775,Robocall,block,3,+15089360775,robocall,1,0,,phone_rule,us-ftc-robocall-daily
+19103025724,Robocall,block,3,+19103025724,robocall,1,0,,phone_rule,us-ftc-robocall-daily
+13852970806,Robocall,block,3,+13852970806,robocall,1,0,,phone_rule,us-ftc-robocall-daily
+18305820176,Robocall,block,3,+18305820176,robocall,1,0,,phone_rule,us-ftc-robocall-daily
+14152512861,Robocall,block,3,+14152512861,robocall,1,0,,phone_rule,us-ftc-robocall-daily
+19107196952,Robocall,block,3,+19107196952,robocall,1,0,,phone_rule,us-ftc-robocall-daily
+18109538774,Robocall,block,3,+18109538774,robocall,1,0,,phone_rule,us-ftc-robocall-daily
+12767771411,Robocall,block,3,+12767771411,robocall,1,0,,phone_rule,us-ftc-robocall-daily
+12525893451,Robocall,block,3,+12525893451,robocall,1,0,,phone_rule,us-ftc-robocall-daily
+18776811594,Robocall,block,3,+18776811594,robocall,1,0,,phone_rule,us-ftc-robocall-daily
+18623216331,Robocall,block,3,+18623216331,robocall,1,0,,phone_rule,us-ftc-robocall-daily
+17864041842,Robocall,block,3,+17864041842,robocall,1,0,,phone_rule,us-ftc-robocall-daily
+18882507027,Robocall,block,3,+18882507027,robocall,1,0,,phone_rule,us-ftc-robocall-daily
+13217850287,Robocall,block,3,+13217850287,robocall,1,0,,phone_rule,us-ftc-robocall-daily
+12162938148,Robocall,block,3,+12162938148,robocall,1,0,,phone_rule,us-ftc-robocall-daily
+19804613921,Robocall,block,3,+19804613921,robocall,1,0,,phone_rule,us-ftc-robocall-daily
+19737983709,Robocall,block,3,+19737983709,robocall,1,0,,phone_rule,us-ftc-robocall-daily
+14056967375,Robocall,block,3,+14056967375,robocall,1,0,,phone_rule,us-ftc-robocall-daily
+18663394979,Robocall,block,3,+18663394979,robocall,1,0,,phone_rule,us-ftc-robocall-daily
+18054630165,Robocall,block,3,+18054630165,robocall,1,0,,phone_rule,us-ftc-robocall-daily
+12272304927,Robocall,block,3,+12272304927,robocall,1,0,,phone_rule,us-ftc-robocall-daily
+13049151181,Robocall,block,3,+13049151181,robocall,1,0,,phone_rule,us-ftc-robocall-daily
+19845103626,Robocall,block,3,+19845103626,robocall,1,0,,phone_rule,us-ftc-robocall-daily
+19718005335,Robocall,block,3,+19718005335,robocall,1,0,,phone_rule,us-ftc-robocall-daily
+18446043762,Robocall,block,3,+18446043762,robocall,1,0,,phone_rule,us-ftc-robocall-daily
+19142976260,Robocall,block,3,+19142976260,robocall,1,0,,phone_rule,us-ftc-robocall-daily
+12314509872,Robocall,block,3,+12314509872,robocall,1,0,,phone_rule,us-ftc-robocall-daily
+15755922688,Robocall,block,3,+15755922688,robocall,1,0,,phone_rule,us-ftc-robocall-daily
+19108451468,Robocall,block,3,+19108451468,robocall,1,0,,phone_rule,us-ftc-robocall-daily
+15018426150,Robocall,block,3,+15018426150,robocall,1,0,,phone_rule,us-ftc-robocall-daily
+19058299815,Robocall,block,3,+19058299815,robocall,1,0,,phone_rule,us-ftc-robocall-daily
+15177170354,Robocall,block,3,+15177170354,robocall,1,0,,phone_rule,us-ftc-robocall-daily
+17173262899,Robocall,block,3,+17173262899,robocall,1,0,,phone_rule,us-ftc-robocall-daily
+18776811220,Robocall,block,3,+18776811220,robocall,1,0,,phone_rule,us-ftc-robocall-daily
+14196998722,Robocall,block,3,+14196998722,robocall,1,0,,phone_rule,us-ftc-robocall-daily
+18175236932,Robocall,block,3,+18175236932,robocall,1,0,,phone_rule,us-ftc-robocall-daily
+18104260476,Robocall,block,3,+18104260476,robocall,1,0,,phone_rule,us-ftc-robocall-daily
+18392448264,Robocall,block,3,+18392448264,robocall,1,0,,phone_rule,us-ftc-robocall-daily
+15733276552,Robocall,block,3,+15733276552,robocall,1,0,,phone_rule,us-ftc-robocall-daily
+12679067445,Robocall,block,3,+12679067445,robocall,1,0,,phone_rule,us-ftc-robocall-daily
+18664990966,Robocall,block,3,+18664990966,robocall,1,0,,phone_rule,us-ftc-robocall-daily
+14105875978,Robocall,block,3,+14105875978,robocall,1,0,,phone_rule,us-ftc-robocall-daily
+18108816164,Robocall,block,3,+18108816164,robocall,1,0,,phone_rule,us-ftc-robocall-daily
+18337958416,Robocall,block,3,+18337958416,robocall,1,0,,phone_rule,us-ftc-robocall-daily
+15753120648,Robocall,block,3,+15753120648,robocall,1,0,,phone_rule,us-ftc-robocall-daily
+12527864987,Robocall,block,3,+12527864987,robocall,1,0,,phone_rule,us-ftc-robocall-daily
+16137993747,Robocall,block,3,+16137993747,robocall,1,0,,phone_rule,us-ftc-robocall-daily
+16163447769,Robocall,block,3,+16163447769,robocall,1,0,,phone_rule,us-ftc-robocall-daily
+18632568193,Robocall,block,3,+18632568193,robocall,1,0,,phone_rule,us-ftc-robocall-daily
+15733286561,Robocall,block,3,+15733286561,robocall,1,0,,phone_rule,us-ftc-robocall-daily
+18723855158,Robocall,block,3,+18723855158,robocall,1,0,,phone_rule,us-ftc-robocall-daily
+18338930352,Robocall,block,3,+18338930352,robocall,1,0,,phone_rule,us-ftc-robocall-daily
+19104154063,Robocall,block,3,+19104154063,robocall,1,0,,phone_rule,us-ftc-robocall-daily
+18136398444,Robocall,block,3,+18136398444,robocall,1,0,,phone_rule,us-ftc-robocall-daily
+19095062562,Robocall,block,3,+19095062562,robocall,1,0,,phone_rule,us-ftc-robocall-daily
+19805388590,Robocall,block,3,+19805388590,robocall,1,0,,phone_rule,us-ftc-robocall-daily
+18779610810,Robocall,block,3,+18779610810,robocall,1,0,,phone_rule,us-ftc-robocall-daily
+18559490762,Robocall,block,3,+18559490762,robocall,1,0,,phone_rule,us-ftc-robocall-daily
+18772923422,Robocall,block,3,+18772923422,robocall,1,0,,phone_rule,us-ftc-robocall-daily
+19739378285,Robocall,block,3,+19739378285,robocall,1,0,,phone_rule,us-ftc-robocall-daily
+15028628947,Robocall,block,3,+15028628947,robocall,1,0,,phone_rule,us-ftc-robocall-daily
+18133479446,Robocall,block,3,+18133479446,robocall,1,0,,phone_rule,us-ftc-robocall-daily
+16478950868,Robocall,block,3,+16478950868,robocall,1,0,,phone_rule,us-ftc-robocall-daily
+19722442255,Robocall,block,3,+19722442255,robocall,1,0,,phone_rule,us-ftc-robocall-daily
+19752022755,Robocall,block,3,+19752022755,robocall,1,0,,phone_rule,us-ftc-robocall-daily
+14083549128,Robocall,block,3,+14083549128,robocall,1,0,,phone_rule,us-ftc-robocall-daily
+17346005087,Robocall,block,3,+17346005087,robocall,1,0,,phone_rule,us-ftc-robocall-daily
+17728420741,Robocall,block,3,+17728420741,robocall,1,0,,phone_rule,us-ftc-robocall-daily
+13073341549,Robocall,block,3,+13073341549,robocall,1,0,,phone_rule,us-ftc-robocall-daily
+13362237855,Robocall,block,3,+13362237855,robocall,1,0,,phone_rule,us-ftc-robocall-daily
+17604105968,Robocall,block,3,+17604105968,robocall,1,0,,phone_rule,us-ftc-robocall-daily
+12047894413,Robocall,block,3,+12047894413,robocall,1,0,,phone_rule,us-ftc-robocall-daily
+18139645975,Robocall,block,3,+18139645975,robocall,1,0,,phone_rule,us-ftc-robocall-daily
+15014510390,Robocall,block,3,+15014510390,robocall,1,0,,phone_rule,us-ftc-robocall-daily
+18017683692,Robocall,block,3,+18017683692,robocall,1,0,,phone_rule,us-ftc-robocall-daily
+12623565613,Robocall,block,3,+12623565613,robocall,1,0,,phone_rule,us-ftc-robocall-daily
+13139233087,Robocall,block,3,+13139233087,robocall,1,0,,phone_rule,us-ftc-robocall-daily
+19497925963,Robocall,block,3,+19497925963,robocall,1,0,,phone_rule,us-ftc-robocall-daily
+13149183119,Robocall,block,3,+13149183119,robocall,1,0,,phone_rule,us-ftc-robocall-daily
+13143708099,Robocall,block,3,+13143708099,robocall,1,0,,phone_rule,us-ftc-robocall-daily
+18557111900,Robocall,block,3,+18557111900,robocall,1,0,,phone_rule,us-ftc-robocall-daily
+13032764106,Robocall,block,3,+13032764106,robocall,1,0,,phone_rule,us-ftc-robocall-daily
+18136592182,Robocall,block,3,+18136592182,robocall,1,0,,phone_rule,us-ftc-robocall-daily
+17076067774,Robocall,block,3,+17076067774,robocall,1,0,,phone_rule,us-ftc-robocall-daily
+16303949722,Robocall,block,3,+16303949722,robocall,1,0,,phone_rule,us-ftc-robocall-daily
+19283618685,Robocall,block,3,+19283618685,robocall,1,0,,phone_rule,us-ftc-robocall-daily
+14085859145,Robocall,block,3,+14085859145,robocall,1,0,,phone_rule,us-ftc-robocall-daily
+18666015717,Robocall,block,3,+18666015717,robocall,1,0,,phone_rule,us-ftc-robocall-daily
+17432867499,Robocall,block,3,+17432867499,robocall,1,0,,phone_rule,us-ftc-robocall-daily
+18776898723,Robocall,block,3,+18776898723,robocall,1,0,,phone_rule,us-ftc-robocall-daily
+18198924012,Robocall,block,3,+18198924012,robocall,1,0,,phone_rule,us-ftc-robocall-daily
+15204388708,Robocall,block,3,+15204388708,robocall,1,0,,phone_rule,us-ftc-robocall-daily
+16616898987,Robocall,block,3,+16616898987,robocall,1,0,,phone_rule,us-ftc-robocall-daily
+13267586456,Robocall,block,3,+13267586456,robocall,1,0,,phone_rule,us-ftc-robocall-daily
+19498055310,Robocall,block,3,+19498055310,robocall,1,0,,phone_rule,us-ftc-robocall-daily
+19379890613,Robocall,block,3,+19379890613,robocall,1,0,,phone_rule,us-ftc-robocall-daily
+17868491078,Robocall,block,3,+17868491078,robocall,1,0,,phone_rule,us-ftc-robocall-daily
+12263220697,Robocall,block,3,+12263220697,robocall,1,0,,phone_rule,us-ftc-robocall-daily
+12505858758,Robocall,block,3,+12505858758,robocall,1,0,,phone_rule,us-ftc-robocall-daily
+19366576867,Robocall,block,3,+19366576867,robocall,1,0,,phone_rule,us-ftc-robocall-daily
+19082811379,Robocall,block,3,+19082811379,robocall,1,0,,phone_rule,us-ftc-robocall-daily
+15206827553,Robocall,block,3,+15206827553,robocall,1,0,,phone_rule,us-ftc-robocall-daily
+14177358407,Robocall,block,3,+14177358407,robocall,1,0,,phone_rule,us-ftc-robocall-daily
+19704599728,Robocall,block,3,+19704599728,robocall,1,0,,phone_rule,us-ftc-robocall-daily
+14434647507,Robocall,block,3,+14434647507,robocall,1,0,,phone_rule,us-ftc-robocall-daily
+13867320068,Robocall,block,3,+13867320068,robocall,1,0,,phone_rule,us-ftc-robocall-daily
+17074136234,Robocall,block,3,+17074136234,robocall,1,0,,phone_rule,us-ftc-robocall-daily
+12679174627,Robocall,block,3,+12679174627,robocall,1,0,,phone_rule,us-ftc-robocall-daily
+18559275851,Robocall,block,3,+18559275851,robocall,1,0,,phone_rule,us-ftc-robocall-daily
+17862167048,Robocall,block,3,+17862167048,robocall,1,0,,phone_rule,us-ftc-robocall-daily
+18777882712,Robocall,block,3,+18777882712,robocall,1,0,,phone_rule,us-ftc-robocall-daily
+12258371841,Robocall,block,3,+12258371841,robocall,1,0,,phone_rule,us-ftc-robocall-daily
+18723636390,Robocall,block,3,+18723636390,robocall,1,0,,phone_rule,us-ftc-robocall-daily
+18337421805,Robocall,block,3,+18337421805,robocall,1,0,,phone_rule,us-ftc-robocall-daily
+19082361426,Robocall,block,3,+19082361426,robocall,1,0,,phone_rule,us-ftc-robocall-daily
+18667695506,Robocall,block,3,+18667695506,robocall,1,0,,phone_rule,us-ftc-robocall-daily
+18456304373,Robocall,block,3,+18456304373,robocall,1,0,,phone_rule,us-ftc-robocall-daily
+13023870569,Robocall,block,3,+13023870569,robocall,1,0,,phone_rule,us-ftc-robocall-daily
+18185927782,Robocall,block,3,+18185927782,robocall,1,0,,phone_rule,us-ftc-robocall-daily
+15075544939,Robocall,block,3,+15075544939,robocall,1,0,,phone_rule,us-ftc-robocall-daily
+13214103020,Robocall,block,3,+13214103020,robocall,1,0,,phone_rule,us-ftc-robocall-daily
+12253619520,Robocall,block,3,+12253619520,robocall,1,0,,phone_rule,us-ftc-robocall-daily
+17862635261,Robocall,block,3,+17862635261,robocall,1,0,,phone_rule,us-ftc-robocall-daily
+18559402450,Robocall,block,3,+18559402450,robocall,1,0,,phone_rule,us-ftc-robocall-daily
+14242390846,Robocall,block,3,+14242390846,robocall,1,0,,phone_rule,us-ftc-robocall-daily
+16207654859,Robocall,block,3,+16207654859,robocall,1,0,,phone_rule,us-ftc-robocall-daily
+18662735944,Robocall,block,3,+18662735944,robocall,1,0,,phone_rule,us-ftc-robocall-daily
+13034971074,Robocall,block,3,+13034971074,robocall,1,0,,phone_rule,us-ftc-robocall-daily
+18187461096,Robocall,block,3,+18187461096,robocall,1,0,,phone_rule,us-ftc-robocall-daily
+14693062463,Robocall,block,3,+14693062463,robocall,1,0,,phone_rule,us-ftc-robocall-daily
+16145738438,Robocall,block,3,+16145738438,robocall,1,0,,phone_rule,us-ftc-robocall-daily
+13039848485,Robocall,block,3,+13039848485,robocall,1,0,,phone_rule,us-ftc-robocall-daily
+18572038014,Robocall,block,3,+18572038014,robocall,1,0,,phone_rule,us-ftc-robocall-daily
+18889356423,Robocall,block,3,+18889356423,robocall,1,0,,phone_rule,us-ftc-robocall-daily
+18554274682,Robocall,block,3,+18554274682,robocall,1,0,,phone_rule,us-ftc-robocall-daily
+19084375277,Robocall,block,3,+19084375277,robocall,1,0,,phone_rule,us-ftc-robocall-daily
+15106812272,Robocall,block,3,+15106812272,robocall,1,0,,phone_rule,us-ftc-robocall-daily
+17196745795,Robocall,block,3,+17196745795,robocall,1,0,,phone_rule,us-ftc-robocall-daily
+15203349571,Robocall,block,3,+15203349571,robocall,1,0,,phone_rule,us-ftc-robocall-daily
+13232854260,Robocall,block,3,+13232854260,robocall,1,0,,phone_rule,us-ftc-robocall-daily
+15624434347,Robocall,block,3,+15624434347,robocall,1,0,,phone_rule,us-ftc-robocall-daily
+17623669568,Robocall,block,3,+17623669568,robocall,1,0,,phone_rule,us-ftc-robocall-daily
+13184471928,Robocall,block,3,+13184471928,robocall,1,0,,phone_rule,us-ftc-robocall-daily
+18777821468,Robocall,block,3,+18777821468,robocall,1,0,,phone_rule,us-ftc-robocall-daily
+17027090061,Robocall,block,3,+17027090061,robocall,1,0,,phone_rule,us-ftc-robocall-daily
+18138246570,Robocall,block,3,+18138246570,robocall,1,0,,phone_rule,us-ftc-robocall-daily
+19709824550,Robocall,block,3,+19709824550,robocall,1,0,,phone_rule,us-ftc-robocall-daily
+15205575742,Robocall,block,3,+15205575742,robocall,1,0,,phone_rule,us-ftc-robocall-daily
+15102016203,Robocall,block,3,+15102016203,robocall,1,0,,phone_rule,us-ftc-robocall-daily
+13152156858,Robocall,block,3,+13152156858,robocall,1,0,,phone_rule,us-ftc-robocall-daily
+19852877303,Robocall,block,3,+19852877303,robocall,1,0,,phone_rule,us-ftc-robocall-daily
+18447241490,Robocall,block,3,+18447241490,robocall,1,0,,phone_rule,us-ftc-robocall-daily
+12816479371,Robocall,block,3,+12816479371,robocall,1,0,,phone_rule,us-ftc-robocall-daily
+15023349565,Robocall,block,3,+15023349565,robocall,1,0,,phone_rule,us-ftc-robocall-daily
+19177088443,Robocall,block,3,+19177088443,robocall,1,0,,phone_rule,us-ftc-robocall-daily
+13608550943,Robocall,block,3,+13608550943,robocall,1,0,,phone_rule,us-ftc-robocall-daily
+13864494751,Robocall,block,3,+13864494751,robocall,1,0,,phone_rule,us-ftc-robocall-daily
+15138128535,Robocall,block,3,+15138128535,robocall,1,0,,phone_rule,us-ftc-robocall-daily
+13369107937,Robocall,block,3,+13369107937,robocall,1,0,,phone_rule,us-ftc-robocall-daily
+12093367454,Robocall,block,3,+12093367454,robocall,1,0,,phone_rule,us-ftc-robocall-daily
+17622679512,Robocall,block,3,+17622679512,robocall,1,0,,phone_rule,us-ftc-robocall-daily
+18555503024,Robocall,block,3,+18555503024,robocall,1,0,,phone_rule,us-ftc-robocall-daily
+16162608648,Robocall,block,3,+16162608648,robocall,1,0,,phone_rule,us-ftc-robocall-daily
+19714790155,Robocall,block,3,+19714790155,robocall,1,0,,phone_rule,us-ftc-robocall-daily
+12178637310,Robocall,block,3,+12178637310,robocall,1,0,,phone_rule,us-ftc-robocall-daily
+13522048806,Robocall,block,3,+13522048806,robocall,1,0,,phone_rule,us-ftc-robocall-daily
+16267726945,Robocall,block,3,+16267726945,robocall,1,0,,phone_rule,us-ftc-robocall-daily
+14044183176,Robocall,block,3,+14044183176,robocall,1,0,,phone_rule,us-ftc-robocall-daily
+18045991855,Robocall,block,3,+18045991855,robocall,1,0,,phone_rule,us-ftc-robocall-daily
+18884409162,Robocall,block,3,+18884409162,robocall,1,0,,phone_rule,us-ftc-robocall-daily
+18652095218,Robocall,block,3,+18652095218,robocall,1,0,,phone_rule,us-ftc-robocall-daily
+14038985411,Robocall,block,3,+14038985411,robocall,1,0,,phone_rule,us-ftc-robocall-daily
+19432748829,Robocall,block,3,+19432748829,robocall,1,0,,phone_rule,us-ftc-robocall-daily
+13438861107,Robocall,block,3,+13438861107,robocall,1,0,,phone_rule,us-ftc-robocall-daily
+17086945721,Robocall,block,3,+17086945721,robocall,1,0,,phone_rule,us-ftc-robocall-daily
+16398215016,Robocall,block,3,+16398215016,robocall,1,0,,phone_rule,us-ftc-robocall-daily
+18447163164,Robocall,block,3,+18447163164,robocall,1,0,,phone_rule,us-ftc-robocall-daily
+12816942930,Robocall,block,3,+12816942930,robocall,1,0,,phone_rule,us-ftc-robocall-daily
+18453229549,Robocall,block,3,+18453229549,robocall,1,0,,phone_rule,us-ftc-robocall-daily
+17086621731,Robocall,block,3,+17086621731,robocall,1,0,,phone_rule,us-ftc-robocall-daily
+12725293193,Robocall,block,3,+12725293193,robocall,1,0,,phone_rule,us-ftc-robocall-daily
+18887163715,Robocall,block,3,+18887163715,robocall,1,0,,phone_rule,us-ftc-robocall-daily
+14388891155,Robocall,block,3,+14388891155,robocall,1,0,,phone_rule,us-ftc-robocall-daily
+12134299717,Robocall,block,3,+12134299717,robocall,1,0,,phone_rule,us-ftc-robocall-daily
+18554470085,Robocall,block,3,+18554470085,robocall,1,0,,phone_rule,us-ftc-robocall-daily
+19293648375,Robocall,block,3,+19293648375,robocall,1,0,,phone_rule,us-ftc-robocall-daily
+19565817123,Robocall,block,3,+19565817123,robocall,1,0,,phone_rule,us-ftc-robocall-daily
+18447920101,Robocall,block,3,+18447920101,robocall,1,0,,phone_rule,us-ftc-robocall-daily
+18339364716,Robocall,block,3,+18339364716,robocall,1,0,,phone_rule,us-ftc-robocall-daily
+14043747844,Robocall,block,3,+14043747844,robocall,1,0,,phone_rule,us-ftc-robocall-daily
+18887177503,Robocall,block,3,+18887177503,robocall,1,0,,phone_rule,us-ftc-robocall-daily
+18337775769,Robocall,block,3,+18337775769,robocall,1,0,,phone_rule,us-ftc-robocall-daily
+17083607105,Robocall,block,3,+17083607105,robocall,1,0,,phone_rule,us-ftc-robocall-daily
+14704749832,Robocall,block,3,+14704749832,robocall,1,0,,phone_rule,us-ftc-robocall-daily
+16034503588,Robocall,block,3,+16034503588,robocall,1,0,,phone_rule,us-ftc-robocall-daily
+17862048700,Robocall,block,3,+17862048700,robocall,1,0,,phone_rule,us-ftc-robocall-daily
+17155456370,Robocall,block,3,+17155456370,robocall,1,0,,phone_rule,us-ftc-robocall-daily
+17344799095,Robocall,block,3,+17344799095,robocall,1,0,,phone_rule,us-ftc-robocall-daily
+17082519316,Robocall,block,3,+17082519316,robocall,1,0,,phone_rule,us-ftc-robocall-daily
+18774961715,Robocall,block,3,+18774961715,robocall,1,0,,phone_rule,us-ftc-robocall-daily
+15054058012,Robocall,block,3,+15054058012,robocall,1,0,,phone_rule,us-ftc-robocall-daily
+18665485525,Robocall,block,3,+18665485525,robocall,1,0,,phone_rule,us-ftc-robocall-daily
+18334403704,Robocall,block,3,+18334403704,robocall,1,0,,phone_rule,us-ftc-robocall-daily
+17602598450,Robocall,block,3,+17602598450,robocall,1,0,,phone_rule,us-ftc-robocall-daily
+18002752273,Robocall,block,3,+18002752273,robocall,1,0,,phone_rule,us-ftc-robocall-daily
+12818019154,Robocall,block,3,+12818019154,robocall,1,0,,phone_rule,us-ftc-robocall-daily
+18778798366,Robocall,block,3,+18778798366,robocall,1,0,,phone_rule,us-ftc-robocall-daily
+18212147646,Robocall,block,3,+18212147646,robocall,1,0,,phone_rule,us-ftc-robocall-daily
+12676499323,Robocall,block,3,+12676499323,robocall,1,0,,phone_rule,us-ftc-robocall-daily
+18888340346,Robocall,block,3,+18888340346,robocall,1,0,,phone_rule,us-ftc-robocall-daily
+18339422702,Robocall,block,3,+18339422702,robocall,1,0,,phone_rule,us-ftc-robocall-daily
+17085364869,Robocall,block,3,+17085364869,robocall,1,0,,phone_rule,us-ftc-robocall-daily
+18339670730,Robocall,block,3,+18339670730,robocall,1,0,,phone_rule,us-ftc-robocall-daily
+14099436934,Robocall,block,3,+14099436934,robocall,1,0,,phone_rule,us-ftc-robocall-daily
+18446043920,Robocall,block,3,+18446043920,robocall,1,0,,phone_rule,us-ftc-robocall-daily
+15024800616,Robocall,block,3,+15024800616,robocall,1,0,,phone_rule,us-ftc-robocall-daily
+18335753271,Robocall,block,3,+18335753271,robocall,1,0,,phone_rule,us-ftc-robocall-daily
+17088032962,Robocall,block,3,+17088032962,robocall,1,0,,phone_rule,us-ftc-robocall-daily
+18336563800,Robocall,block,3,+18336563800,robocall,1,0,,phone_rule,us-ftc-robocall-daily
+19713287394,Robocall,block,3,+19713287394,robocall,1,0,,phone_rule,us-ftc-robocall-daily
+12029150959,Robocall,block,3,+12029150959,robocall,1,0,,phone_rule,us-ftc-robocall-daily
+14097991696,Robocall,block,3,+14097991696,robocall,1,0,,phone_rule,us-ftc-robocall-daily
+18446040918,Robocall,block,3,+18446040918,robocall,1,0,,phone_rule,us-ftc-robocall-daily
+14315000760,Robocall,block,3,+14315000760,robocall,1,0,,phone_rule,us-ftc-robocall-daily
+12704941195,Robocall,block,3,+12704941195,robocall,1,0,,phone_rule,us-ftc-robocall-daily
+19493269891,Robocall,block,3,+19493269891,robocall,1,0,,phone_rule,us-ftc-robocall-daily
+16096977872,Robocall,block,3,+16096977872,robocall,1,0,,phone_rule,us-ftc-robocall-daily
+17086978312,Robocall,block,3,+17086978312,robocall,1,0,,phone_rule,us-ftc-robocall-daily
+13373043186,Robocall,block,3,+13373043186,robocall,1,0,,phone_rule,us-ftc-robocall-daily
+18773068290,Robocall,block,3,+18773068290,robocall,1,0,,phone_rule,us-ftc-robocall-daily
+15108382844,Robocall,block,3,+15108382844,robocall,1,0,,phone_rule,us-ftc-robocall-daily
+14844491407,Robocall,block,3,+14844491407,robocall,1,0,,phone_rule,us-ftc-robocall-daily
+18155000081,Robocall,block,3,+18155000081,robocall,1,0,,phone_rule,us-ftc-robocall-daily
+14092744586,Robocall,block,3,+14092744586,robocall,1,0,,phone_rule,us-ftc-robocall-daily
+17704101755,Robocall,block,3,+17704101755,robocall,1,0,,phone_rule,us-ftc-robocall-daily
+18663424344,Robocall,block,3,+18663424344,robocall,1,0,,phone_rule,us-ftc-robocall-daily
+17075909714,Robocall,block,3,+17075909714,robocall,1,0,,phone_rule,us-ftc-robocall-daily
+17085364810,Robocall,block,3,+17085364810,robocall,1,0,,phone_rule,us-ftc-robocall-daily
+19858709461,Robocall,block,3,+19858709461,robocall,1,0,,phone_rule,us-ftc-robocall-daily
+12812704003,Robocall,block,3,+12812704003,robocall,1,0,,phone_rule,us-ftc-robocall-daily
+12152675144,Robocall,block,3,+12152675144,robocall,1,0,,phone_rule,us-ftc-robocall-daily
+18105101720,Robocall,block,3,+18105101720,robocall,1,0,,phone_rule,us-ftc-robocall-daily
+16017454840,Robocall,block,3,+16017454840,robocall,1,0,,phone_rule,us-ftc-robocall-daily
+16466243524,Robocall,block,3,+16466243524,robocall,1,0,,phone_rule,us-ftc-robocall-daily
+17083505501,Robocall,block,3,+17083505501,robocall,1,0,,phone_rule,us-ftc-robocall-daily
+12484613600,Robocall,block,3,+12484613600,robocall,1,0,,phone_rule,us-ftc-robocall-daily
+13125284213,Robocall,block,3,+13125284213,robocall,1,0,,phone_rule,us-ftc-robocall-daily
+13852750841,Robocall,block,3,+13852750841,robocall,1,0,,phone_rule,us-ftc-robocall-daily
+18024554214,Robocall,block,3,+18024554214,robocall,1,0,,phone_rule,us-ftc-robocall-daily
+19257983302,Robocall,block,3,+19257983302,robocall,1,0,,phone_rule,us-ftc-robocall-daily
+18335413661,Robocall,block,3,+18335413661,robocall,1,0,,phone_rule,us-ftc-robocall-daily
+19252716342,Robocall,block,3,+19252716342,robocall,1,0,,phone_rule,us-ftc-robocall-daily
+19493684532,Robocall,block,3,+19493684532,robocall,1,0,,phone_rule,us-ftc-robocall-daily
+12816434630,Robocall,block,3,+12816434630,robocall,1,0,,phone_rule,us-ftc-robocall-daily
+16198265673,Robocall,block,3,+16198265673,robocall,1,0,,phone_rule,us-ftc-robocall-daily
+18335509254,Robocall,block,3,+18335509254,robocall,1,0,,phone_rule,us-ftc-robocall-daily
+18335413656,Robocall,block,3,+18335413656,robocall,1,0,,phone_rule,us-ftc-robocall-daily
+18155000307,Robocall,block,3,+18155000307,robocall,1,0,,phone_rule,us-ftc-robocall-daily
+18064972345,Robocall,block,3,+18064972345,robocall,1,0,,phone_rule,us-ftc-robocall-daily
+19472250311,Robocall,block,3,+19472250311,robocall,1,0,,phone_rule,us-ftc-robocall-daily
+15024536480,Robocall,block,3,+15024536480,robocall,1,0,,phone_rule,us-ftc-robocall-daily
+18457808816,Robocall,block,3,+18457808816,robocall,1,0,,phone_rule,us-ftc-robocall-daily
+16203015146,Robocall,block,3,+16203015146,robocall,1,0,,phone_rule,us-ftc-robocall-daily
+12018779182,Robocall,block,3,+12018779182,robocall,1,0,,phone_rule,us-ftc-robocall-daily
+18503577606,Robocall,block,3,+18503577606,robocall,1,0,,phone_rule,us-ftc-robocall-daily
+12818152795,Robocall,block,3,+12818152795,robocall,1,0,,phone_rule,us-ftc-robocall-daily
+15202054056,Robocall,block,3,+15202054056,robocall,1,0,,phone_rule,us-ftc-robocall-daily
+16072008656,Robocall,block,3,+16072008656,robocall,1,0,,phone_rule,us-ftc-robocall-daily
+19037374003,Robocall,block,3,+19037374003,robocall,1,0,,phone_rule,us-ftc-robocall-daily
+19014962132,Robocall,block,3,+19014962132,robocall,1,0,,phone_rule,us-ftc-robocall-daily
+18554845793,Robocall,block,3,+18554845793,robocall,1,0,,phone_rule,us-ftc-robocall-daily
+17025370938,Robocall,block,3,+17025370938,robocall,1,0,,phone_rule,us-ftc-robocall-daily
+16157694764,Robocall,block,3,+16157694764,robocall,1,0,,phone_rule,us-ftc-robocall-daily
+15074601897,Robocall,block,3,+15074601897,robocall,1,0,,phone_rule,us-ftc-robocall-daily
+17133704081,Robocall,block,3,+17133704081,robocall,1,0,,phone_rule,us-ftc-robocall-daily
+14806353061,Robocall,block,3,+14806353061,robocall,1,0,,phone_rule,us-ftc-robocall-daily
+16603002322,Robocall,block,3,+16603002322,robocall,1,0,,phone_rule,us-ftc-robocall-daily
+18063348624,Robocall,block,3,+18063348624,robocall,1,0,,phone_rule,us-ftc-robocall-daily
+18184012147,Robocall,block,3,+18184012147,robocall,1,0,,phone_rule,us-ftc-robocall-daily
+16625259042,Robocall,block,3,+16625259042,robocall,1,0,,phone_rule,us-ftc-robocall-daily
+18554942252,Robocall,block,3,+18554942252,robocall,1,0,,phone_rule,us-ftc-robocall-daily
+19803721259,Robocall,block,3,+19803721259,robocall,1,0,,phone_rule,us-ftc-robocall-daily
+17824554173,Robocall,block,3,+17824554173,robocall,1,0,,phone_rule,us-ftc-robocall-daily
+19254300375,Robocall,block,3,+19254300375,robocall,1,0,,phone_rule,us-ftc-robocall-daily
+12674199697,Robocall,block,3,+12674199697,robocall,1,0,,phone_rule,us-ftc-robocall-daily
+16193675269,Robocall,block,3,+16193675269,robocall,1,0,,phone_rule,us-ftc-robocall-daily
+15088049730,Robocall,block,3,+15088049730,robocall,1,0,,phone_rule,us-ftc-robocall-daily
+16602275887,Robocall,block,3,+16602275887,robocall,1,0,,phone_rule,us-ftc-robocall-daily
+14352899117,Robocall,block,3,+14352899117,robocall,1,0,,phone_rule,us-ftc-robocall-daily
+15023609956,Robocall,block,3,+15023609956,robocall,1,0,,phone_rule,us-ftc-robocall-daily
+15513605232,Robocall,block,3,+15513605232,robocall,1,0,,phone_rule,us-ftc-robocall-daily
+18334401578,Robocall,block,3,+18334401578,robocall,1,0,,phone_rule,us-ftc-robocall-daily
+17733731361,Robocall,block,3,+17733731361,robocall,1,0,,phone_rule,us-ftc-robocall-daily
+12816408478,Robocall,block,3,+12816408478,robocall,1,0,,phone_rule,us-ftc-robocall-daily
+18065582010,Robocall,block,3,+18065582010,robocall,1,0,,phone_rule,us-ftc-robocall-daily
+18338244661,Robocall,block,3,+18338244661,robocall,1,0,,phone_rule,us-ftc-robocall-daily
+19037686365,Robocall,block,3,+19037686365,robocall,1,0,,phone_rule,us-ftc-robocall-daily
+16604269722,Robocall,block,3,+16604269722,robocall,1,0,,phone_rule,us-ftc-robocall-daily
+12526444471,Robocall,block,3,+12526444471,robocall,1,0,,phone_rule,us-ftc-robocall-daily
+19493546717,Robocall,block,3,+19493546717,robocall,1,0,,phone_rule,us-ftc-robocall-daily
+18138238399,Robocall,block,3,+18138238399,robocall,1,0,,phone_rule,us-ftc-robocall-daily
+16609095871,Robocall,block,3,+16609095871,robocall,1,0,,phone_rule,us-ftc-robocall-daily
+18334273561,Robocall,block,3,+18334273561,robocall,1,0,,phone_rule,us-ftc-robocall-daily
+16603664790,Robocall,block,3,+16603664790,robocall,1,0,,phone_rule,us-ftc-robocall-daily
+12817256148,Robocall,block,3,+12817256148,robocall,1,0,,phone_rule,us-ftc-robocall-daily
+18329740158,Robocall,block,3,+18329740158,robocall,1,0,,phone_rule,us-ftc-robocall-daily
+16604773693,Robocall,block,3,+16604773693,robocall,1,0,,phone_rule,us-ftc-robocall-daily
+18325291849,Robocall,block,3,+18325291849,robocall,1,0,,phone_rule,us-ftc-robocall-daily
+19037821261,Robocall,block,3,+19037821261,robocall,1,0,,phone_rule,us-ftc-robocall-daily
+18398003396,Robocall,block,3,+18398003396,robocall,1,0,,phone_rule,us-ftc-robocall-daily
+12285005580,Robocall,block,3,+12285005580,robocall,1,0,,phone_rule,us-ftc-robocall-daily
+18446043778,Robocall,block,3,+18446043778,robocall,1,0,,phone_rule,us-ftc-robocall-daily
+14402028212,Robocall,block,3,+14402028212,robocall,1,0,,phone_rule,us-ftc-robocall-daily
+15108800418,Robocall,block,3,+15108800418,robocall,1,0,,phone_rule,us-ftc-robocall-daily
+16606500399,Robocall,block,3,+16606500399,robocall,1,0,,phone_rule,us-ftc-robocall-daily
+18334217590,Robocall,block,3,+18334217590,robocall,1,0,,phone_rule,us-ftc-robocall-daily
+18335481834,Robocall,block,3,+18335481834,robocall,1,0,,phone_rule,us-ftc-robocall-daily
+13802285468,Robocall,block,3,+13802285468,robocall,1,0,,phone_rule,us-ftc-robocall-daily
+16602792174,Robocall,block,3,+16602792174,robocall,1,0,,phone_rule,us-ftc-robocall-daily
+14315000836,Robocall,block,3,+14315000836,robocall,1,0,,phone_rule,us-ftc-robocall-daily
+16478720012,Robocall,block,3,+16478720012,robocall,1,0,,phone_rule,us-ftc-robocall-daily
+18322270718,Robocall,block,3,+18322270718,robocall,1,0,,phone_rule,us-ftc-robocall-daily
+16603345247,Robocall,block,3,+16603345247,robocall,1,0,,phone_rule,us-ftc-robocall-daily
+19012014452,Robocall,block,3,+19012014452,robocall,1,0,,phone_rule,us-ftc-robocall-daily
+18329740051,Robocall,block,3,+18329740051,robocall,1,0,,phone_rule,us-ftc-robocall-daily
+19039940170,Robocall,block,3,+19039940170,robocall,1,0,,phone_rule,us-ftc-robocall-daily
+18777103489,Robocall,block,3,+18777103489,robocall,1,0,,phone_rule,us-ftc-robocall-daily
+14194069180,Robocall,block,3,+14194069180,robocall,1,0,,phone_rule,us-ftc-robocall-daily
+14032818356,Robocall,block,3,+14032818356,robocall,1,0,,phone_rule,us-ftc-robocall-daily
+16603450589,Robocall,block,3,+16603450589,robocall,1,0,,phone_rule,us-ftc-robocall-daily
+13034600170,Robocall,block,3,+13034600170,robocall,1,0,,phone_rule,us-ftc-robocall-daily
+13854658929,Robocall,block,3,+13854658929,robocall,1,0,,phone_rule,us-ftc-robocall-daily
+18558022075,Robocall,block,3,+18558022075,robocall,1,0,,phone_rule,us-ftc-robocall-daily
+15487620731,Robocall,block,3,+15487620731,robocall,1,0,,phone_rule,us-ftc-robocall-daily
+19033851681,Robocall,block,3,+19033851681,robocall,1,0,,phone_rule,us-ftc-robocall-daily
+17249810434,Robocall,block,3,+17249810434,robocall,1,0,,phone_rule,us-ftc-robocall-daily
+18446043863,Robocall,block,3,+18446043863,robocall,1,0,,phone_rule,us-ftc-robocall-daily
+19037342568,Robocall,block,3,+19037342568,robocall,1,0,,phone_rule,us-ftc-robocall-daily
+14342569512,Robocall,block,3,+14342569512,robocall,1,0,,phone_rule,us-ftc-robocall-daily
+18084750984,Robocall,block,3,+18084750984,robocall,1,0,,phone_rule,us-ftc-robocall-daily
+19014178729,Robocall,block,3,+19014178729,robocall,1,0,,phone_rule,us-ftc-robocall-daily
+16099938468,Robocall,block,3,+16099938468,robocall,1,0,,phone_rule,us-ftc-robocall-daily
+16608594097,Robocall,block,3,+16608594097,robocall,1,0,,phone_rule,us-ftc-robocall-daily
+18327399058,Robocall,block,3,+18327399058,robocall,1,0,,phone_rule,us-ftc-robocall-daily
+19072649510,Robocall,block,3,+19072649510,robocall,1,0,,phone_rule,us-ftc-robocall-daily
+15703683920,Robocall,block,3,+15703683920,robocall,1,0,,phone_rule,us-ftc-robocall-daily
+15026603319,Robocall,block,3,+15026603319,robocall,1,0,,phone_rule,us-ftc-robocall-daily
+14403401897,Robocall,block,3,+14403401897,robocall,1,0,,phone_rule,us-ftc-robocall-daily
+18554941050,Robocall,block,3,+18554941050,robocall,1,0,,phone_rule,us-ftc-robocall-daily
+14057311293,Robocall,block,3,+14057311293,robocall,1,0,,phone_rule,us-ftc-robocall-daily
+16602859806,Robocall,block,3,+16602859806,robocall,1,0,,phone_rule,us-ftc-robocall-daily
+18328622390,Robocall,block,3,+18328622390,robocall,1,0,,phone_rule,us-ftc-robocall-daily
+18702428605,Robocall,block,3,+18702428605,robocall,1,0,,phone_rule,us-ftc-robocall-daily
+14198539905,Robocall,block,3,+14198539905,robocall,1,0,,phone_rule,us-ftc-robocall-daily
+16049064684,Robocall,block,3,+16049064684,robocall,1,0,,phone_rule,us-ftc-robocall-daily
+12086888965,Robocall,block,3,+12086888965,robocall,1,0,,phone_rule,us-ftc-robocall-daily
+16602790644,Robocall,block,3,+16602790644,robocall,1,0,,phone_rule,us-ftc-robocall-daily
+14472071192,Robocall,block,3,+14472071192,robocall,1,0,,phone_rule,us-ftc-robocall-daily
+18773921632,Robocall,block,3,+18773921632,robocall,1,0,,phone_rule,us-ftc-robocall-daily
+14075956243,Robocall,block,3,+14075956243,robocall,1,0,,phone_rule,us-ftc-robocall-daily
+18889194834,Robocall,block,3,+18889194834,robocall,1,0,,phone_rule,us-ftc-robocall-daily
+19035414151,Robocall,block,3,+19035414151,robocall,1,0,,phone_rule,us-ftc-robocall-daily
+17139309499,Robocall,block,3,+17139309499,robocall,1,0,,phone_rule,us-ftc-robocall-daily
+14235777316,Robocall,block,3,+14235777316,robocall,1,0,,phone_rule,us-ftc-robocall-daily
+19129801218,Robocall,block,3,+19129801218,robocall,1,0,,phone_rule,us-ftc-robocall-daily
+14197243614,Robocall,block,3,+14197243614,robocall,1,0,,phone_rule,us-ftc-robocall-daily
+12676413646,Robocall,block,3,+12676413646,robocall,1,0,,phone_rule,us-ftc-robocall-daily
+15074874851,Robocall,block,3,+15074874851,robocall,1,0,,phone_rule,us-ftc-robocall-daily
+18326236178,Robocall,block,3,+18326236178,robocall,1,0,,phone_rule,us-ftc-robocall-daily
+18708006993,Robocall,block,3,+18708006993,robocall,1,0,,phone_rule,us-ftc-robocall-daily
+14055638479,Robocall,block,3,+14055638479,robocall,1,0,,phone_rule,us-ftc-robocall-daily
+16807899606,Robocall,block,3,+16807899606,robocall,1,0,,phone_rule,us-ftc-robocall-daily
+19377911165,Robocall,block,3,+19377911165,robocall,1,0,,phone_rule,us-ftc-robocall-daily
+17707217013,Robocall,block,3,+17707217013,robocall,1,0,,phone_rule,us-ftc-robocall-daily
+18447102958,Robocall,block,3,+18447102958,robocall,1,0,,phone_rule,us-ftc-robocall-daily
+19722712678,Robocall,block,3,+19722712678,robocall,1,0,,phone_rule,us-ftc-robocall-daily
+14195939453,Robocall,block,3,+14195939453,robocall,1,0,,phone_rule,us-ftc-robocall-daily
+12014091431,Robocall,block,3,+12014091431,robocall,1,0,,phone_rule,us-ftc-robocall-daily
+13343599757,Robocall,block,3,+13343599757,robocall,1,0,,phone_rule,us-ftc-robocall-daily
+14059064918,Robocall,block,3,+14059064918,robocall,1,0,,phone_rule,us-ftc-robocall-daily
+19497996185,Robocall,block,3,+19497996185,robocall,1,0,,phone_rule,us-ftc-robocall-daily
+16026543115,Robocall,block,3,+16026543115,robocall,1,0,,phone_rule,us-ftc-robocall-daily
+18328623637,Robocall,block,3,+18328623637,robocall,1,0,,phone_rule,us-ftc-robocall-daily
+14194519837,Robocall,block,3,+14194519837,robocall,1,0,,phone_rule,us-ftc-robocall-daily
+14176000761,Robocall,block,3,+14176000761,robocall,1,0,,phone_rule,us-ftc-robocall-daily
+19014741459,Robocall,block,3,+19014741459,robocall,1,0,,phone_rule,us-ftc-robocall-daily
+18447920810,Robocall,block,3,+18447920810,robocall,1,0,,phone_rule,us-ftc-robocall-daily
+19567272402,Robocall,block,3,+19567272402,robocall,1,0,,phone_rule,us-ftc-robocall-daily
+16812777083,Robocall,block,3,+16812777083,robocall,1,0,,phone_rule,us-ftc-robocall-daily
+13348474300,Robocall,block,3,+13348474300,robocall,1,0,,phone_rule,us-ftc-robocall-daily
+14194308964,Robocall,block,3,+14194308964,robocall,1,0,,phone_rule,us-ftc-robocall-daily
+12608565665,Robocall,block,3,+12608565665,robocall,1,0,,phone_rule,us-ftc-robocall-daily
+15208125488,Robocall,block,3,+15208125488,robocall,1,0,,phone_rule,us-ftc-robocall-daily
+12245418148,Robocall,block,3,+12245418148,robocall,1,0,,phone_rule,us-ftc-robocall-daily
+18329451271,Robocall,block,3,+18329451271,robocall,1,0,,phone_rule,us-ftc-robocall-daily
+19714172843,Robocall,block,3,+19714172843,robocall,1,0,,phone_rule,us-ftc-robocall-daily
+14245120387,Robocall,block,3,+14245120387,robocall,1,0,,phone_rule,us-ftc-robocall-daily
+12024385559,Robocall,block,3,+12024385559,robocall,1,0,,phone_rule,us-ftc-robocall-daily
+13019954825,Robocall,block,3,+13019954825,robocall,1,0,,phone_rule,us-ftc-robocall-daily
+14197243625,Robocall,block,3,+14197243625,robocall,1,0,,phone_rule,us-ftc-robocall-daily
+19013061342,Robocall,block,3,+19013061342,robocall,1,0,,phone_rule,us-ftc-robocall-daily
+12255253474,Robocall,block,3,+12255253474,robocall,1,0,,phone_rule,us-ftc-robocall-daily
+19379143446,Robocall,block,3,+19379143446,robocall,1,0,,phone_rule,us-ftc-robocall-daily
+18882888407,Robocall,block,3,+18882888407,robocall,1,0,,phone_rule,us-ftc-robocall-daily
+18564024723,Robocall,block,3,+18564024723,robocall,1,0,,phone_rule,us-ftc-robocall-daily
+14404537584,Robocall,block,3,+14404537584,robocall,1,0,,phone_rule,us-ftc-robocall-daily
+18322954819,Robocall,block,3,+18322954819,robocall,1,0,,phone_rule,us-ftc-robocall-daily
+14198539828,Robocall,block,3,+14198539828,robocall,1,0,,phone_rule,us-ftc-robocall-daily
+12156741087,Robocall,block,3,+12156741087,robocall,1,0,,phone_rule,us-ftc-robocall-daily
+18135961232,Robocall,block,3,+18135961232,robocall,1,0,,phone_rule,us-ftc-robocall-daily
+17402555058,Robocall,block,3,+17402555058,robocall,1,0,,phone_rule,us-ftc-robocall-daily
+12013407702,Robocall,block,3,+12013407702,robocall,1,0,,phone_rule,us-ftc-robocall-daily
+18447642492,Robocall,block,3,+18447642492,robocall,1,0,,phone_rule,us-ftc-robocall-daily
+18557862893,Robocall,block,3,+18557862893,robocall,1,0,,phone_rule,us-ftc-robocall-daily
+14087581965,Robocall,block,3,+14087581965,robocall,1,0,,phone_rule,us-ftc-robocall-daily
+13109218442,Robocall,block,3,+13109218442,robocall,1,0,,phone_rule,us-ftc-robocall-daily
+19016215540,Robocall,block,3,+19016215540,robocall,1,0,,phone_rule,us-ftc-robocall-daily
+14509182708,Robocall,block,3,+14509182708,robocall,1,0,,phone_rule,us-ftc-robocall-daily
+16267766957,Robocall,block,3,+16267766957,robocall,1,0,,phone_rule,us-ftc-robocall-daily
+18139122031,Robocall,block,3,+18139122031,robocall,1,0,,phone_rule,us-ftc-robocall-daily
+18736573222,Robocall,block,3,+18736573222,robocall,1,0,,phone_rule,us-ftc-robocall-daily
+12128789336,Robocall,block,3,+12128789336,robocall,1,0,,phone_rule,us-ftc-robocall-daily
+18334402500,Robocall,block,3,+18334402500,robocall,1,0,,phone_rule,us-ftc-robocall-daily
+18324787084,Robocall,block,3,+18324787084,robocall,1,0,,phone_rule,us-ftc-robocall-daily
+19188553645,Robocall,block,3,+19188553645,robocall,1,0,,phone_rule,us-ftc-robocall-daily
+14197243604,Robocall,block,3,+14197243604,robocall,1,0,,phone_rule,us-ftc-robocall-daily
+15015592443,Robocall,block,3,+15015592443,robocall,1,0,,phone_rule,us-ftc-robocall-daily
+14708462289,Robocall,block,3,+14708462289,robocall,1,0,,phone_rule,us-ftc-robocall-daily
+18776121140,Robocall,block,3,+18776121140,robocall,1,0,,phone_rule,us-ftc-robocall-daily
+13172037478,Robocall,block,3,+13172037478,robocall,1,0,,phone_rule,us-ftc-robocall-daily
+12023160110,Robocall,block,3,+12023160110,robocall,1,0,,phone_rule,us-ftc-robocall-daily
+15129201233,Robocall,block,3,+15129201233,robocall,1,0,,phone_rule,us-ftc-robocall-daily
+14076023189,Robocall,block,3,+14076023189,robocall,1,0,,phone_rule,us-ftc-robocall-daily
+14844671139,Robocall,block,3,+14844671139,robocall,1,0,,phone_rule,us-ftc-robocall-daily
+14195939442,Robocall,block,3,+14195939442,robocall,1,0,,phone_rule,us-ftc-robocall-daily
+14693060563,Robocall,block,3,+14693060563,robocall,1,0,,phone_rule,us-ftc-robocall-daily
+17249207098,Robocall,block,3,+17249207098,robocall,1,0,,phone_rule,us-ftc-robocall-daily
+18037708184,Robocall,block,3,+18037708184,robocall,1,0,,phone_rule,us-ftc-robocall-daily
+18337900777,Robocall,block,3,+18337900777,robocall,1,0,,phone_rule,us-ftc-robocall-daily
+19497576004,Robocall,block,3,+19497576004,robocall,1,0,,phone_rule,us-ftc-robocall-daily
+18668474126,Robocall,block,3,+18668474126,robocall,1,0,,phone_rule,us-ftc-robocall-daily
+14194519868,Robocall,block,3,+14194519868,robocall,1,0,,phone_rule,us-ftc-robocall-daily
+13346665502,Robocall,block,3,+13346665502,robocall,1,0,,phone_rule,us-ftc-robocall-daily
+16195971387,Robocall,block,3,+16195971387,robocall,1,0,,phone_rule,us-ftc-robocall-daily
+17657555768,Robocall,block,3,+17657555768,robocall,1,0,,phone_rule,us-ftc-robocall-daily
+18335582340,Robocall,block,3,+18335582340,robocall,1,0,,phone_rule,us-ftc-robocall-daily
+15707553636,Robocall,block,3,+15707553636,robocall,1,0,,phone_rule,us-ftc-robocall-daily
+17323485650,Robocall,block,3,+17323485650,robocall,1,0,,phone_rule,us-ftc-robocall-daily
+19156506358,Robocall,block,3,+19156506358,robocall,1,0,,phone_rule,us-ftc-robocall-daily
+19893081965,Robocall,block,3,+19893081965,robocall,1,0,,phone_rule,us-ftc-robocall-daily
+14197240177,Robocall,block,3,+14197240177,robocall,1,0,,phone_rule,us-ftc-robocall-daily
+16193699219,Robocall,block,3,+16193699219,robocall,1,0,,phone_rule,us-ftc-robocall-daily
+15595689230,Robocall,block,3,+15595689230,robocall,1,0,,phone_rule,us-ftc-robocall-daily
+13032581250,Robocall,block,3,+13032581250,robocall,1,0,,phone_rule,us-ftc-robocall-daily
+13107587292,Robocall,block,3,+13107587292,robocall,1,0,,phone_rule,us-ftc-robocall-daily
+17652469356,Robocall,block,3,+17652469356,robocall,1,0,,phone_rule,us-ftc-robocall-daily
+14193968851,Robocall,block,3,+14193968851,robocall,1,0,,phone_rule,us-ftc-robocall-daily
+18669515783,Robocall,block,3,+18669515783,robocall,1,0,,phone_rule,us-ftc-robocall-daily
+19292766174,Robocall,block,3,+19292766174,robocall,1,0,,phone_rule,us-ftc-robocall-daily
+14409839494,Robocall,block,3,+14409839494,robocall,1,0,,phone_rule,us-ftc-robocall-daily
+19432742757,Robocall,block,3,+19432742757,robocall,1,0,,phone_rule,us-ftc-robocall-daily
+12099209488,Robocall,block,3,+12099209488,robocall,1,0,,phone_rule,us-ftc-robocall-daily
+18607435255,Robocall,block,3,+18607435255,robocall,1,0,,phone_rule,us-ftc-robocall-daily
+19144294629,Robocall,block,3,+19144294629,robocall,1,0,,phone_rule,us-ftc-robocall-daily
+18446043507,Robocall,block,3,+18446043507,robocall,1,0,,phone_rule,us-ftc-robocall-daily
+19379752490,Robocall,block,3,+19379752490,robocall,1,0,,phone_rule,us-ftc-robocall-daily
+18135872746,Robocall,block,3,+18135872746,robocall,1,0,,phone_rule,us-ftc-robocall-daily
+18722530167,Robocall,block,3,+18722530167,robocall,1,0,,phone_rule,us-ftc-robocall-daily
+14198539839,Robocall,block,3,+14198539839,robocall,1,0,,phone_rule,us-ftc-robocall-daily
+17276582729,Robocall,block,3,+17276582729,robocall,1,0,,phone_rule,us-ftc-robocall-daily
+14632345208,Robocall,block,3,+14632345208,robocall,1,0,,phone_rule,us-ftc-robocall-daily
+19107079803,Robocall,block,3,+19107079803,robocall,1,0,,phone_rule,us-ftc-robocall-daily
+17602597472,Robocall,block,3,+17602597472,robocall,1,0,,phone_rule,us-ftc-robocall-daily
+17273503439,Robocall,block,3,+17273503439,robocall,1,0,,phone_rule,us-ftc-robocall-daily
+14194650434,Robocall,block,3,+14194650434,robocall,1,0,,phone_rule,us-ftc-robocall-daily
+15097021098,Robocall,block,3,+15097021098,robocall,1,0,,phone_rule,us-ftc-robocall-daily
+12542563989,Robocall,block,3,+12542563989,robocall,1,0,,phone_rule,us-ftc-robocall-daily
+17655178344,Robocall,block,3,+17655178344,robocall,1,0,,phone_rule,us-ftc-robocall-daily
+18137065259,Robocall,block,3,+18137065259,robocall,1,0,,phone_rule,us-ftc-robocall-daily
+14016817204,Robocall,block,3,+14016817204,robocall,1,0,,phone_rule,us-ftc-robocall-daily
+15097021578,Robocall,block,3,+15097021578,robocall,1,0,,phone_rule,us-ftc-robocall-daily
+17744790428,Robocall,block,3,+17744790428,robocall,1,0,,phone_rule,us-ftc-robocall-daily
+14066722474,Robocall,block,3,+14066722474,robocall,1,0,,phone_rule,us-ftc-robocall-daily
+14159521567,Robocall,block,3,+14159521567,robocall,1,0,,phone_rule,us-ftc-robocall-daily
+18009742534,Robocall,block,3,+18009742534,robocall,1,0,,phone_rule,us-ftc-robocall-daily
+14232165818,Robocall,block,3,+14232165818,robocall,1,0,,phone_rule,us-ftc-robocall-daily
+14152429095,Robocall,block,3,+14152429095,robocall,1,0,,phone_rule,us-ftc-robocall-daily
+17703783328,Robocall,block,3,+17703783328,robocall,1,0,,phone_rule,us-ftc-robocall-daily
+12065895875,Robocall,block,3,+12065895875,robocall,1,0,,phone_rule,us-ftc-robocall-daily
+14157256642,Robocall,block,3,+14157256642,robocall,1,0,,phone_rule,us-ftc-robocall-daily
+18332162733,Robocall,block,3,+18332162733,robocall,1,0,,phone_rule,us-ftc-robocall-daily
+18558055486,Robocall,block,3,+18558055486,robocall,1,0,,phone_rule,us-ftc-robocall-daily
+15642033106,Robocall,block,3,+15642033106,robocall,1,0,,phone_rule,us-ftc-robocall-daily
+14423051097,Robocall,block,3,+14423051097,robocall,1,0,,phone_rule,us-ftc-robocall-daily
+13603398457,Robocall,block,3,+13603398457,robocall,1,0,,phone_rule,us-ftc-robocall-daily
+17199927627,Robocall,block,3,+17199927627,robocall,1,0,,phone_rule,us-ftc-robocall-daily
+16263475839,Robocall,block,3,+16263475839,robocall,1,0,,phone_rule,us-ftc-robocall-daily
+18339878096,Robocall,block,3,+18339878096,robocall,1,0,,phone_rule,us-ftc-robocall-daily
+16302289659,Robocall,block,3,+16302289659,robocall,1,0,,phone_rule,us-ftc-robocall-daily
+14239394875,Robocall,block,3,+14239394875,robocall,1,0,,phone_rule,us-ftc-robocall-daily
+19497526004,Robocall,block,3,+19497526004,robocall,1,0,,phone_rule,us-ftc-robocall-daily
+19346478112,Robocall,block,3,+19346478112,robocall,1,0,,phone_rule,us-ftc-robocall-daily
+13166090623,Robocall,block,3,+13166090623,robocall,1,0,,phone_rule,us-ftc-robocall-daily
+18569429327,Robocall,block,3,+18569429327,robocall,1,0,,phone_rule,us-ftc-robocall-daily
+15097021086,Robocall,block,3,+15097021086,robocall,1,0,,phone_rule,us-ftc-robocall-daily
+18888087176,Robocall,block,3,+18888087176,robocall,1,0,,phone_rule,us-ftc-robocall-daily
+18337331541,Robocall,block,3,+18337331541,robocall,1,0,,phone_rule,us-ftc-robocall-daily
+13165424661,Robocall,block,3,+13165424661,robocall,1,0,,phone_rule,us-ftc-robocall-daily
+19516002865,Robocall,block,3,+19516002865,robocall,1,0,,phone_rule,us-ftc-robocall-daily
+17602787699,Robocall,block,3,+17602787699,robocall,1,0,,phone_rule,us-ftc-robocall-daily
+13142382552,Robocall,block,3,+13142382552,robocall,1,0,,phone_rule,us-ftc-robocall-daily
+15097021446,Robocall,block,3,+15097021446,robocall,1,0,,phone_rule,us-ftc-robocall-daily
+18555760426,Robocall,block,3,+18555760426,robocall,1,0,,phone_rule,us-ftc-robocall-daily
+16019549838,Robocall,block,3,+16019549838,robocall,1,0,,phone_rule,us-ftc-robocall-daily
+13162905153,Robocall,block,3,+13162905153,robocall,1,0,,phone_rule,us-ftc-robocall-daily
+17206740853,Robocall,block,3,+17206740853,robocall,1,0,,phone_rule,us-ftc-robocall-daily
+17147901088,Robocall,block,3,+17147901088,robocall,1,0,,phone_rule,us-ftc-robocall-daily
+14706719514,Robocall,block,3,+14706719514,robocall,1,0,,phone_rule,us-ftc-robocall-daily
+15132122672,Robocall,block,3,+15132122672,robocall,1,0,,phone_rule,us-ftc-robocall-daily
+19497998812,Robocall,block,3,+19497998812,robocall,1,0,,phone_rule,us-ftc-robocall-daily
+12623437167,Robocall,block,3,+12623437167,robocall,1,0,,phone_rule,us-ftc-robocall-daily
+17088643836,Robocall,block,3,+17088643836,robocall,1,0,,phone_rule,us-ftc-robocall-daily
+13023870299,Robocall,block,3,+13023870299,robocall,1,0,,phone_rule,us-ftc-robocall-daily
+18305327804,Robocall,block,3,+18305327804,robocall,1,0,,phone_rule,us-ftc-robocall-daily
+17179228804,Robocall,block,3,+17179228804,robocall,1,0,,phone_rule,us-ftc-robocall-daily
+18447920896,Robocall,block,3,+18447920896,robocall,1,0,,phone_rule,us-ftc-robocall-daily
+14348447446,Robocall,block,3,+14348447446,robocall,1,0,,phone_rule,us-ftc-robocall-daily
+17209703358,Robocall,block,3,+17209703358,robocall,1,0,,phone_rule,us-ftc-robocall-daily
+15206597641,Robocall,block,3,+15206597641,robocall,1,0,,phone_rule,us-ftc-robocall-daily
+12547201184,Robocall,block,3,+12547201184,robocall,1,0,,phone_rule,us-ftc-robocall-daily
+18663141797,Robocall,block,3,+18663141797,robocall,1,0,,phone_rule,us-ftc-robocall-daily
+18887570922,Robocall,block,3,+18887570922,robocall,1,0,,phone_rule,us-ftc-robocall-daily
+19017638612,Robocall,block,3,+19017638612,robocall,1,0,,phone_rule,us-ftc-robocall-daily
+17043127264,Robocall,block,3,+17043127264,robocall,1,0,,phone_rule,us-ftc-robocall-daily
+14014897821,Robocall,block,3,+14014897821,robocall,1,0,,phone_rule,us-ftc-robocall-daily
+17199369899,Robocall,block,3,+17199369899,robocall,1,0,,phone_rule,us-ftc-robocall-daily
+19729842745,Robocall,block,3,+19729842745,robocall,1,0,,phone_rule,us-ftc-robocall-daily
+14315000903,Robocall,block,3,+14315000903,robocall,1,0,,phone_rule,us-ftc-robocall-daily
+16028944130,Robocall,block,3,+16028944130,robocall,1,0,,phone_rule,us-ftc-robocall-daily
+18635769257,Robocall,block,3,+18635769257,robocall,1,0,,phone_rule,us-ftc-robocall-daily
+13862733695,Robocall,block,3,+13862733695,robocall,1,0,,phone_rule,us-ftc-robocall-daily
+14094606229,Robocall,block,3,+14094606229,robocall,1,0,,phone_rule,us-ftc-robocall-daily
+14422661645,Robocall,block,3,+14422661645,robocall,1,0,,phone_rule,us-ftc-robocall-daily
+18065910707,Robocall,block,3,+18065910707,robocall,1,0,,phone_rule,us-ftc-robocall-daily
+18778181666,Robocall,block,3,+18778181666,robocall,1,0,,phone_rule,us-ftc-robocall-daily
+17208204413,Robocall,block,3,+17208204413,robocall,1,0,,phone_rule,us-ftc-robocall-daily
+14844940260,Robocall,block,3,+14844940260,robocall,1,0,,phone_rule,us-ftc-robocall-daily
+14702939705,Robocall,block,3,+14702939705,robocall,1,0,,phone_rule,us-ftc-robocall-daily
+18666947459,Robocall,block,3,+18666947459,robocall,1,0,,phone_rule,us-ftc-robocall-daily
+16262317985,Robocall,block,3,+16262317985,robocall,1,0,,phone_rule,us-ftc-robocall-daily
+15089703362,Robocall,block,3,+15089703362,robocall,1,0,,phone_rule,us-ftc-robocall-daily
+12708886937,Robocall,block,3,+12708886937,robocall,1,0,,phone_rule,us-ftc-robocall-daily
+18334273146,Robocall,block,3,+18334273146,robocall,1,0,,phone_rule,us-ftc-robocall-daily
+13828970067,Robocall,block,3,+13828970067,robocall,1,0,,phone_rule,us-ftc-robocall-daily
+12156087373,Robocall,block,3,+12156087373,robocall,1,0,,phone_rule,us-ftc-robocall-daily
+16202619909,Robocall,block,3,+16202619909,robocall,1,0,,phone_rule,us-ftc-robocall-daily
+17067857720,Robocall,block,3,+17067857720,robocall,1,0,,phone_rule,us-ftc-robocall-daily
+18506009323,Robocall,block,3,+18506009323,robocall,1,0,,phone_rule,us-ftc-robocall-daily
+18556554548,Robocall,block,3,+18556554548,robocall,1,0,,phone_rule,us-ftc-robocall-daily
+17323592525,Robocall,block,3,+17323592525,robocall,1,0,,phone_rule,us-ftc-robocall-daily
+19512090796,Robocall,block,3,+19512090796,robocall,1,0,,phone_rule,us-ftc-robocall-daily
+18068399659,Robocall,block,3,+18068399659,robocall,1,0,,phone_rule,us-ftc-robocall-daily
+16572515744,Robocall,block,3,+16572515744,robocall,1,0,,phone_rule,us-ftc-robocall-daily
+17274631434,Robocall,block,3,+17274631434,robocall,1,0,,phone_rule,us-ftc-robocall-daily
+19493688793,Robocall,block,3,+19493688793,robocall,1,0,,phone_rule,us-ftc-robocall-daily
+17156920130,Robocall,block,3,+17156920130,robocall,1,0,,phone_rule,us-ftc-robocall-daily
+14752639865,Robocall,block,3,+14752639865,robocall,1,0,,phone_rule,us-ftc-robocall-daily
+15487620502,Robocall,block,3,+15487620502,robocall,1,0,,phone_rule,us-ftc-robocall-daily
+18506665390,Robocall,block,3,+18506665390,robocall,1,0,,phone_rule,us-ftc-robocall-daily
+17069172014,Robocall,block,3,+17069172014,robocall,1,0,,phone_rule,us-ftc-robocall-daily
+16208001764,Robocall,block,3,+16208001764,robocall,1,0,,phone_rule,us-ftc-robocall-daily
+15154474449,Robocall,block,3,+15154474449,robocall,1,0,,phone_rule,us-ftc-robocall-daily
+17153331038,Robocall,block,3,+17153331038,robocall,1,0,,phone_rule,us-ftc-robocall-daily
+15618997627,Robocall,block,3,+15618997627,robocall,1,0,,phone_rule,us-ftc-robocall-daily
+12815056166,Robocall,block,3,+12815056166,robocall,1,0,,phone_rule,us-ftc-robocall-daily
+13146364188,Robocall,block,3,+13146364188,robocall,1,0,,phone_rule,us-ftc-robocall-daily
+12364556466,Robocall,block,3,+12364556466,robocall,1,0,,phone_rule,us-ftc-robocall-daily
+16418021127,Robocall,block,3,+16418021127,robocall,1,0,,phone_rule,us-ftc-robocall-daily
+14013948645,Robocall,block,3,+14013948645,robocall,1,0,,phone_rule,us-ftc-robocall-daily
+16156199631,Robocall,block,3,+16156199631,robocall,1,0,,phone_rule,us-ftc-robocall-daily
+12175952131,Robocall,block,3,+12175952131,robocall,1,0,,phone_rule,us-ftc-robocall-daily
+19207064120,Robocall,block,3,+19207064120,robocall,1,0,,phone_rule,us-ftc-robocall-daily
+17069273033,Robocall,block,3,+17069273033,robocall,1,0,,phone_rule,us-ftc-robocall-daily
+14352969988,Robocall,block,3,+14352969988,robocall,1,0,,phone_rule,us-ftc-robocall-daily
+17543505544,Robocall,block,3,+17543505544,robocall,1,0,,phone_rule,us-ftc-robocall-daily
+15599429410,Robocall,block,3,+15599429410,robocall,1,0,,phone_rule,us-ftc-robocall-daily
+17652058224,Robocall,block,3,+17652058224,robocall,1,0,,phone_rule,us-ftc-robocall-daily
+16025973944,Robocall,block,3,+16025973944,robocall,1,0,,phone_rule,us-ftc-robocall-daily
+19498054230,Robocall,block,3,+19498054230,robocall,1,0,,phone_rule,us-ftc-robocall-daily
+14357772370,Robocall,block,3,+14357772370,robocall,1,0,,phone_rule,us-ftc-robocall-daily
+12052027164,Robocall,block,3,+12052027164,robocall,1,0,,phone_rule,us-ftc-robocall-daily
+17652221742,Robocall,block,3,+17652221742,robocall,1,0,,phone_rule,us-ftc-robocall-daily
+13376165841,Robocall,block,3,+13376165841,robocall,1,0,,phone_rule,us-ftc-robocall-daily
+14352680767,Robocall,block,3,+14352680767,robocall,1,0,,phone_rule,us-ftc-robocall-daily
+12282892348,Robocall,block,3,+12282892348,robocall,1,0,,phone_rule,us-ftc-robocall-daily
+14058655945,Robocall,block,3,+14058655945,robocall,1,0,,phone_rule,us-ftc-robocall-daily
+13239913298,Robocall,block,3,+13239913298,robocall,1,0,,phone_rule,us-ftc-robocall-daily
+18473200402,Robocall,block,3,+18473200402,robocall,1,0,,phone_rule,us-ftc-robocall-daily
+19832218164,Robocall,block,3,+19832218164,robocall,1,0,,phone_rule,us-ftc-robocall-daily
+18668351944,Robocall,block,3,+18668351944,robocall,1,0,,phone_rule,us-ftc-robocall-daily
+18887106818,Robocall,block,3,+18887106818,robocall,1,0,,phone_rule,us-ftc-robocall-daily
+18016144887,Robocall,block,3,+18016144887,robocall,1,0,,phone_rule,us-ftc-robocall-daily
+14052470210,Robocall,block,3,+14052470210,robocall,1,0,,phone_rule,us-ftc-robocall-daily
+18002357955,Robocall,block,3,+18002357955,robocall,1,0,,phone_rule,us-ftc-robocall-daily
+17348845923,Robocall,block,3,+17348845923,robocall,1,0,,phone_rule,us-ftc-robocall-daily
+19414512597,Robocall,block,3,+19414512597,robocall,1,0,,phone_rule,us-ftc-robocall-daily
+18884620057,Robocall,block,3,+18884620057,robocall,1,0,,phone_rule,us-ftc-robocall-daily
+17577023462,Robocall,block,3,+17577023462,robocall,1,0,,phone_rule,us-ftc-robocall-daily
+14054168623,Robocall,block,3,+14054168623,robocall,1,0,,phone_rule,us-ftc-robocall-daily
+18639498208,Robocall,block,3,+18639498208,robocall,1,0,,phone_rule,us-ftc-robocall-daily
+13866010431,Robocall,block,3,+13866010431,robocall,1,0,,phone_rule,us-ftc-robocall-daily
+12062387042,Robocall,block,3,+12062387042,robocall,1,0,,phone_rule,us-ftc-robocall-daily
+14053566270,Robocall,block,3,+14053566270,robocall,1,0,,phone_rule,us-ftc-robocall-daily
+13239179959,Robocall,block,3,+13239179959,robocall,1,0,,phone_rule,us-ftc-robocall-daily
+16057417675,Robocall,block,3,+16057417675,robocall,1,0,,phone_rule,us-ftc-robocall-daily
+19365850034,Robocall,block,3,+19365850034,robocall,1,0,,phone_rule,us-ftc-robocall-daily
+18885210268,Robocall,block,3,+18885210268,robocall,1,0,,phone_rule,us-ftc-robocall-daily
+18156808331,Robocall,block,3,+18156808331,robocall,1,0,,phone_rule,us-ftc-robocall-daily
+18332102049,Robocall,block,3,+18332102049,robocall,1,0,,phone_rule,us-ftc-robocall-daily
+15066992319,Robocall,block,3,+15066992319,robocall,1,0,,phone_rule,us-ftc-robocall-daily
+16057417658,Robocall,block,3,+16057417658,robocall,1,0,,phone_rule,us-ftc-robocall-daily
+14056967108,Robocall,block,3,+14056967108,robocall,1,0,,phone_rule,us-ftc-robocall-daily
+17873899471,Robocall,block,3,+17873899471,robocall,1,0,,phone_rule,us-ftc-robocall-daily
+18554697708,Robocall,block,3,+18554697708,robocall,1,0,,phone_rule,us-ftc-robocall-daily
+14018890322,Robocall,block,3,+14018890322,robocall,1,0,,phone_rule,us-ftc-robocall-daily
+16057052865,Robocall,block,3,+16057052865,robocall,1,0,,phone_rule,us-ftc-robocall-daily
+14054338235,Robocall,block,3,+14054338235,robocall,1,0,,phone_rule,us-ftc-robocall-daily
+18157886528,Robocall,block,3,+18157886528,robocall,1,0,,phone_rule,us-ftc-robocall-daily
+13367328280,Robocall,block,3,+13367328280,robocall,1,0,,phone_rule,us-ftc-robocall-daily
+16054603159,Robocall,block,3,+16054603159,robocall,1,0,,phone_rule,us-ftc-robocall-daily
+18888192135,Robocall,block,3,+18888192135,robocall,1,0,,phone_rule,us-ftc-robocall-daily
+14059537521,Robocall,block,3,+14059537521,robocall,1,0,,phone_rule,us-ftc-robocall-daily
+18332951227,Robocall,block,3,+18332951227,robocall,1,0,,phone_rule,us-ftc-robocall-daily
+14342254953,Robocall,block,3,+14342254953,robocall,1,0,,phone_rule,us-ftc-robocall-daily
+14055169672,Robocall,block,3,+14055169672,robocall,1,0,,phone_rule,us-ftc-robocall-daily
+18723855556,Robocall,block,3,+18723855556,robocall,1,0,,phone_rule,us-ftc-robocall-daily
+14048978915,Robocall,block,3,+14048978915,robocall,1,0,,phone_rule,us-ftc-robocall-daily
+14194650293,Robocall,block,3,+14194650293,robocall,1,0,,phone_rule,us-ftc-robocall-daily
+16183660663,Robocall,block,3,+16183660663,robocall,1,0,,phone_rule,us-ftc-robocall-daily
+14058494605,Robocall,block,3,+14058494605,robocall,1,0,,phone_rule,us-ftc-robocall-daily
+14242096202,Robocall,block,3,+14242096202,robocall,1,0,,phone_rule,us-ftc-robocall-daily
+18774701676,Robocall,block,3,+18774701676,robocall,1,0,,phone_rule,us-ftc-robocall-daily
+14187852963,Robocall,block,3,+14187852963,robocall,1,0,,phone_rule,us-ftc-robocall-daily
+17312016300,Robocall,block,3,+17312016300,robocall,1,0,,phone_rule,us-ftc-robocall-daily
+18336853313,Robocall,block,3,+18336853313,robocall,1,0,,phone_rule,us-ftc-robocall-daily
+17705252606,Robocall,block,3,+17705252606,robocall,1,0,,phone_rule,us-ftc-robocall-daily
+12676840565,Robocall,block,3,+12676840565,robocall,1,0,,phone_rule,us-ftc-robocall-daily
+18556702757,Robocall,block,3,+18556702757,robocall,1,0,,phone_rule,us-ftc-robocall-daily
+17042131707,Robocall,block,3,+17042131707,robocall,1,0,,phone_rule,us-ftc-robocall-daily
+19035022856,Robocall,block,3,+19035022856,robocall,1,0,,phone_rule,us-ftc-robocall-daily
+18336232073,Robocall,block,3,+18336232073,robocall,1,0,,phone_rule,us-ftc-robocall-daily
+18287150283,Robocall,block,3,+18287150283,robocall,1,0,,phone_rule,us-ftc-robocall-daily
+19183471175,Robocall,block,3,+19183471175,robocall,1,0,,phone_rule,us-ftc-robocall-daily
+14156858180,Robocall,block,3,+14156858180,robocall,1,0,,phone_rule,us-ftc-robocall-daily
+18567169261,Robocall,block,3,+18567169261,robocall,1,0,,phone_rule,us-ftc-robocall-daily
+13062226275,Robocall,block,3,+13062226275,robocall,1,0,,phone_rule,us-ftc-robocall-daily
+14058677522,Robocall,block,3,+14058677522,robocall,1,0,,phone_rule,us-ftc-robocall-daily
+16893060160,Robocall,block,3,+16893060160,robocall,1,0,,phone_rule,us-ftc-robocall-daily
+12243370206,Robocall,block,3,+12243370206,robocall,1,0,,phone_rule,us-ftc-robocall-daily
+15627657960,Robocall,block,3,+15627657960,robocall,1,0,,phone_rule,us-ftc-robocall-daily
+17705599219,Robocall,block,3,+17705599219,robocall,1,0,,phone_rule,us-ftc-robocall-daily
+18003057947,Robocall,block,3,+18003057947,robocall,1,0,,phone_rule,us-ftc-robocall-daily
+14053628709,Robocall,block,3,+14053628709,robocall,1,0,,phone_rule,us-ftc-robocall-daily
+18058693807,Robocall,block,3,+18058693807,robocall,1,0,,phone_rule,us-ftc-robocall-daily
+13016915466,Robocall,block,3,+13016915466,robocall,1,0,,phone_rule,us-ftc-robocall-daily
+18068365306,Robocall,block,3,+18068365306,robocall,1,0,,phone_rule,us-ftc-robocall-daily
+18169954949,Robocall,block,3,+18169954949,robocall,1,0,,phone_rule,us-ftc-robocall-daily
+19283988652,Robocall,block,3,+19283988652,robocall,1,0,,phone_rule,us-ftc-robocall-daily
+14056484534,Robocall,block,3,+14056484534,robocall,1,0,,phone_rule,us-ftc-robocall-daily
+14066061407,Robocall,block,3,+14066061407,robocall,1,0,,phone_rule,us-ftc-robocall-daily
+14074389438,Robocall,block,3,+14074389438,robocall,1,0,,phone_rule,us-ftc-robocall-daily
+18887570923,Robocall,block,3,+18887570923,robocall,1,0,,phone_rule,us-ftc-robocall-daily
+18334351818,Robocall,block,3,+18334351818,robocall,1,0,,phone_rule,us-ftc-robocall-daily
+14058079857,Robocall,block,3,+14058079857,robocall,1,0,,phone_rule,us-ftc-robocall-daily
+12202771771,Robocall,block,3,+12202771771,robocall,1,0,,phone_rule,us-ftc-robocall-daily
+18707812042,Robocall,block,3,+18707812042,robocall,1,0,,phone_rule,us-ftc-robocall-daily
+12027353492,Robocall,block,3,+12027353492,robocall,1,0,,phone_rule,us-ftc-robocall-daily
+13157162421,Robocall,block,3,+13157162421,robocall,1,0,,phone_rule,us-ftc-robocall-daily
+18079382939,Robocall,block,3,+18079382939,robocall,1,0,,phone_rule,us-ftc-robocall-daily
+17708301590,Robocall,block,3,+17708301590,robocall,1,0,,phone_rule,us-ftc-robocall-daily
+14054893547,Robocall,block,3,+14054893547,robocall,1,0,,phone_rule,us-ftc-robocall-daily
+16093230732,Robocall,block,3,+16093230732,robocall,1,0,,phone_rule,us-ftc-robocall-daily
+18555692820,Robocall,block,3,+18555692820,robocall,1,0,,phone_rule,us-ftc-robocall-daily
+12692809125,Robocall,block,3,+12692809125,robocall,1,0,,phone_rule,us-ftc-robocall-daily
+19209900237,Robocall,block,3,+19209900237,robocall,1,0,,phone_rule,us-ftc-robocall-daily
+13477832748,Robocall,block,3,+13477832748,robocall,1,0,,phone_rule,us-ftc-robocall-daily
+19454021035,Robocall,block,3,+19454021035,robocall,1,0,,phone_rule,us-ftc-robocall-daily
+14189222584,Robocall,block,3,+14189222584,robocall,1,0,,phone_rule,us-ftc-robocall-daily
+14053673121,Robocall,block,3,+14053673121,robocall,1,0,,phone_rule,us-ftc-robocall-daily
+15024694093,Robocall,block,3,+15024694093,robocall,1,0,,phone_rule,us-ftc-robocall-daily
+15416001427,Robocall,block,3,+15416001427,robocall,1,0,,phone_rule,us-ftc-robocall-daily
+16075241067,Robocall,block,3,+16075241067,robocall,1,0,,phone_rule,us-ftc-robocall-daily
+19414991821,Robocall,block,3,+19414991821,robocall,1,0,,phone_rule,us-ftc-robocall-daily
+18702881587,Robocall,block,3,+18702881587,robocall,1,0,,phone_rule,us-ftc-robocall-daily
+18334271106,Robocall,block,3,+18334271106,robocall,1,0,,phone_rule,us-ftc-robocall-daily
+18667651242,Robocall,block,3,+18667651242,robocall,1,0,,phone_rule,us-ftc-robocall-daily
+16023429241,Robocall,block,3,+16023429241,robocall,1,0,,phone_rule,us-ftc-robocall-daily
+13074497205,Robocall,block,3,+13074497205,robocall,1,0,,phone_rule,us-ftc-robocall-daily
+12602662110,Robocall,block,3,+12602662110,robocall,1,0,,phone_rule,us-ftc-robocall-daily
+19563412044,Robocall,block,3,+19563412044,robocall,1,0,,phone_rule,us-ftc-robocall-daily
+14055041587,Robocall,block,3,+14055041587,robocall,1,0,,phone_rule,us-ftc-robocall-daily
+14126732565,Robocall,block,3,+14126732565,robocall,1,0,,phone_rule,us-ftc-robocall-daily
+17075172931,Robocall,block,3,+17075172931,robocall,1,0,,phone_rule,us-ftc-robocall-daily
+17343619068,Robocall,block,3,+17343619068,robocall,1,0,,phone_rule,us-ftc-robocall-daily
+18665502179,Robocall,block,3,+18665502179,robocall,1,0,,phone_rule,us-ftc-robocall-daily
+19707843812,Robocall,block,3,+19707843812,robocall,1,0,,phone_rule,us-ftc-robocall-daily
+14052992921,Robocall,block,3,+14052992921,robocall,1,0,,phone_rule,us-ftc-robocall-daily
+16126655809,Robocall,block,3,+16126655809,robocall,1,0,,phone_rule,us-ftc-robocall-daily
+18337373948,Robocall,block,3,+18337373948,robocall,1,0,,phone_rule,us-ftc-robocall-daily
+18703393151,Robocall,block,3,+18703393151,robocall,1,0,,phone_rule,us-ftc-robocall-daily
+15598959068,Robocall,block,3,+15598959068,robocall,1,0,,phone_rule,us-ftc-robocall-daily
+18002903072,Robocall,block,3,+18002903072,robocall,1,0,,phone_rule,us-ftc-robocall-daily
+18886441944,Robocall,block,3,+18886441944,robocall,1,0,,phone_rule,us-ftc-robocall-daily
+18889046796,Robocall,block,3,+18889046796,robocall,1,0,,phone_rule,us-ftc-robocall-daily
+18772953505,Robocall,block,3,+18772953505,robocall,1,0,,phone_rule,us-ftc-robocall-daily
+14387030642,Robocall,block,3,+14387030642,robocall,1,0,,phone_rule,us-ftc-robocall-daily
+18635093264,Robocall,block,3,+18635093264,robocall,1,0,,phone_rule,us-ftc-robocall-daily
+14056487256,Robocall,block,3,+14056487256,robocall,1,0,,phone_rule,us-ftc-robocall-daily
+15597429561,Robocall,block,3,+15597429561,robocall,1,0,,phone_rule,us-ftc-robocall-daily
+18668522969,Robocall,block,3,+18668522969,robocall,1,0,,phone_rule,us-ftc-robocall-daily
+19123168041,Robocall,block,3,+19123168041,robocall,1,0,,phone_rule,us-ftc-robocall-daily
+14842147976,Robocall,block,3,+14842147976,robocall,1,0,,phone_rule,us-ftc-robocall-daily
+14045841120,Robocall,block,3,+14045841120,robocall,1,0,,phone_rule,us-ftc-robocall-daily
+16075241617,Robocall,block,3,+16075241617,robocall,1,0,,phone_rule,us-ftc-robocall-daily
+18633368070,Robocall,block,3,+18633368070,robocall,1,0,,phone_rule,us-ftc-robocall-daily
+18886441945,Robocall,block,3,+18886441945,robocall,1,0,,phone_rule,us-ftc-robocall-daily
+12296092698,Robocall,block,3,+12296092698,robocall,1,0,,phone_rule,us-ftc-robocall-daily
+12038263714,Robocall,block,3,+12038263714,robocall,1,0,,phone_rule,us-ftc-robocall-daily
+18332914745,Robocall,block,3,+18332914745,robocall,1,0,,phone_rule,us-ftc-robocall-daily
+19149989357,Robocall,block,3,+19149989357,robocall,1,0,,phone_rule,us-ftc-robocall-daily
+13377172430,Robocall,block,3,+13377172430,robocall,1,0,,phone_rule,us-ftc-robocall-daily
+18706317926,Robocall,block,3,+18706317926,robocall,1,0,,phone_rule,us-ftc-robocall-daily
+13463741854,Robocall,block,3,+13463741854,robocall,1,0,,phone_rule,us-ftc-robocall-daily
+17706260483,Robocall,block,3,+17706260483,robocall,1,0,,phone_rule,us-ftc-robocall-daily
+14802356944,Robocall,block,3,+14802356944,robocall,1,0,,phone_rule,us-ftc-robocall-daily
+18335481753,Robocall,block,3,+18335481753,robocall,1,0,,phone_rule,us-ftc-robocall-daily
+19493326648,Robocall,block,3,+19493326648,robocall,1,0,,phone_rule,us-ftc-robocall-daily
+19524634287,Robocall,block,3,+19524634287,robocall,1,0,,phone_rule,us-ftc-robocall-daily
+19179638796,Robocall,block,3,+19179638796,robocall,1,0,,phone_rule,us-ftc-robocall-daily
+18338251272,Robocall,block,3,+18338251272,robocall,1,0,,phone_rule,us-ftc-robocall-daily
+14052529301,Robocall,block,3,+14052529301,robocall,1,0,,phone_rule,us-ftc-robocall-daily
+18136650720,Robocall,block,3,+18136650720,robocall,1,0,,phone_rule,us-ftc-robocall-daily
+14054584998,Robocall,block,3,+14054584998,robocall,1,0,,phone_rule,us-ftc-robocall-daily
+12515312091,Robocall,block,3,+12515312091,robocall,1,0,,phone_rule,us-ftc-robocall-daily
+18555760569,Robocall,block,3,+18555760569,robocall,1,0,,phone_rule,us-ftc-robocall-daily
+14059063480,Robocall,block,3,+14059063480,robocall,1,0,,phone_rule,us-ftc-robocall-daily
+17209014623,Robocall,block,3,+17209014623,robocall,1,0,,phone_rule,us-ftc-robocall-daily
+12193577398,Robocall,block,3,+12193577398,robocall,1,0,,phone_rule,us-ftc-robocall-daily
+12165452155,Robocall,block,3,+12165452155,robocall,1,0,,phone_rule,us-ftc-robocall-daily
+19093930336,Robocall,block,3,+19093930336,robocall,1,0,,phone_rule,us-ftc-robocall-daily
+18705202351,Robocall,block,3,+18705202351,robocall,1,0,,phone_rule,us-ftc-robocall-daily
+17702548004,Robocall,block,3,+17702548004,robocall,1,0,,phone_rule,us-ftc-robocall-daily
+18777820124,Robocall,block,3,+18777820124,robocall,1,0,,phone_rule,us-ftc-robocall-daily
+12193582901,Robocall,block,3,+12193582901,robocall,1,0,,phone_rule,us-ftc-robocall-daily
+12193579799,Robocall,block,3,+12193579799,robocall,1,0,,phone_rule,us-ftc-robocall-daily
+16188827780,Robocall,block,3,+16188827780,robocall,1,0,,phone_rule,us-ftc-robocall-daily
+16509926136,Robocall,block,3,+16509926136,robocall,1,0,,phone_rule,us-ftc-robocall-daily
+17573810326,Robocall,block,3,+17573810326,robocall,1,0,,phone_rule,us-ftc-robocall-daily
+13864576786,Robocall,block,3,+13864576786,robocall,1,0,,phone_rule,us-ftc-robocall-daily
+18447641415,Robocall,block,3,+18447641415,robocall,1,0,,phone_rule,us-ftc-robocall-daily
+18704971328,Robocall,block,3,+18704971328,robocall,1,0,,phone_rule,us-ftc-robocall-daily
+19496362470,Robocall,block,3,+19496362470,robocall,1,0,,phone_rule,us-ftc-robocall-daily
+16128256703,Robocall,block,3,+16128256703,robocall,1,0,,phone_rule,us-ftc-robocall-daily
+14387030671,Robocall,block,3,+14387030671,robocall,1,0,,phone_rule,us-ftc-robocall-daily
+19845108501,Robocall,block,3,+19845108501,robocall,1,0,,phone_rule,us-ftc-robocall-daily
+16509604752,Robocall,block,3,+16509604752,robocall,1,0,,phone_rule,us-ftc-robocall-daily
+13524159487,Robocall,block,3,+13524159487,robocall,1,0,,phone_rule,us-ftc-robocall-daily
+17706188432,Robocall,block,3,+17706188432,robocall,1,0,,phone_rule,us-ftc-robocall-daily
+13604695697,Robocall,block,3,+13604695697,robocall,1,0,,phone_rule,us-ftc-robocall-daily
+16618372647,Robocall,block,3,+16618372647,robocall,1,0,,phone_rule,us-ftc-robocall-daily
+17607339715,Robocall,block,3,+17607339715,robocall,1,0,,phone_rule,us-ftc-robocall-daily
+15102936489,Robocall,block,3,+15102936489,robocall,1,0,,phone_rule,us-ftc-robocall-daily
+17053269320,Robocall,block,3,+17053269320,robocall,1,0,,phone_rule,us-ftc-robocall-daily
+13527659248,Robocall,block,3,+13527659248,robocall,1,0,,phone_rule,us-ftc-robocall-daily
+19072738445,Robocall,block,3,+19072738445,robocall,1,0,,phone_rule,us-ftc-robocall-daily
+18508440184,Robocall,block,3,+18508440184,robocall,1,0,,phone_rule,us-ftc-robocall-daily
+19432740633,Robocall,block,3,+19432740633,robocall,1,0,,phone_rule,us-ftc-robocall-daily
+18663424503,Robocall,block,3,+18663424503,robocall,1,0,,phone_rule,us-ftc-robocall-daily
+18156650751,Robocall,block,3,+18156650751,robocall,1,0,,phone_rule,us-ftc-robocall-daily
+19513929688,Robocall,block,3,+19513929688,robocall,1,0,,phone_rule,us-ftc-robocall-daily
+15754001986,Robocall,block,3,+15754001986,robocall,1,0,,phone_rule,us-ftc-robocall-daily
+13215298828,Robocall,block,3,+13215298828,robocall,1,0,,phone_rule,us-ftc-robocall-daily
+17708742904,Robocall,block,3,+17708742904,robocall,1,0,,phone_rule,us-ftc-robocall-daily
+18135134861,Robocall,block,3,+18135134861,robocall,1,0,,phone_rule,us-ftc-robocall-daily
+19719791596,Robocall,block,3,+19719791596,robocall,1,0,,phone_rule,us-ftc-robocall-daily
+18103666716,Robocall,block,3,+18103666716,robocall,1,0,,phone_rule,us-ftc-robocall-daily
+16619469434,Robocall,block,3,+16619469434,robocall,1,0,,phone_rule,us-ftc-robocall-daily
+18706977811,Robocall,block,3,+18706977811,robocall,1,0,,phone_rule,us-ftc-robocall-daily
+18668646144,Robocall,block,3,+18668646144,robocall,1,0,,phone_rule,us-ftc-robocall-daily
+18382549570,Robocall,block,3,+18382549570,robocall,1,0,,phone_rule,us-ftc-robocall-daily
+14184531443,Robocall,block,3,+14184531443,robocall,1,0,,phone_rule,us-ftc-robocall-daily
+19793183627,Robocall,block,3,+19793183627,robocall,1,0,,phone_rule,us-ftc-robocall-daily
+15512795274,Robocall,block,3,+15512795274,robocall,1,0,,phone_rule,us-ftc-robocall-daily
+19454550366,Robocall,block,3,+19454550366,robocall,1,0,,phone_rule,us-ftc-robocall-daily
+16894003103,Robocall,block,3,+16894003103,robocall,1,0,,phone_rule,us-ftc-robocall-daily
+16199343156,Robocall,block,3,+16199343156,robocall,1,0,,phone_rule,us-ftc-robocall-daily
+15738618719,Robocall,block,3,+15738618719,robocall,1,0,,phone_rule,us-ftc-robocall-daily
+17743778668,Robocall,block,3,+17743778668,robocall,1,0,,phone_rule,us-ftc-robocall-daily
+14032144679,Robocall,block,3,+14032144679,robocall,1,0,,phone_rule,us-ftc-robocall-daily
+12677836494,Robocall,block,3,+12677836494,robocall,1,0,,phone_rule,us-ftc-robocall-daily
+17814210567,Robocall,block,3,+17814210567,robocall,1,0,,phone_rule,us-ftc-robocall-daily
+14033809837,Robocall,block,3,+14033809837,robocall,1,0,,phone_rule,us-ftc-robocall-daily
+13526935415,Robocall,block,3,+13526935415,robocall,1,0,,phone_rule,us-ftc-robocall-daily
+15627657858,Robocall,block,3,+15627657858,robocall,1,0,,phone_rule,us-ftc-robocall-daily
+16089253650,Robocall,block,3,+16089253650,robocall,1,0,,phone_rule,us-ftc-robocall-daily
+18706979871,Robocall,block,3,+18706979871,robocall,1,0,,phone_rule,us-ftc-robocall-daily
+12709713424,Robocall,block,3,+12709713424,robocall,1,0,,phone_rule,us-ftc-robocall-daily
+14434743545,Robocall,block,3,+14434743545,robocall,1,0,,phone_rule,us-ftc-robocall-daily
+15206663533,Robocall,block,3,+15206663533,robocall,1,0,,phone_rule,us-ftc-robocall-daily
+18775341303,Robocall,block,3,+18775341303,robocall,1,0,,phone_rule,us-ftc-robocall-daily
+13193085910,Robocall,block,3,+13193085910,robocall,1,0,,phone_rule,us-ftc-robocall-daily
+12107710686,Robocall,block,3,+12107710686,robocall,1,0,,phone_rule,us-ftc-robocall-daily
+19059930363,Robocall,block,3,+19059930363,robocall,1,0,,phone_rule,us-ftc-robocall-daily
+18706666292,Robocall,block,3,+18706666292,robocall,1,0,,phone_rule,us-ftc-robocall-daily
+12182094679,Robocall,block,3,+12182094679,robocall,1,0,,phone_rule,us-ftc-robocall-daily
+18632905219,Robocall,block,3,+18632905219,robocall,1,0,,phone_rule,us-ftc-robocall-daily
+16622374741,Robocall,block,3,+16622374741,robocall,1,0,,phone_rule,us-ftc-robocall-daily
+18775341415,Robocall,block,3,+18775341415,robocall,1,0,,phone_rule,us-ftc-robocall-daily
+18187971509,Robocall,block,3,+18187971509,robocall,1,0,,phone_rule,us-ftc-robocall-daily
+19497927440,Robocall,block,3,+19497927440,robocall,1,0,,phone_rule,us-ftc-robocall-daily
+18665402648,Robocall,block,3,+18665402648,robocall,1,0,,phone_rule,us-ftc-robocall-daily
+18674936177,Robocall,block,3,+18674936177,robocall,1,0,,phone_rule,us-ftc-robocall-daily
+16576265482,Robocall,block,3,+16576265482,robocall,1,0,,phone_rule,us-ftc-robocall-daily
+16727015036,Robocall,block,3,+16727015036,robocall,1,0,,phone_rule,us-ftc-robocall-daily
+13192197239,Robocall,block,3,+13192197239,robocall,1,0,,phone_rule,us-ftc-robocall-daily
+12184200180,Robocall,block,3,+12184200180,robocall,1,0,,phone_rule,us-ftc-robocall-daily
+18489949989,Robocall,block,3,+18489949989,robocall,1,0,,phone_rule,us-ftc-robocall-daily
+16165143580,Robocall,block,3,+16165143580,robocall,1,0,,phone_rule,us-ftc-robocall-daily
+12103793331,Robocall,block,3,+12103793331,robocall,1,0,,phone_rule,us-ftc-robocall-daily
+18777320316,Robocall,block,3,+18777320316,robocall,1,0,,phone_rule,us-ftc-robocall-daily
+16463479915,Robocall,block,3,+16463479915,robocall,1,0,,phone_rule,us-ftc-robocall-daily
+14108409465,Robocall,block,3,+14108409465,robocall,1,0,,phone_rule,us-ftc-robocall-daily
+18883480112,Robocall,block,3,+18883480112,robocall,1,0,,phone_rule,us-ftc-robocall-daily
+18319996525,Robocall,block,3,+18319996525,robocall,1,0,,phone_rule,us-ftc-robocall-daily
+18337702481,Robocall,block,3,+18337702481,robocall,1,0,,phone_rule,us-ftc-robocall-daily
+13532224578,Robocall,block,3,+13532224578,robocall,1,0,,phone_rule,us-ftc-robocall-daily
+12185240107,Robocall,block,3,+12185240107,robocall,1,0,,phone_rule,us-ftc-robocall-daily
+13193404250,Robocall,block,3,+13193404250,robocall,1,0,,phone_rule,us-ftc-robocall-daily
+17602624500,Robocall,block,3,+17602624500,robocall,1,0,,phone_rule,us-ftc-robocall-daily
+14104243185,Robocall,block,3,+14104243185,robocall,1,0,,phone_rule,us-ftc-robocall-daily
+12107108037,Robocall,block,3,+12107108037,robocall,1,0,,phone_rule,us-ftc-robocall-daily
+12566757151,Robocall,block,3,+12566757151,robocall,1,0,,phone_rule,us-ftc-robocall-daily
+17074799463,Robocall,block,3,+17074799463,robocall,1,0,,phone_rule,us-ftc-robocall-daily
+14036561674,Robocall,block,3,+14036561674,robocall,1,0,,phone_rule,us-ftc-robocall-daily
+14403588993,Robocall,block,3,+14403588993,robocall,1,0,,phone_rule,us-ftc-robocall-daily
+18038871318,Robocall,block,3,+18038871318,robocall,1,0,,phone_rule,us-ftc-robocall-daily
+12183994795,Robocall,block,3,+12183994795,robocall,1,0,,phone_rule,us-ftc-robocall-daily
+16107499174,Robocall,block,3,+16107499174,robocall,1,0,,phone_rule,us-ftc-robocall-daily
+14083722953,Robocall,block,3,+14083722953,robocall,1,0,,phone_rule,us-ftc-robocall-daily
+18557393053,Robocall,block,3,+18557393053,robocall,1,0,,phone_rule,us-ftc-robocall-daily
+16107952462,Robocall,block,3,+16107952462,robocall,1,0,,phone_rule,us-ftc-robocall-daily
+15124369510,Robocall,block,3,+15124369510,robocall,1,0,,phone_rule,us-ftc-robocall-daily
+16085544654,Robocall,block,3,+16085544654,robocall,1,0,,phone_rule,us-ftc-robocall-daily
+18557115179,Robocall,block,3,+18557115179,robocall,1,0,,phone_rule,us-ftc-robocall-daily
+12185992916,Robocall,block,3,+12185992916,robocall,1,0,,phone_rule,us-ftc-robocall-daily
+19497927667,Robocall,block,3,+19497927667,robocall,1,0,,phone_rule,us-ftc-robocall-daily
+18662806201,Robocall,block,3,+18662806201,robocall,1,0,,phone_rule,us-ftc-robocall-daily
+19512929312,Robocall,block,3,+19512929312,robocall,1,0,,phone_rule,us-ftc-robocall-daily
+19498056230,Robocall,block,3,+19498056230,robocall,1,0,,phone_rule,us-ftc-robocall-daily
+14434126555,Robocall,block,3,+14434126555,robocall,1,0,,phone_rule,us-ftc-robocall-daily
+19093739356,Robocall,block,3,+19093739356,robocall,1,0,,phone_rule,us-ftc-robocall-daily
+14325054460,Robocall,block,3,+14325054460,robocall,1,0,,phone_rule,us-ftc-robocall-daily
+16787266070,Robocall,block,3,+16787266070,robocall,1,0,,phone_rule,us-ftc-robocall-daily
+14038517763,Robocall,block,3,+14038517763,robocall,1,0,,phone_rule,us-ftc-robocall-daily
+12183959277,Robocall,block,3,+12183959277,robocall,1,0,,phone_rule,us-ftc-robocall-daily
+12063396654,Robocall,block,3,+12063396654,robocall,1,0,,phone_rule,us-ftc-robocall-daily
+12709444744,Robocall,block,3,+12709444744,robocall,1,0,,phone_rule,us-ftc-robocall-daily
+15718322102,Robocall,block,3,+15718322102,robocall,1,0,,phone_rule,us-ftc-robocall-daily
+14434643737,Robocall,block,3,+14434643737,robocall,1,0,,phone_rule,us-ftc-robocall-daily
+19592434409,Robocall,block,3,+19592434409,robocall,1,0,,phone_rule,us-ftc-robocall-daily
+12086689785,Robocall,block,3,+12086689785,robocall,1,0,,phone_rule,us-ftc-robocall-daily
+19158998349,Robocall,block,3,+19158998349,robocall,1,0,,phone_rule,us-ftc-robocall-daily
+14753875374,Robocall,block,3,+14753875374,robocall,1,0,,phone_rule,us-ftc-robocall-daily
+15033283103,Robocall,block,3,+15033283103,robocall,1,0,,phone_rule,us-ftc-robocall-daily
+19107829126,Robocall,block,3,+19107829126,robocall,1,0,,phone_rule,us-ftc-robocall-daily
+15743712472,Robocall,block,3,+15743712472,robocall,1,0,,phone_rule,us-ftc-robocall-daily
+19053138496,Robocall,block,3,+19053138496,robocall,1,0,,phone_rule,us-ftc-robocall-daily
+18633876861,Robocall,block,3,+18633876861,robocall,1,0,,phone_rule,us-ftc-robocall-daily
+18889652457,Robocall,block,3,+18889652457,robocall,1,0,,phone_rule,us-ftc-robocall-daily
+18666723286,Robocall,block,3,+18666723286,robocall,1,0,,phone_rule,us-ftc-robocall-daily
+14244803223,Robocall,block,3,+14244803223,robocall,1,0,,phone_rule,us-ftc-robocall-daily
+14694474867,Robocall,block,3,+14694474867,robocall,1,0,,phone_rule,us-ftc-robocall-daily
+19513036312,Robocall,block,3,+19513036312,robocall,1,0,,phone_rule,us-ftc-robocall-daily
+16815570056,Robocall,block,3,+16815570056,robocall,1,0,,phone_rule,us-ftc-robocall-daily
+18328364618,Robocall,block,3,+18328364618,robocall,1,0,,phone_rule,us-ftc-robocall-daily
+19498055030,Robocall,block,3,+19498055030,robocall,1,0,,phone_rule,us-ftc-robocall-daily
+16134785546,Robocall,block,3,+16134785546,robocall,1,0,,phone_rule,us-ftc-robocall-daily
+13194078971,Robocall,block,3,+13194078971,robocall,1,0,,phone_rule,us-ftc-robocall-daily
+12242065646,Robocall,block,3,+12242065646,robocall,1,0,,phone_rule,us-ftc-robocall-daily
+18334645577,Robocall,block,3,+18334645577,robocall,1,0,,phone_rule,us-ftc-robocall-daily
+16085944141,Robocall,block,3,+16085944141,robocall,1,0,,phone_rule,us-ftc-robocall-daily
+16155135317,Robocall,block,3,+16155135317,robocall,1,0,,phone_rule,us-ftc-robocall-daily
+18665207780,Robocall,block,3,+18665207780,robocall,1,0,,phone_rule,us-ftc-robocall-daily
+16392073197,Robocall,block,3,+16392073197,robocall,1,0,,phone_rule,us-ftc-robocall-daily
+15025643070,Robocall,block,3,+15025643070,robocall,1,0,,phone_rule,us-ftc-robocall-daily
+18722555119,Robocall,block,3,+18722555119,robocall,1,0,,phone_rule,us-ftc-robocall-daily
+13033157387,Robocall,block,3,+13033157387,robocall,1,0,,phone_rule,us-ftc-robocall-daily
+17348201411,Robocall,block,3,+17348201411,robocall,1,0,,phone_rule,us-ftc-robocall-daily
+18638804953,Robocall,block,3,+18638804953,robocall,1,0,,phone_rule,us-ftc-robocall-daily
+18663882189,Robocall,block,3,+18663882189,robocall,1,0,,phone_rule,us-ftc-robocall-daily
+16572258109,Robocall,block,3,+16572258109,robocall,1,0,,phone_rule,us-ftc-robocall-daily
+18552217814,Robocall,block,3,+18552217814,robocall,1,0,,phone_rule,us-ftc-robocall-daily
+19098535167,Robocall,block,3,+19098535167,robocall,1,0,,phone_rule,us-ftc-robocall-daily
+14026214589,Robocall,block,3,+14026214589,robocall,1,0,,phone_rule,us-ftc-robocall-daily
+16824680794,Robocall,block,3,+16824680794,robocall,1,0,,phone_rule,us-ftc-robocall-daily
+12628247381,Robocall,block,3,+12628247381,robocall,1,0,,phone_rule,us-ftc-robocall-daily
+15024694089,Robocall,block,3,+15024694089,robocall,1,0,,phone_rule,us-ftc-robocall-daily
+18633347775,Robocall,block,3,+18633347775,robocall,1,0,,phone_rule,us-ftc-robocall-daily
+17056783787,Robocall,block,3,+17056783787,robocall,1,0,,phone_rule,us-ftc-robocall-daily
+18593689169,Robocall,block,3,+18593689169,robocall,1,0,,phone_rule,us-ftc-robocall-daily
+14029615663,Robocall,block,3,+14029615663,robocall,1,0,,phone_rule,us-ftc-robocall-daily
+15703821151,Robocall,block,3,+15703821151,robocall,1,0,,phone_rule,us-ftc-robocall-daily
+18772280318,Robocall,block,3,+18772280318,robocall,1,0,,phone_rule,us-ftc-robocall-daily
+18723394794,Robocall,block,3,+18723394794,robocall,1,0,,phone_rule,us-ftc-robocall-daily
+18559574912,Robocall,block,3,+18559574912,robocall,1,0,,phone_rule,us-ftc-robocall-daily
+18593092841,Robocall,block,3,+18593092841,robocall,1,0,,phone_rule,us-ftc-robocall-daily
+15709647340,Robocall,block,3,+15709647340,robocall,1,0,,phone_rule,us-ftc-robocall-daily
+13463019951,Robocall,block,3,+13463019951,robocall,1,0,,phone_rule,us-ftc-robocall-daily
+16572228471,Robocall,block,3,+16572228471,robocall,1,0,,phone_rule,us-ftc-robocall-daily
+16787329313,Robocall,block,3,+16787329313,robocall,1,0,,phone_rule,us-ftc-robocall-daily
+15026940121,Robocall,block,3,+15026940121,robocall,1,0,,phone_rule,us-ftc-robocall-daily
+18186589866,Robocall,block,3,+18186589866,robocall,1,0,,phone_rule,us-ftc-robocall-daily
+15798990280,Robocall,block,3,+15798990280,robocall,1,0,,phone_rule,us-ftc-robocall-daily
+18733879897,Robocall,block,3,+18733879897,robocall,1,0,,phone_rule,us-ftc-robocall-daily
+15168460207,Robocall,block,3,+15168460207,robocall,1,0,,phone_rule,us-ftc-robocall-daily
+14196437080,Robocall,block,3,+14196437080,robocall,1,0,,phone_rule,us-ftc-robocall-daily
+18704423457,Robocall,block,3,+18704423457,robocall,1,0,,phone_rule,us-ftc-robocall-daily
+18332251623,Robocall,block,3,+18332251623,robocall,1,0,,phone_rule,us-ftc-robocall-daily
+18594159257,Robocall,block,3,+18594159257,robocall,1,0,,phone_rule,us-ftc-robocall-daily
+12195990397,Robocall,block,3,+12195990397,robocall,1,0,,phone_rule,us-ftc-robocall-daily
+14194521469,Robocall,block,3,+14194521469,robocall,1,0,,phone_rule,us-ftc-robocall-daily
+17015109034,Robocall,block,3,+17015109034,robocall,1,0,,phone_rule,us-ftc-robocall-daily
+18594728515,Robocall,block,3,+18594728515,robocall,1,0,,phone_rule,us-ftc-robocall-daily
+19493304482,Robocall,block,3,+19493304482,robocall,1,0,,phone_rule,us-ftc-robocall-daily
+18553902463,Robocall,block,3,+18553902463,robocall,1,0,,phone_rule,us-ftc-robocall-daily
+15512940175,Robocall,block,3,+15512940175,robocall,1,0,,phone_rule,us-ftc-robocall-daily
+13109078271,Robocall,block,3,+13109078271,robocall,1,0,,phone_rule,us-ftc-robocall-daily
+19517621866,Robocall,block,3,+19517621866,robocall,1,0,,phone_rule,us-ftc-robocall-daily
+18552089233,Robocall,block,3,+18552089233,robocall,1,0,,phone_rule,us-ftc-robocall-daily
+12024699288,Robocall,block,3,+12024699288,robocall,1,0,,phone_rule,us-ftc-robocall-daily
+17407525008,Robocall,block,3,+17407525008,robocall,1,0,,phone_rule,us-ftc-robocall-daily
+18133054853,Robocall,block,3,+18133054853,robocall,1,0,,phone_rule,us-ftc-robocall-daily
+13462611960,Robocall,block,3,+13462611960,robocall,1,0,,phone_rule,us-ftc-robocall-daily
+18334664518,Robocall,block,3,+18334664518,robocall,1,0,,phone_rule,us-ftc-robocall-daily
+16036980943,Robocall,block,3,+16036980943,robocall,1,0,,phone_rule,us-ftc-robocall-daily
+15752930536,Robocall,block,3,+15752930536,robocall,1,0,,phone_rule,us-ftc-robocall-daily
+12348156232,Robocall,block,3,+12348156232,robocall,1,0,,phone_rule,us-ftc-robocall-daily
+14244924813,Robocall,block,3,+14244924813,robocall,1,0,,phone_rule,us-ftc-robocall-daily
+19147868433,Robocall,block,3,+19147868433,robocall,1,0,,phone_rule,us-ftc-robocall-daily
+18664089956,Robocall,block,3,+18664089956,robocall,1,0,,phone_rule,us-ftc-robocall-daily
+12562128411,Robocall,block,3,+12562128411,robocall,1,0,,phone_rule,us-ftc-robocall-daily
+19785992694,Robocall,block,3,+19785992694,robocall,1,0,,phone_rule,us-ftc-robocall-daily
+15855363795,Robocall,block,3,+15855363795,robocall,1,0,,phone_rule,us-ftc-robocall-daily
+16197819630,Robocall,block,3,+16197819630,robocall,1,0,,phone_rule,us-ftc-robocall-daily
+17146531323,Robocall,block,3,+17146531323,robocall,1,0,,phone_rule,us-ftc-robocall-daily
+16077151101,Robocall,block,3,+16077151101,robocall,1,0,,phone_rule,us-ftc-robocall-daily
+13107475638,Robocall,block,3,+13107475638,robocall,1,0,,phone_rule,us-ftc-robocall-daily
+18888955705,Robocall,block,3,+18888955705,robocall,1,0,,phone_rule,us-ftc-robocall-daily
+16146255789,Robocall,block,3,+16146255789,robocall,1,0,,phone_rule,us-ftc-robocall-daily
+15089050272,Robocall,block,3,+15089050272,robocall,1,0,,phone_rule,us-ftc-robocall-daily
+12015018780,Robocall,block,3,+12015018780,robocall,1,0,,phone_rule,us-ftc-robocall-daily
+18888464041,Robocall,block,3,+18888464041,robocall,1,0,,phone_rule,us-ftc-robocall-daily
+15627322794,Robocall,block,3,+15627322794,robocall,1,0,,phone_rule,us-ftc-robocall-daily
+18665816077,Robocall,block,3,+18665816077,robocall,1,0,,phone_rule,us-ftc-robocall-daily
+18585299232,Robocall,block,3,+18585299232,robocall,1,0,,phone_rule,us-ftc-robocall-daily
+18664782939,Robocall,block,3,+18664782939,robocall,1,0,,phone_rule,us-ftc-robocall-daily
+14405348327,Robocall,block,3,+14405348327,robocall,1,0,,phone_rule,us-ftc-robocall-daily
+17146605462,Robocall,block,3,+17146605462,robocall,1,0,,phone_rule,us-ftc-robocall-daily
+18332105082,Robocall,block,3,+18332105082,robocall,1,0,,phone_rule,us-ftc-robocall-daily
+15066992267,Robocall,block,3,+15066992267,robocall,1,0,,phone_rule,us-ftc-robocall-daily
+13107584270,Robocall,block,3,+13107584270,robocall,1,0,,phone_rule,us-ftc-robocall-daily
+16267454981,Robocall,block,3,+16267454981,robocall,1,0,,phone_rule,us-ftc-robocall-daily
+19107867511,Robocall,block,3,+19107867511,robocall,1,0,,phone_rule,us-ftc-robocall-daily
+13189868328,Robocall,block,3,+13189868328,robocall,1,0,,phone_rule,us-ftc-robocall-daily
+16185231765,Robocall,block,3,+16185231765,robocall,1,0,,phone_rule,us-ftc-robocall-daily
+18265299307,Robocall,block,3,+18265299307,robocall,1,0,,phone_rule,us-ftc-robocall-daily
+18888445715,Robocall,block,3,+18888445715,robocall,1,0,,phone_rule,us-ftc-robocall-daily
+14694310530,Robocall,block,3,+14694310530,robocall,1,0,,phone_rule,us-ftc-robocall-daily
+12899771203,Robocall,block,3,+12899771203,robocall,1,0,,phone_rule,us-ftc-robocall-daily
+12704536208,Robocall,block,3,+12704536208,robocall,1,0,,phone_rule,us-ftc-robocall-daily
+15163157152,Robocall,block,3,+15163157152,robocall,1,0,,phone_rule,us-ftc-robocall-daily
+13109078527,Robocall,block,3,+13109078527,robocall,1,0,,phone_rule,us-ftc-robocall-daily
+19493842957,Robocall,block,3,+19493842957,robocall,1,0,,phone_rule,us-ftc-robocall-daily
+18773341351,Robocall,block,3,+18773341351,robocall,1,0,,phone_rule,us-ftc-robocall-daily
+14243207779,Robocall,block,3,+14243207779,robocall,1,0,,phone_rule,us-ftc-robocall-daily
+18609579558,Robocall,block,3,+18609579558,robocall,1,0,,phone_rule,us-ftc-robocall-daily
+19413891267,Robocall,block,3,+19413891267,robocall,1,0,,phone_rule,us-ftc-robocall-daily
+18774700365,Robocall,block,3,+18774700365,robocall,1,0,,phone_rule,us-ftc-robocall-daily
+18663654950,Robocall,block,3,+18663654950,robocall,1,0,,phone_rule,us-ftc-robocall-daily
+17712717991,Robocall,block,3,+17712717991,robocall,1,0,,phone_rule,us-ftc-robocall-daily
+14582988483,Robocall,block,3,+14582988483,robocall,1,0,,phone_rule,us-ftc-robocall-daily
+16612007082,Robocall,block,3,+16612007082,robocall,1,0,,phone_rule,us-ftc-robocall-daily
+16139168124,Robocall,block,3,+16139168124,robocall,1,0,,phone_rule,us-ftc-robocall-daily
+17783730682,Robocall,block,3,+17783730682,robocall,1,0,,phone_rule,us-ftc-robocall-daily
+12104478629,Robocall,block,3,+12104478629,robocall,1,0,,phone_rule,us-ftc-robocall-daily
+19092537170,Robocall,block,3,+19092537170,robocall,1,0,,phone_rule,us-ftc-robocall-daily
+16156339351,Robocall,block,3,+16156339351,robocall,1,0,,phone_rule,us-ftc-robocall-daily
+19493684721,Robocall,block,3,+19493684721,robocall,1,0,,phone_rule,us-ftc-robocall-daily
+18175295551,Robocall,block,3,+18175295551,robocall,1,0,,phone_rule,us-ftc-robocall-daily
+15184075066,Robocall,block,3,+15184075066,robocall,1,0,,phone_rule,us-ftc-robocall-daily
+12205293624,Robocall,block,3,+12205293624,robocall,1,0,,phone_rule,us-ftc-robocall-daily
+19098587069,Robocall,block,3,+19098587069,robocall,1,0,,phone_rule,us-ftc-robocall-daily
+19564483684,Robocall,block,3,+19564483684,robocall,1,0,,phone_rule,us-ftc-robocall-daily
+18175125850,Robocall,block,3,+18175125850,robocall,1,0,,phone_rule,us-ftc-robocall-daily
+12506743445,Robocall,block,3,+12506743445,robocall,1,0,,phone_rule,us-ftc-robocall-daily
+19794684708,Robocall,block,3,+19794684708,robocall,1,0,,phone_rule,us-ftc-robocall-daily
+16576083172,Robocall,block,3,+16576083172,robocall,1,0,,phone_rule,us-ftc-robocall-daily
+18557135601,Robocall,block,3,+18557135601,robocall,1,0,,phone_rule,us-ftc-robocall-daily
+18333778391,Robocall,block,3,+18333778391,robocall,1,0,,phone_rule,us-ftc-robocall-daily
+18138512418,Robocall,block,3,+18138512418,robocall,1,0,,phone_rule,us-ftc-robocall-daily
+18447241912,Robocall,block,3,+18447241912,robocall,1,0,,phone_rule,us-ftc-robocall-daily
+15066992365,Robocall,block,3,+15066992365,robocall,1,0,,phone_rule,us-ftc-robocall-daily
+18663880166,Robocall,block,3,+18663880166,robocall,1,0,,phone_rule,us-ftc-robocall-daily
+12534230960,Robocall,block,3,+12534230960,robocall,1,0,,phone_rule,us-ftc-robocall-daily
+17864663469,Robocall,block,3,+17864663469,robocall,1,0,,phone_rule,us-ftc-robocall-daily
+16782085476,Robocall,block,3,+16782085476,robocall,1,0,,phone_rule,us-ftc-robocall-daily
+13342316165,Robocall,block,3,+13342316165,robocall,1,0,,phone_rule,us-ftc-robocall-daily
+14232642345,Robocall,block,3,+14232642345,robocall,1,0,,phone_rule,us-ftc-robocall-daily
+18135596439,Robocall,block,3,+18135596439,robocall,1,0,,phone_rule,us-ftc-robocall-daily
+15026610197,Robocall,block,3,+15026610197,robocall,1,0,,phone_rule,us-ftc-robocall-daily
+17865307779,Robocall,block,3,+17865307779,robocall,1,0,,phone_rule,us-ftc-robocall-daily
+16024391280,Robocall,block,3,+16024391280,robocall,1,0,,phone_rule,us-ftc-robocall-daily
+17312516850,Robocall,block,3,+17312516850,robocall,1,0,,phone_rule,us-ftc-robocall-daily
+18338187414,Robocall,block,3,+18338187414,robocall,1,0,,phone_rule,us-ftc-robocall-daily
+18338188692,Robocall,block,3,+18338188692,robocall,1,0,,phone_rule,us-ftc-robocall-daily
+19404899359,Robocall,block,3,+19404899359,robocall,1,0,,phone_rule,us-ftc-robocall-daily
+19513465242,Robocall,block,3,+19513465242,robocall,1,0,,phone_rule,us-ftc-robocall-daily
+18667117588,Robocall,block,3,+18667117588,robocall,1,0,,phone_rule,us-ftc-robocall-daily
+12407159471,Robocall,block,3,+12407159471,robocall,1,0,,phone_rule,us-ftc-robocall-daily
+15487620699,Robocall,block,3,+15487620699,robocall,1,0,,phone_rule,us-ftc-robocall-daily
+18668817582,Robocall,block,3,+18668817582,robocall,1,0,,phone_rule,us-ftc-robocall-daily
+19317298752,Robocall,block,3,+19317298752,robocall,1,0,,phone_rule,us-ftc-robocall-daily
+13474704341,Robocall,block,3,+13474704341,robocall,1,0,,phone_rule,us-ftc-robocall-daily
+17759099098,Robocall,block,3,+17759099098,robocall,1,0,,phone_rule,us-ftc-robocall-daily
+12125615117,Robocall,block,3,+12125615117,robocall,1,0,,phone_rule,us-ftc-robocall-daily
+13143841743,Robocall,block,3,+13143841743,robocall,1,0,,phone_rule,us-ftc-robocall-daily
+18775341229,Robocall,block,3,+18775341229,robocall,1,0,,phone_rule,us-ftc-robocall-daily
+12538489443,Robocall,block,3,+12538489443,robocall,1,0,,phone_rule,us-ftc-robocall-daily
+12022949865,Robocall,block,3,+12022949865,robocall,1,0,,phone_rule,us-ftc-robocall-daily
+17626851998,Robocall,block,3,+17626851998,robocall,1,0,,phone_rule,us-ftc-robocall-daily
+16315579666,Robocall,block,3,+16315579666,robocall,1,0,,phone_rule,us-ftc-robocall-daily
+16507587359,Robocall,block,3,+16507587359,robocall,1,0,,phone_rule,us-ftc-robocall-daily
+18335315591,Robocall,block,3,+18335315591,robocall,1,0,,phone_rule,us-ftc-robocall-daily
+14016666387,Robocall,block,3,+14016666387,robocall,1,0,,phone_rule,us-ftc-robocall-daily
+17829740265,Robocall,block,3,+17829740265,robocall,1,0,,phone_rule,us-ftc-robocall-daily
+14144373934,Robocall,block,3,+14144373934,robocall,1,0,,phone_rule,us-ftc-robocall-daily
+13122881091,Robocall,block,3,+13122881091,robocall,1,0,,phone_rule,us-ftc-robocall-daily
+15182527386,Robocall,block,3,+15182527386,robocall,1,0,,phone_rule,us-ftc-robocall-daily
+19862756172,Robocall,block,3,+19862756172,robocall,1,0,,phone_rule,us-ftc-robocall-daily
+14092227133,Robocall,block,3,+14092227133,robocall,1,0,,phone_rule,us-ftc-robocall-daily
+12095688571,Robocall,block,3,+12095688571,robocall,1,0,,phone_rule,us-ftc-robocall-daily
+17609067628,Robocall,block,3,+17609067628,robocall,1,0,,phone_rule,us-ftc-robocall-daily
+18574027771,Robocall,block,3,+18574027771,robocall,1,0,,phone_rule,us-ftc-robocall-daily
+17759092024,Robocall,block,3,+17759092024,robocall,1,0,,phone_rule,us-ftc-robocall-daily
+14809082828,Robocall,block,3,+14809082828,robocall,1,0,,phone_rule,us-ftc-robocall-daily
+12892739462,Robocall,block,3,+12892739462,robocall,1,0,,phone_rule,us-ftc-robocall-daily
+12232016499,Robocall,block,3,+12232016499,robocall,1,0,,phone_rule,us-ftc-robocall-daily
+19033851560,Robocall,block,3,+19033851560,robocall,1,0,,phone_rule,us-ftc-robocall-daily
+17178009006,Robocall,block,3,+17178009006,robocall,1,0,,phone_rule,us-ftc-robocall-daily
+14253249095,Robocall,block,3,+14253249095,robocall,1,0,,phone_rule,us-ftc-robocall-daily
+16155760226,Robocall,block,3,+16155760226,robocall,1,0,,phone_rule,us-ftc-robocall-daily
+13234035864,Robocall,block,3,+13234035864,robocall,1,0,,phone_rule,us-ftc-robocall-daily
+16412475817,Robocall,block,3,+16412475817,robocall,1,0,,phone_rule,us-ftc-robocall-daily
+12533519200,Robocall,block,3,+12533519200,robocall,1,0,,phone_rule,us-ftc-robocall-daily
+14804809071,Robocall,block,3,+14804809071,robocall,1,0,,phone_rule,us-ftc-robocall-daily
+16614649299,Robocall,block,3,+16614649299,robocall,1,0,,phone_rule,us-ftc-robocall-daily
+18392716584,Robocall,block,3,+18392716584,robocall,1,0,,phone_rule,us-ftc-robocall-daily
+16074449615,Robocall,block,3,+16074449615,robocall,1,0,,phone_rule,us-ftc-robocall-daily
+19162430107,Robocall,block,3,+19162430107,robocall,1,0,,phone_rule,us-ftc-robocall-daily
+15137508733,Robocall,block,3,+15137508733,robocall,1,0,,phone_rule,us-ftc-robocall-daily
+13084084057,Robocall,block,3,+13084084057,robocall,1,0,,phone_rule,us-ftc-robocall-daily
+17178009012,Robocall,block,3,+17178009012,robocall,1,0,,phone_rule,us-ftc-robocall-daily
+13163949703,Robocall,block,3,+13163949703,robocall,1,0,,phone_rule,us-ftc-robocall-daily
+16363486815,Robocall,block,3,+16363486815,robocall,1,0,,phone_rule,us-ftc-robocall-daily
+18449416469,Robocall,block,3,+18449416469,robocall,1,0,,phone_rule,us-ftc-robocall-daily
+14804633210,Robocall,block,3,+14804633210,robocall,1,0,,phone_rule,us-ftc-robocall-daily
+19176151233,Robocall,block,3,+19176151233,robocall,1,0,,phone_rule,us-ftc-robocall-daily
+15019420595,Robocall,block,3,+15019420595,robocall,1,0,,phone_rule,us-ftc-robocall-daily
+15313000133,Robocall,block,3,+15313000133,robocall,1,0,,phone_rule,us-ftc-robocall-daily
+18775813674,Robocall,block,3,+18775813674,robocall,1,0,,phone_rule,us-ftc-robocall-daily
+12022549301,Robocall,block,3,+12022549301,robocall,1,0,,phone_rule,us-ftc-robocall-daily
+14803210415,Robocall,block,3,+14803210415,robocall,1,0,,phone_rule,us-ftc-robocall-daily
+14325845250,Robocall,block,3,+14325845250,robocall,1,0,,phone_rule,us-ftc-robocall-daily
+18336399532,Robocall,block,3,+18336399532,robocall,1,0,,phone_rule,us-ftc-robocall-daily
+13023061650,Robocall,block,3,+13023061650,robocall,1,0,,phone_rule,us-ftc-robocall-daily
+16419032430,Robocall,block,3,+16419032430,robocall,1,0,,phone_rule,us-ftc-robocall-daily
+17472921948,Robocall,block,3,+17472921948,robocall,1,0,,phone_rule,us-ftc-robocall-daily
+19049200521,Robocall,block,3,+19049200521,robocall,1,0,,phone_rule,us-ftc-robocall-daily
+18262178762,Robocall,block,3,+18262178762,robocall,1,0,,phone_rule,us-ftc-robocall-daily
+15168621923,Robocall,block,3,+15168621923,robocall,1,0,,phone_rule,us-ftc-robocall-daily
+15713852686,Robocall,block,3,+15713852686,robocall,1,0,,phone_rule,us-ftc-robocall-daily
+18889046340,Robocall,block,3,+18889046340,robocall,1,0,,phone_rule,us-ftc-robocall-daily
+16576083699,Robocall,block,3,+16576083699,robocall,1,0,,phone_rule,us-ftc-robocall-daily
+13143844603,Robocall,block,3,+13143844603,robocall,1,0,,phone_rule,us-ftc-robocall-daily
+18552346893,Robocall,block,3,+18552346893,robocall,1,0,,phone_rule,us-ftc-robocall-daily
+12527157475,Robocall,block,3,+12527157475,robocall,1,0,,phone_rule,us-ftc-robocall-daily
+14804782780,Robocall,block,3,+14804782780,robocall,1,0,,phone_rule,us-ftc-robocall-daily
+19298298221,Robocall,block,3,+19298298221,robocall,1,0,,phone_rule,us-ftc-robocall-daily
+19044677502,Robocall,block,3,+19044677502,robocall,1,0,,phone_rule,us-ftc-robocall-daily
+18509890127,Robocall,block,3,+18509890127,robocall,1,0,,phone_rule,us-ftc-robocall-daily
+18556961147,Robocall,block,3,+18556961147,robocall,1,0,,phone_rule,us-ftc-robocall-daily
+16412475830,Robocall,block,3,+16412475830,robocall,1,0,,phone_rule,us-ftc-robocall-daily
+16282010224,Robocall,block,3,+16282010224,robocall,1,0,,phone_rule,us-ftc-robocall-daily
+14245691668,Robocall,block,3,+14245691668,robocall,1,0,,phone_rule,us-ftc-robocall-daily
+17028031022,Robocall,block,3,+17028031022,robocall,1,0,,phone_rule,us-ftc-robocall-daily
+14809082570,Robocall,block,3,+14809082570,robocall,1,0,,phone_rule,us-ftc-robocall-daily
+18282295251,Robocall,block,3,+18282295251,robocall,1,0,,phone_rule,us-ftc-robocall-daily
+12246495638,Robocall,block,3,+12246495638,robocall,1,0,,phone_rule,us-ftc-robocall-daily
+19432868410,Robocall,block,3,+19432868410,robocall,1,0,,phone_rule,us-ftc-robocall-daily
+16474937367,Robocall,block,3,+16474937367,robocall,1,0,,phone_rule,us-ftc-robocall-daily
+14056837699,Robocall,block,3,+14056837699,robocall,1,0,,phone_rule,us-ftc-robocall-daily
+14197319037,Robocall,block,3,+14197319037,robocall,1,0,,phone_rule,us-ftc-robocall-daily
+15755544777,Robocall,block,3,+15755544777,robocall,1,0,,phone_rule,us-ftc-robocall-daily
+12692221758,Robocall,block,3,+12692221758,robocall,1,0,,phone_rule,us-ftc-robocall-daily
+14027916193,Robocall,block,3,+14027916193,robocall,1,0,,phone_rule,us-ftc-robocall-daily
+15028629685,Robocall,block,3,+15028629685,robocall,1,0,,phone_rule,us-ftc-robocall-daily
+15174689313,Robocall,block,3,+15174689313,robocall,1,0,,phone_rule,us-ftc-robocall-daily
+18557934826,Robocall,block,3,+18557934826,robocall,1,0,,phone_rule,us-ftc-robocall-daily
+14069055403,Robocall,block,3,+14069055403,robocall,1,0,,phone_rule,us-ftc-robocall-daily
+18337025033,Robocall,block,3,+18337025033,robocall,1,0,,phone_rule,us-ftc-robocall-daily
+12399841904,Robocall,block,3,+12399841904,robocall,1,0,,phone_rule,us-ftc-robocall-daily
+14807699158,Robocall,block,3,+14807699158,robocall,1,0,,phone_rule,us-ftc-robocall-daily
+16576265682,Robocall,block,3,+16576265682,robocall,1,0,,phone_rule,us-ftc-robocall-daily
+13062078149,Robocall,block,3,+13062078149,robocall,1,0,,phone_rule,us-ftc-robocall-daily
+16265963574,Robocall,block,3,+16265963574,robocall,1,0,,phone_rule,us-ftc-robocall-daily
+16023431330,Robocall,block,3,+16023431330,robocall,1,0,,phone_rule,us-ftc-robocall-daily
+16403332058,Robocall,block,3,+16403332058,robocall,1,0,,phone_rule,us-ftc-robocall-daily
+14026616497,Robocall,block,3,+14026616497,robocall,1,0,,phone_rule,us-ftc-robocall-daily
+18339069995,Robocall,block,3,+18339069995,robocall,1,0,,phone_rule,us-ftc-robocall-daily
+17472210574,Robocall,block,3,+17472210574,robocall,1,0,,phone_rule,us-ftc-robocall-daily
+18775341182,Robocall,block,3,+18775341182,robocall,1,0,,phone_rule,us-ftc-robocall-daily
+14803605553,Robocall,block,3,+14803605553,robocall,1,0,,phone_rule,us-ftc-robocall-daily
+18574029757,Robocall,block,3,+18574029757,robocall,1,0,,phone_rule,us-ftc-robocall-daily
+15854234124,Robocall,block,3,+15854234124,robocall,1,0,,phone_rule,us-ftc-robocall-daily
+19052750042,Robocall,block,3,+19052750042,robocall,1,0,,phone_rule,us-ftc-robocall-daily
+19896658305,Robocall,block,3,+19896658305,robocall,1,0,,phone_rule,us-ftc-robocall-daily
+16202930990,Robocall,block,3,+16202930990,robocall,1,0,,phone_rule,us-ftc-robocall-daily
+19256352718,Robocall,block,3,+19256352718,robocall,1,0,,phone_rule,us-ftc-robocall-daily
+18042278220,Robocall,block,3,+18042278220,robocall,1,0,,phone_rule,us-ftc-robocall-daily
+17018017093,Robocall,block,3,+17018017093,robocall,1,0,,phone_rule,us-ftc-robocall-daily
+18509188942,Robocall,block,3,+18509188942,robocall,1,0,,phone_rule,us-ftc-robocall-daily
+18555760329,Robocall,block,3,+18555760329,robocall,1,0,,phone_rule,us-ftc-robocall-daily
+12192440902,Robocall,block,3,+12192440902,robocall,1,0,,phone_rule,us-ftc-robocall-daily
+16576083021,Robocall,block,3,+16576083021,robocall,1,0,,phone_rule,us-ftc-robocall-daily
+14806089986,Robocall,block,3,+14806089986,robocall,1,0,,phone_rule,us-ftc-robocall-daily
+18579976810,Robocall,block,3,+18579976810,robocall,1,0,,phone_rule,us-ftc-robocall-daily
+18447671049,Robocall,block,3,+18447671049,robocall,1,0,,phone_rule,us-ftc-robocall-daily
+14422581030,Robocall,block,3,+14422581030,robocall,1,0,,phone_rule,us-ftc-robocall-daily
+13143841816,Robocall,block,3,+13143841816,robocall,1,0,,phone_rule,us-ftc-robocall-daily
+15512125338,Robocall,block,3,+15512125338,robocall,1,0,,phone_rule,us-ftc-robocall-daily
+15205250897,Robocall,block,3,+15205250897,robocall,1,0,,phone_rule,us-ftc-robocall-daily
+13142714655,Robocall,block,3,+13142714655,robocall,1,0,,phone_rule,us-ftc-robocall-daily
+19789905752,Robocall,block,3,+19789905752,robocall,1,0,,phone_rule,us-ftc-robocall-daily
+15614441863,Robocall,block,3,+15614441863,robocall,1,0,,phone_rule,us-ftc-robocall-daily
+16232699070,Robocall,block,3,+16232699070,robocall,1,0,,phone_rule,us-ftc-robocall-daily
+16232513253,Robocall,block,3,+16232513253,robocall,1,0,,phone_rule,us-ftc-robocall-daily
+16576265771,Robocall,block,3,+16576265771,robocall,1,0,,phone_rule,us-ftc-robocall-daily
+18555692320,Robocall,block,3,+18555692320,robocall,1,0,,phone_rule,us-ftc-robocall-daily
+14803597268,Robocall,block,3,+14803597268,robocall,1,0,,phone_rule,us-ftc-robocall-daily
+14698172096,Robocall,block,3,+14698172096,robocall,1,0,,phone_rule,us-ftc-robocall-daily
+18663423882,Robocall,block,3,+18663423882,robocall,1,0,,phone_rule,us-ftc-robocall-daily
+14804622152,Robocall,block,3,+14804622152,robocall,1,0,,phone_rule,us-ftc-robocall-daily
+19845945393,Robocall,block,3,+19845945393,robocall,1,0,,phone_rule,us-ftc-robocall-daily
+15195918282,Robocall,block,3,+15195918282,robocall,1,0,,phone_rule,us-ftc-robocall-daily
+13138572150,Robocall,block,3,+13138572150,robocall,1,0,,phone_rule,us-ftc-robocall-daily
+18028089678,Robocall,block,3,+18028089678,robocall,1,0,,phone_rule,us-ftc-robocall-daily
+13152079076,Robocall,block,3,+13152079076,robocall,1,0,,phone_rule,us-ftc-robocall-daily
+14144370652,Robocall,block,3,+14144370652,robocall,1,0,,phone_rule,us-ftc-robocall-daily
+16233200379,Robocall,block,3,+16233200379,robocall,1,0,,phone_rule,us-ftc-robocall-daily
+16159378078,Robocall,block,3,+16159378078,robocall,1,0,,phone_rule,us-ftc-robocall-daily
+16572229066,Robocall,block,3,+16572229066,robocall,1,0,,phone_rule,us-ftc-robocall-daily
+15028616962,Robocall,block,3,+15028616962,robocall,1,0,,phone_rule,us-ftc-robocall-daily
+19095751454,Robocall,block,3,+19095751454,robocall,1,0,,phone_rule,us-ftc-robocall-daily
+17727839155,Robocall,block,3,+17727839155,robocall,1,0,,phone_rule,us-ftc-robocall-daily
+16159143767,Robocall,block,3,+16159143767,robocall,1,0,,phone_rule,us-ftc-robocall-daily
+18103710353,Robocall,block,3,+18103710353,robocall,1,0,,phone_rule,us-ftc-robocall-daily
+19133569653,Robocall,block,3,+19133569653,robocall,1,0,,phone_rule,us-ftc-robocall-daily
+12086810909,Robocall,block,3,+12086810909,robocall,1,0,,phone_rule,us-ftc-robocall-daily
+15028621542,Robocall,block,3,+15028621542,robocall,1,0,,phone_rule,us-ftc-robocall-daily
+19288006216,Robocall,block,3,+19288006216,robocall,1,0,,phone_rule,us-ftc-robocall-daily
+13302885116,Robocall,block,3,+13302885116,robocall,1,0,,phone_rule,us-ftc-robocall-daily
+17243649494,Robocall,block,3,+17243649494,robocall,1,0,,phone_rule,us-ftc-robocall-daily
+16152121934,Robocall,block,3,+16152121934,robocall,1,0,,phone_rule,us-ftc-robocall-daily
+12209003644,Robocall,block,3,+12209003644,robocall,1,0,,phone_rule,us-ftc-robocall-daily
+19419449493,Robocall,block,3,+19419449493,robocall,1,0,,phone_rule,us-ftc-robocall-daily
+13375644761,Robocall,block,3,+13375644761,robocall,1,0,,phone_rule,us-ftc-robocall-daily
+18335102730,Robocall,block,3,+18335102730,robocall,1,0,,phone_rule,us-ftc-robocall-daily
+19135493619,Robocall,block,3,+19135493619,robocall,1,0,,phone_rule,us-ftc-robocall-daily
+14432276347,Robocall,block,3,+14432276347,robocall,1,0,,phone_rule,us-ftc-robocall-daily
+18623216962,Robocall,block,3,+18623216962,robocall,1,0,,phone_rule,us-ftc-robocall-daily
+14156858749,Robocall,block,3,+14156858749,robocall,1,0,,phone_rule,us-ftc-robocall-daily
+19132322265,Robocall,block,3,+19132322265,robocall,1,0,,phone_rule,us-ftc-robocall-daily
+14694643157,Robocall,block,3,+14694643157,robocall,1,0,,phone_rule,us-ftc-robocall-daily
+17148607030,Robocall,block,3,+17148607030,robocall,1,0,,phone_rule,us-ftc-robocall-daily
+18666901152,Robocall,block,3,+18666901152,robocall,1,0,,phone_rule,us-ftc-robocall-daily
+12084956176,Robocall,block,3,+12084956176,robocall,1,0,,phone_rule,us-ftc-robocall-daily
+18564540703,Robocall,block,3,+18564540703,robocall,1,0,,phone_rule,us-ftc-robocall-daily
+17712447513,Robocall,block,3,+17712447513,robocall,1,0,,phone_rule,us-ftc-robocall-daily
+17817828970,Robocall,block,3,+17817828970,robocall,1,0,,phone_rule,us-ftc-robocall-daily
+15513177551,Robocall,block,3,+15513177551,robocall,1,0,,phone_rule,us-ftc-robocall-daily
+16478631124,Robocall,block,3,+16478631124,robocall,1,0,,phone_rule,us-ftc-robocall-daily
+16292575102,Robocall,block,3,+16292575102,robocall,1,0,,phone_rule,us-ftc-robocall-daily
+15706933261,Robocall,block,3,+15706933261,robocall,1,0,,phone_rule,us-ftc-robocall-daily
+18334596933,Robocall,block,3,+18334596933,robocall,1,0,,phone_rule,us-ftc-robocall-daily
+19099253536,Robocall,block,3,+19099253536,robocall,1,0,,phone_rule,us-ftc-robocall-daily
+17712447520,Robocall,block,3,+17712447520,robocall,1,0,,phone_rule,us-ftc-robocall-daily
+16265963501,Robocall,block,3,+16265963501,robocall,1,0,,phone_rule,us-ftc-robocall-daily
+19137749831,Robocall,block,3,+19137749831,robocall,1,0,,phone_rule,us-ftc-robocall-daily
+18563225200,Robocall,block,3,+18563225200,robocall,1,0,,phone_rule,us-ftc-robocall-daily
+18553162954,Robocall,block,3,+18553162954,robocall,1,0,,phone_rule,us-ftc-robocall-daily
+19434736998,Robocall,block,3,+19434736998,robocall,1,0,,phone_rule,us-ftc-robocall-daily
+14256160158,Robocall,block,3,+14256160158,robocall,1,0,,phone_rule,us-ftc-robocall-daily
+18335481535,Robocall,block,3,+18335481535,robocall,1,0,,phone_rule,us-ftc-robocall-daily
+15308065086,Robocall,block,3,+15308065086,robocall,1,0,,phone_rule,us-ftc-robocall-daily
+12526927834,Robocall,block,3,+12526927834,robocall,1,0,,phone_rule,us-ftc-robocall-daily
+19165007078,Robocall,block,3,+19165007078,robocall,1,0,,phone_rule,us-ftc-robocall-daily
+18557114050,Robocall,block,3,+18557114050,robocall,1,0,,phone_rule,us-ftc-robocall-daily
+19253576954,Robocall,block,3,+19253576954,robocall,1,0,,phone_rule,us-ftc-robocall-daily
+15613200064,Robocall,block,3,+15613200064,robocall,1,0,,phone_rule,us-ftc-robocall-daily
+16204987905,Robocall,block,3,+16204987905,robocall,1,0,,phone_rule,us-ftc-robocall-daily
+19256917981,Robocall,block,3,+19256917981,robocall,1,0,,phone_rule,us-ftc-robocall-daily
+17077855807,Robocall,block,3,+17077855807,robocall,1,0,,phone_rule,us-ftc-robocall-daily
+12132851976,Robocall,block,3,+12132851976,robocall,1,0,,phone_rule,us-ftc-robocall-daily
+13256716089,Robocall,block,3,+13256716089,robocall,1,0,,phone_rule,us-ftc-robocall-daily
+12162984561,Robocall,block,3,+12162984561,robocall,1,0,,phone_rule,us-ftc-robocall-daily
+19419911629,Robocall,block,3,+19419911629,robocall,1,0,,phone_rule,us-ftc-robocall-daily
+19132277618,Robocall,block,3,+19132277618,robocall,1,0,,phone_rule,us-ftc-robocall-daily
+19856404386,Robocall,block,3,+19856404386,robocall,1,0,,phone_rule,us-ftc-robocall-daily
+15103198359,Robocall,block,3,+15103198359,robocall,1,0,,phone_rule,us-ftc-robocall-daily
+17403470313,Robocall,block,3,+17403470313,robocall,1,0,,phone_rule,us-ftc-robocall-daily
+14092329892,Robocall,block,3,+14092329892,robocall,1,0,,phone_rule,us-ftc-robocall-daily
+14312300269,Robocall,block,3,+14312300269,robocall,1,0,,phone_rule,us-ftc-robocall-daily
+13257012016,Robocall,block,3,+13257012016,robocall,1,0,,phone_rule,us-ftc-robocall-daily
+18146108437,Robocall,block,3,+18146108437,robocall,1,0,,phone_rule,us-ftc-robocall-daily
+19257991698,Robocall,block,3,+19257991698,robocall,1,0,,phone_rule,us-ftc-robocall-daily
+14698706243,Robocall,block,3,+14698706243,robocall,1,0,,phone_rule,us-ftc-robocall-daily
+18049519334,Robocall,block,3,+18049519334,robocall,1,0,,phone_rule,us-ftc-robocall-daily
+17072320863,Robocall,block,3,+17072320863,robocall,1,0,,phone_rule,us-ftc-robocall-daily
+12264616315,Robocall,block,3,+12264616315,robocall,1,0,,phone_rule,us-ftc-robocall-daily
+19257554670,Robocall,block,3,+19257554670,robocall,1,0,,phone_rule,us-ftc-robocall-daily
+19082979158,Robocall,block,3,+19082979158,robocall,1,0,,phone_rule,us-ftc-robocall-daily
+18056734193,Robocall,block,3,+18056734193,robocall,1,0,,phone_rule,us-ftc-robocall-daily
+15629553411,Robocall,block,3,+15629553411,robocall,1,0,,phone_rule,us-ftc-robocall-daily
+16026966937,Robocall,block,3,+16026966937,robocall,1,0,,phone_rule,us-ftc-robocall-daily
+18888330855,Robocall,block,3,+18888330855,robocall,1,0,,phone_rule,us-ftc-robocall-daily
+18333337508,Robocall,block,3,+18333337508,robocall,1,0,,phone_rule,us-ftc-robocall-daily
+15188714997,Robocall,block,3,+15188714997,robocall,1,0,,phone_rule,us-ftc-robocall-daily
+18664410902,Robocall,block,3,+18664410902,robocall,1,0,,phone_rule,us-ftc-robocall-daily
+18553308653,Robocall,block,3,+18553308653,robocall,1,0,,phone_rule,us-ftc-robocall-daily
+18606591824,Robocall,block,3,+18606591824,robocall,1,0,,phone_rule,us-ftc-robocall-daily
+17078199960,Robocall,block,3,+17078199960,robocall,1,0,,phone_rule,us-ftc-robocall-daily
+19282338985,Robocall,block,3,+19282338985,robocall,1,0,,phone_rule,us-ftc-robocall-daily
+19832218117,Robocall,block,3,+19832218117,robocall,1,0,,phone_rule,us-ftc-robocall-daily
+19257263997,Robocall,block,3,+19257263997,robocall,1,0,,phone_rule,us-ftc-robocall-daily
+19254598613,Robocall,block,3,+19254598613,robocall,1,0,,phone_rule,us-ftc-robocall-daily
+18606305257,Robocall,block,3,+18606305257,robocall,1,0,,phone_rule,us-ftc-robocall-daily
+17745869429,Robocall,block,3,+17745869429,robocall,1,0,,phone_rule,us-ftc-robocall-daily
+12899025885,Robocall,block,3,+12899025885,robocall,1,0,,phone_rule,us-ftc-robocall-daily
+16363224072,Robocall,block,3,+16363224072,robocall,1,0,,phone_rule,us-ftc-robocall-daily
+12897778983,Robocall,block,3,+12897778983,robocall,1,0,,phone_rule,us-ftc-robocall-daily
+14167915953,Robocall,block,3,+14167915953,robocall,1,0,,phone_rule,us-ftc-robocall-daily
+15302044534,Robocall,block,3,+15302044534,robocall,1,0,,phone_rule,us-ftc-robocall-daily
+19082979211,Robocall,block,3,+19082979211,robocall,1,0,,phone_rule,us-ftc-robocall-daily
+18668822530,Robocall,block,3,+18668822530,robocall,1,0,,phone_rule,us-ftc-robocall-daily
+18106425005,Robocall,block,3,+18106425005,robocall,1,0,,phone_rule,us-ftc-robocall-daily
+18163988195,Robocall,block,3,+18163988195,robocall,1,0,,phone_rule,us-ftc-robocall-daily
+12264770918,Robocall,block,3,+12264770918,robocall,1,0,,phone_rule,us-ftc-robocall-daily
+16468286876,Robocall,block,3,+16468286876,robocall,1,0,,phone_rule,us-ftc-robocall-daily
+13469995715,Robocall,block,3,+13469995715,robocall,1,0,,phone_rule,us-ftc-robocall-daily
+15874243860,Robocall,block,3,+15874243860,robocall,1,0,,phone_rule,us-ftc-robocall-daily
+15487620562,Robocall,block,3,+15487620562,robocall,1,0,,phone_rule,us-ftc-robocall-daily
+19317284545,Robocall,block,3,+19317284545,robocall,1,0,,phone_rule,us-ftc-robocall-daily
+18575772443,Robocall,block,3,+18575772443,robocall,1,0,,phone_rule,us-ftc-robocall-daily
+12263369818,Robocall,block,3,+12263369818,robocall,1,0,,phone_rule,us-ftc-robocall-daily
+18777320149,Robocall,block,3,+18777320149,robocall,1,0,,phone_rule,us-ftc-robocall-daily
+18887406918,Robocall,block,3,+18887406918,robocall,1,0,,phone_rule,us-ftc-robocall-daily
+18605105704,Robocall,block,3,+18605105704,robocall,1,0,,phone_rule,us-ftc-robocall-daily
+15407098261,Robocall,block,3,+15407098261,robocall,1,0,,phone_rule,us-ftc-robocall-daily
+17207189173,Robocall,block,3,+17207189173,robocall,1,0,,phone_rule,us-ftc-robocall-daily
+18609012625,Robocall,block,3,+18609012625,robocall,1,0,,phone_rule,us-ftc-robocall-daily
+18308679901,Robocall,block,3,+18308679901,robocall,1,0,,phone_rule,us-ftc-robocall-daily
+15108384163,Robocall,block,3,+15108384163,robocall,1,0,,phone_rule,us-ftc-robocall-daily
+15815807009,Robocall,block,3,+15815807009,robocall,1,0,,phone_rule,us-ftc-robocall-daily
+19166473790,Robocall,block,3,+19166473790,robocall,1,0,,phone_rule,us-ftc-robocall-daily
+19182717973,Robocall,block,3,+19182717973,robocall,1,0,,phone_rule,us-ftc-robocall-daily
+15039142695,Robocall,block,3,+15039142695,robocall,1,0,,phone_rule,us-ftc-robocall-daily
+15599344583,Robocall,block,3,+15599344583,robocall,1,0,,phone_rule,us-ftc-robocall-daily
+15627456830,Robocall,block,3,+15627456830,robocall,1,0,,phone_rule,us-ftc-robocall-daily
+19282545780,Robocall,block,3,+19282545780,robocall,1,0,,phone_rule,us-ftc-robocall-daily
+18335548158,Robocall,block,3,+18335548158,robocall,1,0,,phone_rule,us-ftc-robocall-daily
+12244106975,Robocall,block,3,+12244106975,robocall,1,0,,phone_rule,us-ftc-robocall-daily
+13044288900,Robocall,block,3,+13044288900,robocall,1,0,,phone_rule,us-ftc-robocall-daily
+14323094171,Robocall,block,3,+14323094171,robocall,1,0,,phone_rule,us-ftc-robocall-daily
+16012101245,Robocall,block,3,+16012101245,robocall,1,0,,phone_rule,us-ftc-robocall-daily
+14082109191,Robocall,block,3,+14082109191,robocall,1,0,,phone_rule,us-ftc-robocall-daily
+16614982145,Robocall,block,3,+16614982145,robocall,1,0,,phone_rule,us-ftc-robocall-daily
+16152376365,Robocall,block,3,+16152376365,robocall,1,0,,phone_rule,us-ftc-robocall-daily
+17172201135,Robocall,block,3,+17172201135,robocall,1,0,,phone_rule,us-ftc-robocall-daily
+19403534187,Robocall,block,3,+19403534187,robocall,1,0,,phone_rule,us-ftc-robocall-daily
+18447103140,Robocall,block,3,+18447103140,robocall,1,0,,phone_rule,us-ftc-robocall-daily
+14347773396,Robocall,block,3,+14347773396,robocall,1,0,,phone_rule,us-ftc-robocall-daily
+17854856062,Robocall,block,3,+17854856062,robocall,1,0,,phone_rule,us-ftc-robocall-daily
+14023682597,Robocall,block,3,+14023682597,robocall,1,0,,phone_rule,us-ftc-robocall-daily
+16393205516,Robocall,block,3,+16393205516,robocall,1,0,,phone_rule,us-ftc-robocall-daily
+14798998147,Robocall,block,3,+14798998147,robocall,1,0,,phone_rule,us-ftc-robocall-daily
+17743368758,Robocall,block,3,+17743368758,robocall,1,0,,phone_rule,us-ftc-robocall-daily
+14056489649,Robocall,block,3,+14056489649,robocall,1,0,,phone_rule,us-ftc-robocall-daily
+13035860152,Robocall,block,3,+13035860152,robocall,1,0,,phone_rule,us-ftc-robocall-daily
+14234559247,Robocall,block,3,+14234559247,robocall,1,0,,phone_rule,us-ftc-robocall-daily
+14022197690,Robocall,block,3,+14022197690,robocall,1,0,,phone_rule,us-ftc-robocall-daily
+19258923607,Robocall,block,3,+19258923607,robocall,1,0,,phone_rule,us-ftc-robocall-daily
+12246810835,Robocall,block,3,+12246810835,robocall,1,0,,phone_rule,us-ftc-robocall-daily
+18606408037,Robocall,block,3,+18606408037,robocall,1,0,,phone_rule,us-ftc-robocall-daily
+13853716256,Robocall,block,3,+13853716256,robocall,1,0,,phone_rule,us-ftc-robocall-daily
+12485622995,Robocall,block,3,+12485622995,robocall,1,0,,phone_rule,us-ftc-robocall-daily
+19152680722,Robocall,block,3,+19152680722,robocall,1,0,,phone_rule,us-ftc-robocall-daily
+16263133904,Robocall,block,3,+16263133904,robocall,1,0,,phone_rule,us-ftc-robocall-daily
+18442917317,Robocall,block,3,+18442917317,robocall,1,0,,phone_rule,us-ftc-robocall-daily
+18605913083,Robocall,block,3,+18605913083,robocall,1,0,,phone_rule,us-ftc-robocall-daily
+18777103793,Robocall,block,3,+18777103793,robocall,1,0,,phone_rule,us-ftc-robocall-daily
+16893309017,Robocall,block,3,+16893309017,robocall,1,0,,phone_rule,us-ftc-robocall-daily
+14027483017,Robocall,block,3,+14027483017,robocall,1,0,,phone_rule,us-ftc-robocall-daily
+12133360230,Robocall,block,3,+12133360230,robocall,1,0,,phone_rule,us-ftc-robocall-daily
+18334271894,Robocall,block,3,+18334271894,robocall,1,0,,phone_rule,us-ftc-robocall-daily
+17069099412,Robocall,block,3,+17069099412,robocall,1,0,,phone_rule,us-ftc-robocall-daily
+19399023457,Robocall,block,3,+19399023457,robocall,1,0,,phone_rule,us-ftc-robocall-daily
+14705244938,Robocall,block,3,+14705244938,robocall,1,0,,phone_rule,us-ftc-robocall-daily
+17806910498,Robocall,block,3,+17806910498,robocall,1,0,,phone_rule,us-ftc-robocall-daily
+18606984773,Robocall,block,3,+18606984773,robocall,1,0,,phone_rule,us-ftc-robocall-daily
+13866593935,Robocall,block,3,+13866593935,robocall,1,0,,phone_rule,us-ftc-robocall-daily
+18889808728,Robocall,block,3,+18889808728,robocall,1,0,,phone_rule,us-ftc-robocall-daily
+13083710165,Robocall,block,3,+13083710165,robocall,1,0,,phone_rule,us-ftc-robocall-daily
+15629553447,Robocall,block,3,+15629553447,robocall,1,0,,phone_rule,us-ftc-robocall-daily
+16055666923,Robocall,block,3,+16055666923,robocall,1,0,,phone_rule,us-ftc-robocall-daily
+18339966031,Robocall,block,3,+18339966031,robocall,1,0,,phone_rule,us-ftc-robocall-daily
+17757799906,Robocall,block,3,+17757799906,robocall,1,0,,phone_rule,us-ftc-robocall-daily
+13239179243,Robocall,block,3,+13239179243,robocall,1,0,,phone_rule,us-ftc-robocall-daily
+15017436111,Robocall,block,3,+15017436111,robocall,1,0,,phone_rule,us-ftc-robocall-daily
+13475473307,Robocall,block,3,+13475473307,robocall,1,0,,phone_rule,us-ftc-robocall-daily
+12533545697,Robocall,block,3,+12533545697,robocall,1,0,,phone_rule,us-ftc-robocall-daily
+18777104027,Robocall,block,3,+18777104027,robocall,1,0,,phone_rule,us-ftc-robocall-daily
+19292766537,Robocall,block,3,+19292766537,robocall,1,0,,phone_rule,us-ftc-robocall-daily
+18888465081,Robocall,block,3,+18888465081,robocall,1,0,,phone_rule,us-ftc-robocall-daily
+17077794206,Robocall,block,3,+17077794206,robocall,1,0,,phone_rule,us-ftc-robocall-daily
+12344650269,Robocall,block,3,+12344650269,robocall,1,0,,phone_rule,us-ftc-robocall-daily
+15159886660,Robocall,block,3,+15159886660,robocall,1,0,,phone_rule,us-ftc-robocall-daily
+15014711338,Robocall,block,3,+15014711338,robocall,1,0,,phone_rule,us-ftc-robocall-daily
+13034653286,Robocall,block,3,+13034653286,robocall,1,0,,phone_rule,us-ftc-robocall-daily
+17249205944,Robocall,block,3,+17249205944,robocall,1,0,,phone_rule,us-ftc-robocall-daily
+15028000566,Robocall,block,3,+15028000566,robocall,1,0,,phone_rule,us-ftc-robocall-daily
+18443812871,Robocall,block,3,+18443812871,robocall,1,0,,phone_rule,us-ftc-robocall-daily
+18575771166,Robocall,block,3,+18575771166,robocall,1,0,,phone_rule,us-ftc-robocall-daily
+15186179770,Robocall,block,3,+15186179770,robocall,1,0,,phone_rule,us-ftc-robocall-daily
+14195939452,Robocall,block,3,+14195939452,robocall,1,0,,phone_rule,us-ftc-robocall-daily
+13022875641,Robocall,block,3,+13022875641,robocall,1,0,,phone_rule,us-ftc-robocall-daily
+19283522926,Robocall,block,3,+19283522926,robocall,1,0,,phone_rule,us-ftc-robocall-daily
+14013996413,Robocall,block,3,+14013996413,robocall,1,0,,phone_rule,us-ftc-robocall-daily
+18778842292,Robocall,block,3,+18778842292,robocall,1,0,,phone_rule,us-ftc-robocall-daily
+13036044500,Robocall,block,3,+13036044500,robocall,1,0,,phone_rule,us-ftc-robocall-daily
+15055853639,Robocall,block,3,+15055853639,robocall,1,0,,phone_rule,us-ftc-robocall-daily
+17405203731,Robocall,block,3,+17405203731,robocall,1,0,,phone_rule,us-ftc-robocall-daily
+18008882581,Robocall,block,3,+18008882581,robocall,1,0,,phone_rule,us-ftc-robocall-daily
+18559192157,Robocall,block,3,+18559192157,robocall,1,0,,phone_rule,us-ftc-robocall-daily
+19193012340,Robocall,block,3,+19193012340,robocall,1,0,,phone_rule,us-ftc-robocall-daily
+16502155671,Robocall,block,3,+16502155671,robocall,1,0,,phone_rule,us-ftc-robocall-daily
+17402012806,Robocall,block,3,+17402012806,robocall,1,0,,phone_rule,us-ftc-robocall-daily
+13235094350,Robocall,block,3,+13235094350,robocall,1,0,,phone_rule,us-ftc-robocall-daily
+12183219609,Robocall,block,3,+12183219609,robocall,1,0,,phone_rule,us-ftc-robocall-daily
+16413160154,Robocall,block,3,+16413160154,robocall,1,0,,phone_rule,us-ftc-robocall-daily
+17817633421,Robocall,block,3,+17817633421,robocall,1,0,,phone_rule,us-ftc-robocall-daily
+18338165527,Robocall,block,3,+18338165527,robocall,1,0,,phone_rule,us-ftc-robocall-daily
+13029273338,Robocall,block,3,+13029273338,robocall,1,0,,phone_rule,us-ftc-robocall-daily
+13192899816,Robocall,block,3,+13192899816,robocall,1,0,,phone_rule,us-ftc-robocall-daily
+17402922969,Robocall,block,3,+17402922969,robocall,1,0,,phone_rule,us-ftc-robocall-daily
+12894126419,Robocall,block,3,+12894126419,robocall,1,0,,phone_rule,us-ftc-robocall-daily
+17029816970,Robocall,block,3,+17029816970,robocall,1,0,,phone_rule,us-ftc-robocall-daily
+18392189662,Robocall,block,3,+18392189662,robocall,1,0,,phone_rule,us-ftc-robocall-daily
+17605098760,Robocall,block,3,+17605098760,robocall,1,0,,phone_rule,us-ftc-robocall-daily
+15052951375,Robocall,block,3,+15052951375,robocall,1,0,,phone_rule,us-ftc-robocall-daily
+17432868431,Robocall,block,3,+17432868431,robocall,1,0,,phone_rule,us-ftc-robocall-daily
+12312378922,Robocall,block,3,+12312378922,robocall,1,0,,phone_rule,us-ftc-robocall-daily
+18557494546,Robocall,block,3,+18557494546,robocall,1,0,,phone_rule,us-ftc-robocall-daily
+17744358476,Robocall,block,3,+17744358476,robocall,1,0,,phone_rule,us-ftc-robocall-daily
+14144379635,Robocall,block,3,+14144379635,robocall,1,0,,phone_rule,us-ftc-robocall-daily
+15066992277,Robocall,block,3,+15066992277,robocall,1,0,,phone_rule,us-ftc-robocall-daily
+18444541732,Robocall,block,3,+18444541732,robocall,1,0,,phone_rule,us-ftc-robocall-daily
+18882428801,Robocall,block,3,+18882428801,robocall,1,0,,phone_rule,us-ftc-robocall-daily
+19809875467,Robocall,block,3,+19809875467,robocall,1,0,,phone_rule,us-ftc-robocall-daily
+17052991505,Robocall,block,3,+17052991505,robocall,1,0,,phone_rule,us-ftc-robocall-daily
+13133806764,Robocall,block,3,+13133806764,robocall,1,0,,phone_rule,us-ftc-robocall-daily
+13292138271,Robocall,block,3,+13292138271,robocall,1,0,,phone_rule,us-ftc-robocall-daily
+18184793373,Robocall,block,3,+18184793373,robocall,1,0,,phone_rule,us-ftc-robocall-daily
+18888440777,Robocall,block,3,+18888440777,robocall,1,0,,phone_rule,us-ftc-robocall-daily
+19804442385,Robocall,block,3,+19804442385,robocall,1,0,,phone_rule,us-ftc-robocall-daily
+19292766379,Robocall,block,3,+19292766379,robocall,1,0,,phone_rule,us-ftc-robocall-daily
+18559832037,Robocall,block,3,+18559832037,robocall,1,0,,phone_rule,us-ftc-robocall-daily
+17162818188,Robocall,block,3,+17162818188,robocall,1,0,,phone_rule,us-ftc-robocall-daily
+18186263958,Robocall,block,3,+18186263958,robocall,1,0,,phone_rule,us-ftc-robocall-daily
+18668470480,Robocall,block,3,+18668470480,robocall,1,0,,phone_rule,us-ftc-robocall-daily
+15052010833,Robocall,block,3,+15052010833,robocall,1,0,,phone_rule,us-ftc-robocall-daily
+18773444365,Robocall,block,3,+18773444365,robocall,1,0,,phone_rule,us-ftc-robocall-daily
+12366889957,Robocall,block,3,+12366889957,robocall,1,0,,phone_rule,us-ftc-robocall-daily
+17472976178,Robocall,block,3,+17472976178,robocall,1,0,,phone_rule,us-ftc-robocall-daily
+12317292196,Robocall,block,3,+12317292196,robocall,1,0,,phone_rule,us-ftc-robocall-daily
+16412288550,Robocall,block,3,+16412288550,robocall,1,0,,phone_rule,us-ftc-robocall-daily
+19434684708,Robocall,block,3,+19434684708,robocall,1,0,,phone_rule,us-ftc-robocall-daily
+15025132511,Robocall,block,3,+15025132511,robocall,1,0,,phone_rule,us-ftc-robocall-daily
+18702985199,Robocall,block,3,+18702985199,robocall,1,0,,phone_rule,us-ftc-robocall-daily
+12164122756,Robocall,block,3,+12164122756,robocall,1,0,,phone_rule,us-ftc-robocall-daily
+16265964401,Robocall,block,3,+16265964401,robocall,1,0,,phone_rule,us-ftc-robocall-daily
+12157401255,Robocall,block,3,+12157401255,robocall,1,0,,phone_rule,us-ftc-robocall-daily
+14136011674,Robocall,block,3,+14136011674,robocall,1,0,,phone_rule,us-ftc-robocall-daily
+19024524177,Robocall,block,3,+19024524177,robocall,1,0,,phone_rule,us-ftc-robocall-daily
+12566999135,Robocall,block,3,+12566999135,robocall,1,0,,phone_rule,us-ftc-robocall-daily
+16185371973,Robocall,block,3,+16185371973,robocall,1,0,,phone_rule,us-ftc-robocall-daily
+12394216105,Robocall,block,3,+12394216105,robocall,1,0,,phone_rule,us-ftc-robocall-daily
+17097200374,Robocall,block,3,+17097200374,robocall,1,0,,phone_rule,us-ftc-robocall-daily
+18888470480,Robocall,block,3,+18888470480,robocall,1,0,,phone_rule,us-ftc-robocall-daily
+19012510848,Robocall,block,3,+19012510848,robocall,1,0,,phone_rule,us-ftc-robocall-daily
+12623368941,Robocall,block,3,+12623368941,robocall,1,0,,phone_rule,us-ftc-robocall-daily
+18779572897,Robocall,block,3,+18779572897,robocall,1,0,,phone_rule,us-ftc-robocall-daily
+17243649218,Robocall,block,3,+17243649218,robocall,1,0,,phone_rule,us-ftc-robocall-daily
+18663882848,Robocall,block,3,+18663882848,robocall,1,0,,phone_rule,us-ftc-robocall-daily
+18559205620,Robocall,block,3,+18559205620,robocall,1,0,,phone_rule,us-ftc-robocall-daily
+16783034614,Robocall,block,3,+16783034614,robocall,1,0,,phone_rule,us-ftc-robocall-daily
+13102264123,Robocall,block,3,+13102264123,robocall,1,0,,phone_rule,us-ftc-robocall-daily
+16125200098,Robocall,block,3,+16125200098,robocall,1,0,,phone_rule,us-ftc-robocall-daily
+16462211452,Robocall,block,3,+16462211452,robocall,1,0,,phone_rule,us-ftc-robocall-daily
+18334144747,Robocall,block,3,+18334144747,robocall,1,0,,phone_rule,us-ftc-robocall-daily
+14702932079,Robocall,block,3,+14702932079,robocall,1,0,,phone_rule,us-ftc-robocall-daily
+19286917102,Robocall,block,3,+19286917102,robocall,1,0,,phone_rule,us-ftc-robocall-daily
+18884320471,Robocall,block,3,+18884320471,robocall,1,0,,phone_rule,us-ftc-robocall-daily
+17432867014,Robocall,block,3,+17432867014,robocall,1,0,,phone_rule,us-ftc-robocall-daily
+13864341571,Robocall,block,3,+13864341571,robocall,1,0,,phone_rule,us-ftc-robocall-daily
+19059846917,Robocall,block,3,+19059846917,robocall,1,0,,phone_rule,us-ftc-robocall-daily
+12319075434,Robocall,block,3,+12319075434,robocall,1,0,,phone_rule,us-ftc-robocall-daily
+13102949757,Robocall,block,3,+13102949757,robocall,1,0,,phone_rule,us-ftc-robocall-daily
+18555802692,Robocall,block,3,+18555802692,robocall,1,0,,phone_rule,us-ftc-robocall-daily
+13036799287,Robocall,block,3,+13036799287,robocall,1,0,,phone_rule,us-ftc-robocall-daily
+18459693764,Robocall,block,3,+18459693764,robocall,1,0,,phone_rule,us-ftc-robocall-daily
+18773921763,Robocall,block,3,+18773921763,robocall,1,0,,phone_rule,us-ftc-robocall-daily
+13036218660,Robocall,block,3,+13036218660,robocall,1,0,,phone_rule,us-ftc-robocall-daily
+14702938252,Robocall,block,3,+14702938252,robocall,1,0,,phone_rule,us-ftc-robocall-daily
+19167670547,Robocall,block,3,+19167670547,robocall,1,0,,phone_rule,us-ftc-robocall-daily
+18335482371,Robocall,block,3,+18335482371,robocall,1,0,,phone_rule,us-ftc-robocall-daily
+16203746509,Robocall,block,3,+16203746509,robocall,1,0,,phone_rule,us-ftc-robocall-daily
+13232306377,Robocall,block,3,+13232306377,robocall,1,0,,phone_rule,us-ftc-robocall-daily
+16027891619,Robocall,block,3,+16027891619,robocall,1,0,,phone_rule,us-ftc-robocall-daily
+13528511775,Robocall,block,3,+13528511775,robocall,1,0,,phone_rule,us-ftc-robocall-daily
+13802548487,Robocall,block,3,+13802548487,robocall,1,0,,phone_rule,us-ftc-robocall-daily
+18776122298,Robocall,block,3,+18776122298,robocall,1,0,,phone_rule,us-ftc-robocall-daily
+18339137822,Robocall,block,3,+18339137822,robocall,1,0,,phone_rule,us-ftc-robocall-daily
+18044651954,Robocall,block,3,+18044651954,robocall,1,0,,phone_rule,us-ftc-robocall-daily
+18057169865,Robocall,block,3,+18057169865,robocall,1,0,,phone_rule,us-ftc-robocall-daily
+18739969357,Robocall,block,3,+18739969357,robocall,1,0,,phone_rule,us-ftc-robocall-daily
+18668993791,Robocall,block,3,+18668993791,robocall,1,0,,phone_rule,us-ftc-robocall-daily
+18102733230,Robocall,block,3,+18102733230,robocall,1,0,,phone_rule,us-ftc-robocall-daily
+18555692094,Robocall,block,3,+18555692094,robocall,1,0,,phone_rule,us-ftc-robocall-daily
+18883175746,Robocall,block,3,+18883175746,robocall,1,0,,phone_rule,us-ftc-robocall-daily
+16412222505,Robocall,block,3,+16412222505,robocall,1,0,,phone_rule,us-ftc-robocall-daily
+17273171751,Robocall,block,3,+17273171751,robocall,1,0,,phone_rule,us-ftc-robocall-daily
+17152574932,Robocall,block,3,+17152574932,robocall,1,0,,phone_rule,us-ftc-robocall-daily
+18107715156,Robocall,block,3,+18107715156,robocall,1,0,,phone_rule,us-ftc-robocall-daily
+18885855630,Robocall,block,3,+18885855630,robocall,1,0,,phone_rule,us-ftc-robocall-daily
+17075909746,Robocall,block,3,+17075909746,robocall,1,0,,phone_rule,us-ftc-robocall-daily
+18052974431,Robocall,block,3,+18052974431,robocall,1,0,,phone_rule,us-ftc-robocall-daily
+19194299378,Robocall,block,3,+19194299378,robocall,1,0,,phone_rule,us-ftc-robocall-daily
+13186168903,Robocall,block,3,+13186168903,robocall,1,0,,phone_rule,us-ftc-robocall-daily
+13804000991,Robocall,block,3,+13804000991,robocall,1,0,,phone_rule,us-ftc-robocall-daily
+13036577640,Robocall,block,3,+13036577640,robocall,1,0,,phone_rule,us-ftc-robocall-daily
+12318756541,Robocall,block,3,+12318756541,robocall,1,0,,phone_rule,us-ftc-robocall-daily
+18773912501,Robocall,block,3,+18773912501,robocall,1,0,,phone_rule,us-ftc-robocall-daily
+18889187054,Robocall,block,3,+18889187054,robocall,1,0,,phone_rule,us-ftc-robocall-daily
+12547200373,Robocall,block,3,+12547200373,robocall,1,0,,phone_rule,us-ftc-robocall-daily
+18779610349,Robocall,block,3,+18779610349,robocall,1,0,,phone_rule,us-ftc-robocall-daily
+18317771713,Robocall,block,3,+18317771713,robocall,1,0,,phone_rule,us-ftc-robocall-daily
+14196006590,Robocall,block,3,+14196006590,robocall,1,0,,phone_rule,us-ftc-robocall-daily
+16128087046,Robocall,block,3,+16128087046,robocall,1,0,,phone_rule,us-ftc-robocall-daily
+18667713298,Robocall,block,3,+18667713298,robocall,1,0,,phone_rule,us-ftc-robocall-daily
+17205435142,Robocall,block,3,+17205435142,robocall,1,0,,phone_rule,us-ftc-robocall-daily
+13186790369,Robocall,block,3,+13186790369,robocall,1,0,,phone_rule,us-ftc-robocall-daily
+18883976905,Robocall,block,3,+18883976905,robocall,1,0,,phone_rule,us-ftc-robocall-daily
+15014082688,Robocall,block,3,+15014082688,robocall,1,0,,phone_rule,us-ftc-robocall-daily
+19289180753,Robocall,block,3,+19289180753,robocall,1,0,,phone_rule,us-ftc-robocall-daily
+19407773321,Robocall,block,3,+19407773321,robocall,1,0,,phone_rule,us-ftc-robocall-daily
+14807904006,Robocall,block,3,+14807904006,robocall,1,0,,phone_rule,us-ftc-robocall-daily
+18045529919,Robocall,block,3,+18045529919,robocall,1,0,,phone_rule,us-ftc-robocall-daily
+18667715756,Robocall,block,3,+18667715756,robocall,1,0,,phone_rule,us-ftc-robocall-daily
+18559242885,Robocall,block,3,+18559242885,robocall,1,0,,phone_rule,us-ftc-robocall-daily
+19286139590,Robocall,block,3,+19286139590,robocall,1,0,,phone_rule,us-ftc-robocall-daily
+18137086719,Robocall,block,3,+18137086719,robocall,1,0,,phone_rule,us-ftc-robocall-daily
+19432322575,Robocall,block,3,+19432322575,robocall,1,0,,phone_rule,us-ftc-robocall-daily
+18622762945,Robocall,block,3,+18622762945,robocall,1,0,,phone_rule,us-ftc-robocall-daily
+13374441134,Robocall,block,3,+13374441134,robocall,1,0,,phone_rule,us-ftc-robocall-daily
+18333507367,Robocall,block,3,+18333507367,robocall,1,0,,phone_rule,us-ftc-robocall-daily
+16026727224,Robocall,block,3,+16026727224,robocall,1,0,,phone_rule,us-ftc-robocall-daily
+14357333892,Robocall,block,3,+14357333892,robocall,1,0,,phone_rule,us-ftc-robocall-daily
+17077855948,Robocall,block,3,+17077855948,robocall,1,0,,phone_rule,us-ftc-robocall-daily
+16098320232,Robocall,block,3,+16098320232,robocall,1,0,,phone_rule,us-ftc-robocall-daily
+17077791955,Robocall,block,3,+17077791955,robocall,1,0,,phone_rule,us-ftc-robocall-daily
+18559940124,Robocall,block,3,+18559940124,robocall,1,0,,phone_rule,us-ftc-robocall-daily
+13186162903,Robocall,block,3,+13186162903,robocall,1,0,,phone_rule,us-ftc-robocall-daily
+19549064282,Robocall,block,3,+19549064282,robocall,1,0,,phone_rule,us-ftc-robocall-daily
+15626879473,Robocall,block,3,+15626879473,robocall,1,0,,phone_rule,us-ftc-robocall-daily
+14123055791,Robocall,block,3,+14123055791,robocall,1,0,,phone_rule,us-ftc-robocall-daily
+16104959425,Robocall,block,3,+16104959425,robocall,1,0,,phone_rule,us-ftc-robocall-daily
+17744499214,Robocall,block,3,+17744499214,robocall,1,0,,phone_rule,us-ftc-robocall-daily
+15064552019,Robocall,block,3,+15064552019,robocall,1,0,,phone_rule,us-ftc-robocall-daily
+15158422575,Robocall,block,3,+15158422575,robocall,1,0,,phone_rule,us-ftc-robocall-daily
+17859175089,Robocall,block,3,+17859175089,robocall,1,0,,phone_rule,us-ftc-robocall-daily
+16816871053,Robocall,block,3,+16816871053,robocall,1,0,,phone_rule,us-ftc-robocall-daily
+18392957408,Robocall,block,3,+18392957408,robocall,1,0,,phone_rule,us-ftc-robocall-daily
+19379552970,Robocall,block,3,+19379552970,robocall,1,0,,phone_rule,us-ftc-robocall-daily
+19852374295,Robocall,block,3,+19852374295,robocall,1,0,,phone_rule,us-ftc-robocall-daily
+17854020976,Robocall,block,3,+17854020976,robocall,1,0,,phone_rule,us-ftc-robocall-daily
+15805017652,Robocall,block,3,+15805017652,robocall,1,0,,phone_rule,us-ftc-robocall-daily
+16672028089,Robocall,block,3,+16672028089,robocall,1,0,,phone_rule,us-ftc-robocall-daily
+18564718439,Robocall,block,3,+18564718439,robocall,1,0,,phone_rule,us-ftc-robocall-daily
+15614413624,Robocall,block,3,+15614413624,robocall,1,0,,phone_rule,us-ftc-robocall-daily
+14697841595,Robocall,block,3,+14697841595,robocall,1,0,,phone_rule,us-ftc-robocall-daily
+17855143864,Robocall,block,3,+17855143864,robocall,1,0,,phone_rule,us-ftc-robocall-daily
+17073080991,Robocall,block,3,+17073080991,robocall,1,0,,phone_rule,us-ftc-robocall-daily
+18667715653,Robocall,block,3,+18667715653,robocall,1,0,,phone_rule,us-ftc-robocall-daily
+19735288030,Robocall,block,3,+19735288030,robocall,1,0,,phone_rule,us-ftc-robocall-daily
+12254796769,Robocall,block,3,+12254796769,robocall,1,0,,phone_rule,us-ftc-robocall-daily
+17853809989,Robocall,block,3,+17853809989,robocall,1,0,,phone_rule,us-ftc-robocall-daily
+18329520636,Robocall,block,3,+18329520636,robocall,1,0,,phone_rule,us-ftc-robocall-daily
+13183664572,Robocall,block,3,+13183664572,robocall,1,0,,phone_rule,us-ftc-robocall-daily
+17077835188,Robocall,block,3,+17077835188,robocall,1,0,,phone_rule,us-ftc-robocall-daily
+17076224491,Robocall,block,3,+17076224491,robocall,1,0,,phone_rule,us-ftc-robocall-daily
+17374978261,Robocall,block,3,+17374978261,robocall,1,0,,phone_rule,us-ftc-robocall-daily
+17856735551,Robocall,block,3,+17856735551,robocall,1,0,,phone_rule,us-ftc-robocall-daily
+19034476753,Robocall,block,3,+19034476753,robocall,1,0,,phone_rule,us-ftc-robocall-daily
+15626493967,Robocall,block,3,+15626493967,robocall,1,0,,phone_rule,us-ftc-robocall-daily
+17857386516,Robocall,block,3,+17857386516,robocall,1,0,,phone_rule,us-ftc-robocall-daily
+18559242112,Robocall,block,3,+18559242112,robocall,1,0,,phone_rule,us-ftc-robocall-daily
+17727103814,Robocall,block,3,+17727103814,robocall,1,0,,phone_rule,us-ftc-robocall-daily
+18459406623,Robocall,block,3,+18459406623,robocall,1,0,,phone_rule,us-ftc-robocall-daily
+17855140945,Robocall,block,3,+17855140945,robocall,1,0,,phone_rule,us-ftc-robocall-daily
+14354411047,Robocall,block,3,+14354411047,robocall,1,0,,phone_rule,us-ftc-robocall-daily
+17322278875,Robocall,block,3,+17322278875,robocall,1,0,,phone_rule,us-ftc-robocall-daily
+17855302146,Robocall,block,3,+17855302146,robocall,1,0,,phone_rule,us-ftc-robocall-daily
+18339420595,Robocall,block,3,+18339420595,robocall,1,0,,phone_rule,us-ftc-robocall-daily
+14052659453,Robocall,block,3,+14052659453,robocall,1,0,,phone_rule,us-ftc-robocall-daily
+18883345890,Robocall,block,3,+18883345890,robocall,1,0,,phone_rule,us-ftc-robocall-daily
+18564023305,Robocall,block,3,+18564023305,robocall,1,0,,phone_rule,us-ftc-robocall-daily
+14255724180,Robocall,block,3,+14255724180,robocall,1,0,,phone_rule,us-ftc-robocall-daily
+13182172782,Robocall,block,3,+13182172782,robocall,1,0,,phone_rule,us-ftc-robocall-daily
+18102733155,Robocall,block,3,+18102733155,robocall,1,0,,phone_rule,us-ftc-robocall-daily
+17078358030,Robocall,block,3,+17078358030,robocall,1,0,,phone_rule,us-ftc-robocall-daily
+14056659830,Robocall,block,3,+14056659830,robocall,1,0,,phone_rule,us-ftc-robocall-daily
+16506620105,Robocall,block,3,+16506620105,robocall,1,0,,phone_rule,us-ftc-robocall-daily
+18335413470,Robocall,block,3,+18335413470,robocall,1,0,,phone_rule,us-ftc-robocall-daily
+17276588859,Robocall,block,3,+17276588859,robocall,1,0,,phone_rule,us-ftc-robocall-daily
+19257263861,Robocall,block,3,+19257263861,robocall,1,0,,phone_rule,us-ftc-robocall-daily
+18727999382,Robocall,block,3,+18727999382,robocall,1,0,,phone_rule,us-ftc-robocall-daily
+17852324300,Robocall,block,3,+17852324300,robocall,1,0,,phone_rule,us-ftc-robocall-daily
+12315279643,Robocall,block,3,+12315279643,robocall,1,0,,phone_rule,us-ftc-robocall-daily
+19498056950,Robocall,block,3,+19498056950,robocall,1,0,,phone_rule,us-ftc-robocall-daily
+19033859960,Robocall,block,3,+19033859960,robocall,1,0,,phone_rule,us-ftc-robocall-daily
+15158422239,Robocall,block,3,+15158422239,robocall,1,0,,phone_rule,us-ftc-robocall-daily
+18563829566,Robocall,block,3,+18563829566,robocall,1,0,,phone_rule,us-ftc-robocall-daily
+17865418498,Robocall,block,3,+17865418498,robocall,1,0,,phone_rule,us-ftc-robocall-daily
+17858769612,Robocall,block,3,+17858769612,robocall,1,0,,phone_rule,us-ftc-robocall-daily
+17602578988,Robocall,block,3,+17602578988,robocall,1,0,,phone_rule,us-ftc-robocall-daily
+12693502698,Robocall,block,3,+12693502698,robocall,1,0,,phone_rule,us-ftc-robocall-daily
+13368649460,Robocall,block,3,+13368649460,robocall,1,0,,phone_rule,us-ftc-robocall-daily
+18883140853,Robocall,block,3,+18883140853,robocall,1,0,,phone_rule,us-ftc-robocall-daily
+18447671173,Robocall,block,3,+18447671173,robocall,1,0,,phone_rule,us-ftc-robocall-daily
+14052568153,Robocall,block,3,+14052568153,robocall,1,0,,phone_rule,us-ftc-robocall-daily
+16313503516,Robocall,block,3,+16313503516,robocall,1,0,,phone_rule,us-ftc-robocall-daily
+14012053560,Robocall,block,3,+14012053560,robocall,1,0,,phone_rule,us-ftc-robocall-daily
+18663233155,Robocall,block,3,+18663233155,robocall,1,0,,phone_rule,us-ftc-robocall-daily
+13365657207,Robocall,block,3,+13365657207,robocall,1,0,,phone_rule,us-ftc-robocall-daily
+14144374765,Robocall,block,3,+14144374765,robocall,1,0,,phone_rule,us-ftc-robocall-daily
+14049985890,Robocall,block,3,+14049985890,robocall,1,0,,phone_rule,us-ftc-robocall-daily
+15804404082,Robocall,block,3,+15804404082,robocall,1,0,,phone_rule,us-ftc-robocall-daily
+15208122058,Robocall,block,3,+15208122058,robocall,1,0,,phone_rule,us-ftc-robocall-daily
+14072162269,Robocall,block,3,+14072162269,robocall,1,0,,phone_rule,us-ftc-robocall-daily
+17079799748,Robocall,block,3,+17079799748,robocall,1,0,,phone_rule,us-ftc-robocall-daily
+13239405731,Robocall,block,3,+13239405731,robocall,1,0,,phone_rule,us-ftc-robocall-daily
+18888464049,Robocall,block,3,+18888464049,robocall,1,0,,phone_rule,us-ftc-robocall-daily
+15126777148,Robocall,block,3,+15126777148,robocall,1,0,,phone_rule,us-ftc-robocall-daily
+13524368983,Robocall,block,3,+13524368983,robocall,1,0,,phone_rule,us-ftc-robocall-daily
+15133427273,Robocall,block,3,+15133427273,robocall,1,0,,phone_rule,us-ftc-robocall-daily
+13462728036,Robocall,block,3,+13462728036,robocall,1,0,,phone_rule,us-ftc-robocall-daily
+14072881849,Robocall,block,3,+14072881849,robocall,1,0,,phone_rule,us-ftc-robocall-daily
+15406506992,Robocall,block,3,+15406506992,robocall,1,0,,phone_rule,us-ftc-robocall-daily
+19592337178,Robocall,block,3,+19592337178,robocall,1,0,,phone_rule,us-ftc-robocall-daily
+15302142671,Robocall,block,3,+15302142671,robocall,1,0,,phone_rule,us-ftc-robocall-daily
+18056734829,Robocall,block,3,+18056734829,robocall,1,0,,phone_rule,us-ftc-robocall-daily
+14302418250,Robocall,block,3,+14302418250,robocall,1,0,,phone_rule,us-ftc-robocall-daily
+15024625535,Robocall,block,3,+15024625535,robocall,1,0,,phone_rule,us-ftc-robocall-daily
+18137101650,Robocall,block,3,+18137101650,robocall,1,0,,phone_rule,us-ftc-robocall-daily
+15205431253,Robocall,block,3,+15205431253,robocall,1,0,,phone_rule,us-ftc-robocall-daily
+18582274267,Robocall,block,3,+18582274267,robocall,1,0,,phone_rule,us-ftc-robocall-daily
+13214564281,Robocall,block,3,+13214564281,robocall,1,0,,phone_rule,us-ftc-robocall-daily
+12484794114,Robocall,block,3,+12484794114,robocall,1,0,,phone_rule,us-ftc-robocall-daily
+15618230660,Robocall,block,3,+15618230660,robocall,1,0,,phone_rule,us-ftc-robocall-daily
+13074498089,Robocall,block,3,+13074498089,robocall,1,0,,phone_rule,us-ftc-robocall-daily
+18106346680,Robocall,block,3,+18106346680,robocall,1,0,,phone_rule,us-ftc-robocall-daily
+13072927286,Robocall,block,3,+13072927286,robocall,1,0,,phone_rule,us-ftc-robocall-daily
+17135652684,Robocall,block,3,+17135652684,robocall,1,0,,phone_rule,us-ftc-robocall-daily
+13378523771,Robocall,block,3,+13378523771,robocall,1,0,,phone_rule,us-ftc-robocall-daily
+16502155634,Robocall,block,3,+16502155634,robocall,1,0,,phone_rule,us-ftc-robocall-daily
+19044909651,Robocall,block,3,+19044909651,robocall,1,0,,phone_rule,us-ftc-robocall-daily
+17713335298,Robocall,block,3,+17713335298,robocall,1,0,,phone_rule,us-ftc-robocall-daily
+18662693271,Robocall,block,3,+18662693271,robocall,1,0,,phone_rule,us-ftc-robocall-daily
+16028370064,Robocall,block,3,+16028370064,robocall,1,0,,phone_rule,us-ftc-robocall-daily
+18303567907,Robocall,block,3,+18303567907,robocall,1,0,,phone_rule,us-ftc-robocall-daily
+18638212489,Robocall,block,3,+18638212489,robocall,1,0,,phone_rule,us-ftc-robocall-daily
+12393567981,Robocall,block,3,+12393567981,robocall,1,0,,phone_rule,us-ftc-robocall-daily
+15178003105,Robocall,block,3,+15178003105,robocall,1,0,,phone_rule,us-ftc-robocall-daily
+16364961260,Robocall,block,3,+16364961260,robocall,1,0,,phone_rule,us-ftc-robocall-daily
+13187611920,Robocall,block,3,+13187611920,robocall,1,0,,phone_rule,us-ftc-robocall-daily
+17144512612,Robocall,block,3,+17144512612,robocall,1,0,,phone_rule,us-ftc-robocall-daily
+16206089139,Robocall,block,3,+16206089139,robocall,1,0,,phone_rule,us-ftc-robocall-daily
+14244598116,Robocall,block,3,+14244598116,robocall,1,0,,phone_rule,us-ftc-robocall-daily
+19782338867,Robocall,block,3,+19782338867,robocall,1,0,,phone_rule,us-ftc-robocall-daily
+15104634739,Robocall,block,3,+15104634739,robocall,1,0,,phone_rule,us-ftc-robocall-daily
+16207143042,Robocall,block,3,+16207143042,robocall,1,0,,phone_rule,us-ftc-robocall-daily
+15134134159,Robocall,block,3,+15134134159,robocall,1,0,,phone_rule,us-ftc-robocall-daily
+15625743803,Robocall,block,3,+15625743803,robocall,1,0,,phone_rule,us-ftc-robocall-daily
+12522099108,Robocall,block,3,+12522099108,robocall,1,0,,phone_rule,us-ftc-robocall-daily
+15855718966,Robocall,block,3,+15855718966,robocall,1,0,,phone_rule,us-ftc-robocall-daily
+19782380592,Robocall,block,3,+19782380592,robocall,1,0,,phone_rule,us-ftc-robocall-daily
+18663205528,Robocall,block,3,+18663205528,robocall,1,0,,phone_rule,us-ftc-robocall-daily
+13235933644,Robocall,block,3,+13235933644,robocall,1,0,,phone_rule,us-ftc-robocall-daily
+14053201613,Robocall,block,3,+14053201613,robocall,1,0,,phone_rule,us-ftc-robocall-daily
+17047559185,Robocall,block,3,+17047559185,robocall,1,0,,phone_rule,us-ftc-robocall-daily
+15127640194,Robocall,block,3,+15127640194,robocall,1,0,,phone_rule,us-ftc-robocall-daily
+13363965238,Robocall,block,3,+13363965238,robocall,1,0,,phone_rule,us-ftc-robocall-daily
+18058311769,Robocall,block,3,+18058311769,robocall,1,0,,phone_rule,us-ftc-robocall-daily
+15013462413,Robocall,block,3,+15013462413,robocall,1,0,,phone_rule,us-ftc-robocall-daily
+18334759203,Robocall,block,3,+18334759203,robocall,1,0,,phone_rule,us-ftc-robocall-daily
+18447241127,Robocall,block,3,+18447241127,robocall,1,0,,phone_rule,us-ftc-robocall-daily
+14698483471,Robocall,block,3,+14698483471,robocall,1,0,,phone_rule,us-ftc-robocall-daily
+18186176520,Robocall,block,3,+18186176520,robocall,1,0,,phone_rule,us-ftc-robocall-daily
+15177902905,Robocall,block,3,+15177902905,robocall,1,0,,phone_rule,us-ftc-robocall-daily
+17578157805,Robocall,block,3,+17578157805,robocall,1,0,,phone_rule,us-ftc-robocall-daily
+14012576171,Robocall,block,3,+14012576171,robocall,1,0,,phone_rule,us-ftc-robocall-daily
+16284886270,Robocall,block,3,+16284886270,robocall,1,0,,phone_rule,us-ftc-robocall-daily
+18054949850,Robocall,block,3,+18054949850,robocall,1,0,,phone_rule,us-ftc-robocall-daily
+13214558163,Robocall,block,3,+13214558163,robocall,1,0,,phone_rule,us-ftc-robocall-daily
+18653810079,Robocall,block,3,+18653810079,robocall,1,0,,phone_rule,us-ftc-robocall-daily
+17077836640,Robocall,block,3,+17077836640,robocall,1,0,,phone_rule,us-ftc-robocall-daily
+18553414446,Robocall,block,3,+18553414446,robocall,1,0,,phone_rule,us-ftc-robocall-daily
+18053653323,Robocall,block,3,+18053653323,robocall,1,0,,phone_rule,us-ftc-robocall-daily
+12099637654,Robocall,block,3,+12099637654,robocall,1,0,,phone_rule,us-ftc-robocall-daily
+18108277324,Robocall,block,3,+18108277324,robocall,1,0,,phone_rule,us-ftc-robocall-daily
+15624785211,Robocall,block,3,+15624785211,robocall,1,0,,phone_rule,us-ftc-robocall-daily
+18333789208,Robocall,block,3,+18333789208,robocall,1,0,,phone_rule,us-ftc-robocall-daily
+17722053325,Robocall,block,3,+17722053325,robocall,1,0,,phone_rule,us-ftc-robocall-daily
+15625485125,Robocall,block,3,+15625485125,robocall,1,0,,phone_rule,us-ftc-robocall-daily
+17602830869,Robocall,block,3,+17602830869,robocall,1,0,,phone_rule,us-ftc-robocall-daily
+13123739370,Robocall,block,3,+13123739370,robocall,1,0,,phone_rule,us-ftc-robocall-daily
+18334694856,Robocall,block,3,+18334694856,robocall,1,0,,phone_rule,us-ftc-robocall-daily
+15175942502,Robocall,block,3,+15175942502,robocall,1,0,,phone_rule,us-ftc-robocall-daily
+17315043145,Robocall,block,3,+17315043145,robocall,1,0,,phone_rule,us-ftc-robocall-daily
+18722176315,Robocall,block,3,+18722176315,robocall,1,0,,phone_rule,us-ftc-robocall-daily
+18332739717,Robocall,block,3,+18332739717,robocall,1,0,,phone_rule,us-ftc-robocall-daily
+18776062194,Robocall,block,3,+18776062194,robocall,1,0,,phone_rule,us-ftc-robocall-daily
+18447103186,Robocall,block,3,+18447103186,robocall,1,0,,phone_rule,us-ftc-robocall-daily
+12063959233,Robocall,block,3,+12063959233,robocall,1,0,,phone_rule,us-ftc-robocall-daily
+13322789265,Robocall,block,3,+13322789265,robocall,1,0,,phone_rule,us-ftc-robocall-daily
+19498832393,Robocall,block,3,+19498832393,robocall,1,0,,phone_rule,us-ftc-robocall-daily
+12232332253,Robocall,block,3,+12232332253,robocall,1,0,,phone_rule,us-ftc-robocall-daily
+18332180512,Robocall,block,3,+18332180512,robocall,1,0,,phone_rule,us-ftc-robocall-daily
+15732458374,Robocall,block,3,+15732458374,robocall,1,0,,phone_rule,us-ftc-robocall-daily
+17869410015,Robocall,block,3,+17869410015,robocall,1,0,,phone_rule,us-ftc-robocall-daily
+12023356185,Robocall,block,3,+12023356185,robocall,1,0,,phone_rule,us-ftc-robocall-daily
+18889268088,Robocall,block,3,+18889268088,robocall,1,0,,phone_rule,us-ftc-robocall-daily
+15625040957,Robocall,block,3,+15625040957,robocall,1,0,,phone_rule,us-ftc-robocall-daily
+18382831914,Robocall,block,3,+18382831914,robocall,1,0,,phone_rule,us-ftc-robocall-daily
+18553302507,Robocall,block,3,+18553302507,robocall,1,0,,phone_rule,us-ftc-robocall-daily
+18108813765,Robocall,block,3,+18108813765,robocall,1,0,,phone_rule,us-ftc-robocall-daily
+14846421353,Robocall,block,3,+14846421353,robocall,1,0,,phone_rule,us-ftc-robocall-daily
+18574072873,Robocall,block,3,+18574072873,robocall,1,0,,phone_rule,us-ftc-robocall-daily
+18773690847,Robocall,block,3,+18773690847,robocall,1,0,,phone_rule,us-ftc-robocall-daily
+12602796153,Robocall,block,3,+12602796153,robocall,1,0,,phone_rule,us-ftc-robocall-daily
+14088830950,Robocall,block,3,+14088830950,robocall,1,0,,phone_rule,us-ftc-robocall-daily
+12792947719,Robocall,block,3,+12792947719,robocall,1,0,,phone_rule,us-ftc-robocall-daily
+18446452904,Robocall,block,3,+18446452904,robocall,1,0,,phone_rule,us-ftc-robocall-daily
+12534588698,Robocall,block,3,+12534588698,robocall,1,0,,phone_rule,us-ftc-robocall-daily
+19019790348,Robocall,block,3,+19019790348,robocall,1,0,,phone_rule,us-ftc-robocall-daily
+18777320346,Robocall,block,3,+18777320346,robocall,1,0,,phone_rule,us-ftc-robocall-daily
+18555669199,Robocall,block,3,+18555669199,robocall,1,0,,phone_rule,us-ftc-robocall-daily
+18552863516,Robocall,block,3,+18552863516,robocall,1,0,,phone_rule,us-ftc-robocall-daily
+18106419481,Robocall,block,3,+18106419481,robocall,1,0,,phone_rule,us-ftc-robocall-daily
+13128547376,Robocall,block,3,+13128547376,robocall,1,0,,phone_rule,us-ftc-robocall-daily
+14699021975,Robocall,block,3,+14699021975,robocall,1,0,,phone_rule,us-ftc-robocall-daily
+18332548718,Robocall,block,3,+18332548718,robocall,1,0,,phone_rule,us-ftc-robocall-daily
+15103720438,Robocall,block,3,+15103720438,robocall,1,0,,phone_rule,us-ftc-robocall-daily
+15103124790,Robocall,block,3,+15103124790,robocall,1,0,,phone_rule,us-ftc-robocall-daily
+13613971313,Robocall,block,3,+13613971313,robocall,1,0,,phone_rule,us-ftc-robocall-daily
+18339235247,Robocall,block,3,+18339235247,robocall,1,0,,phone_rule,us-ftc-robocall-daily
+18666268973,Robocall,block,3,+18666268973,robocall,1,0,,phone_rule,us-ftc-robocall-daily
+18657456004,Robocall,block,3,+18657456004,robocall,1,0,,phone_rule,us-ftc-robocall-daily
+18665485506,Robocall,block,3,+18665485506,robocall,1,0,,phone_rule,us-ftc-robocall-daily
+17205529498,Robocall,block,3,+17205529498,robocall,1,0,,phone_rule,us-ftc-robocall-daily
+13312020701,Robocall,block,3,+13312020701,robocall,1,0,,phone_rule,us-ftc-robocall-daily
+18554299622,Robocall,block,3,+18554299622,robocall,1,0,,phone_rule,us-ftc-robocall-daily
+15189832074,Robocall,block,3,+15189832074,robocall,1,0,,phone_rule,us-ftc-robocall-daily
+17402174149,Robocall,block,3,+17402174149,robocall,1,0,,phone_rule,us-ftc-robocall-daily
+16575667101,Robocall,block,3,+16575667101,robocall,1,0,,phone_rule,us-ftc-robocall-daily
+18663794343,Robocall,block,3,+18663794343,robocall,1,0,,phone_rule,us-ftc-robocall-daily
+18332945090,Robocall,block,3,+18332945090,robocall,1,0,,phone_rule,us-ftc-robocall-daily
+16265095625,Robocall,block,3,+16265095625,robocall,1,0,,phone_rule,us-ftc-robocall-daily
+18103313001,Robocall,block,3,+18103313001,robocall,1,0,,phone_rule,us-ftc-robocall-daily
+18446479072,Robocall,block,3,+18446479072,robocall,1,0,,phone_rule,us-ftc-robocall-daily
+17179737621,Robocall,block,3,+17179737621,robocall,1,0,,phone_rule,us-ftc-robocall-daily
+16463890910,Robocall,block,3,+16463890910,robocall,1,0,,phone_rule,us-ftc-robocall-daily
+18339098162,Robocall,block,3,+18339098162,robocall,1,0,,phone_rule,us-ftc-robocall-daily
+15166009919,Robocall,block,3,+15166009919,robocall,1,0,,phone_rule,us-ftc-robocall-daily
+12692221527,Robocall,block,3,+12692221527,robocall,1,0,,phone_rule,us-ftc-robocall-daily
+16096309668,Robocall,block,3,+16096309668,robocall,1,0,,phone_rule,us-ftc-robocall-daily
+12064863192,Robocall,block,3,+12064863192,robocall,1,0,,phone_rule,us-ftc-robocall-daily
+18104208827,Robocall,block,3,+18104208827,robocall,1,0,,phone_rule,us-ftc-robocall-daily
+18723591374,Robocall,block,3,+18723591374,robocall,1,0,,phone_rule,us-ftc-robocall-daily
+17739749387,Robocall,block,3,+17739749387,robocall,1,0,,phone_rule,us-ftc-robocall-daily
+18557202418,Robocall,block,3,+18557202418,robocall,1,0,,phone_rule,us-ftc-robocall-daily
+18335053624,Robocall,block,3,+18335053624,robocall,1,0,,phone_rule,us-ftc-robocall-daily
+18663931526,Robocall,block,3,+18663931526,robocall,1,0,,phone_rule,us-ftc-robocall-daily
+12693502708,Robocall,block,3,+12693502708,robocall,1,0,,phone_rule,us-ftc-robocall-daily
+19252176396,Robocall,block,3,+19252176396,robocall,1,0,,phone_rule,us-ftc-robocall-daily
+14248429091,Robocall,block,3,+14248429091,robocall,1,0,,phone_rule,us-ftc-robocall-daily
+16284681663,Robocall,block,3,+16284681663,robocall,1,0,,phone_rule,us-ftc-robocall-daily
+12098681830,Robocall,block,3,+12098681830,robocall,1,0,,phone_rule,us-ftc-robocall-daily
+14065014493,Robocall,block,3,+14065014493,robocall,1,0,,phone_rule,us-ftc-robocall-daily
+18662781469,Robocall,block,3,+18662781469,robocall,1,0,,phone_rule,us-ftc-robocall-daily
+14783519023,Robocall,block,3,+14783519023,robocall,1,0,,phone_rule,us-ftc-robocall-daily
+17082314285,Robocall,block,3,+17082314285,robocall,1,0,,phone_rule,us-ftc-robocall-daily
+18337672511,Robocall,block,3,+18337672511,robocall,1,0,,phone_rule,us-ftc-robocall-daily
+14242228493,Robocall,block,3,+14242228493,robocall,1,0,,phone_rule,us-ftc-robocall-daily
+15103984510,Robocall,block,3,+15103984510,robocall,1,0,,phone_rule,us-ftc-robocall-daily
+18339861643,Robocall,block,3,+18339861643,robocall,1,0,,phone_rule,us-ftc-robocall-daily
+18572992848,Robocall,block,3,+18572992848,robocall,1,0,,phone_rule,us-ftc-robocall-daily
+18155678443,Robocall,block,3,+18155678443,robocall,1,0,,phone_rule,us-ftc-robocall-daily
+18663875343,Robocall,block,3,+18663875343,robocall,1,0,,phone_rule,us-ftc-robocall-daily
+16507478968,Robocall,block,3,+16507478968,robocall,1,0,,phone_rule,us-ftc-robocall-daily
+18735710025,Robocall,block,3,+18735710025,robocall,1,0,,phone_rule,us-ftc-robocall-daily
+19088339201,Robocall,block,3,+19088339201,robocall,1,0,,phone_rule,us-ftc-robocall-daily
+19095001354,Robocall,block,3,+19095001354,robocall,1,0,,phone_rule,us-ftc-robocall-daily
+15108798000,Robocall,block,3,+15108798000,robocall,1,0,,phone_rule,us-ftc-robocall-daily
+13526499562,Robocall,block,3,+13526499562,robocall,1,0,,phone_rule,us-ftc-robocall-daily
+14157355131,Robocall,block,3,+14157355131,robocall,1,0,,phone_rule,us-ftc-robocall-daily
+17343557672,Robocall,block,3,+17343557672,robocall,1,0,,phone_rule,us-ftc-robocall-daily
+15302033436,Robocall,block,3,+15302033436,robocall,1,0,,phone_rule,us-ftc-robocall-daily
+18053089735,Robocall,block,3,+18053089735,robocall,1,0,,phone_rule,us-ftc-robocall-daily
+15715908103,Robocall,block,3,+15715908103,robocall,1,0,,phone_rule,us-ftc-robocall-daily
+14787791202,Robocall,block,3,+14787791202,robocall,1,0,,phone_rule,us-ftc-robocall-daily
+12295152666,Robocall,block,3,+12295152666,robocall,1,0,,phone_rule,us-ftc-robocall-daily
+18075326302,Robocall,block,3,+18075326302,robocall,1,0,,phone_rule,us-ftc-robocall-daily
+18043758965,Robocall,block,3,+18043758965,robocall,1,0,,phone_rule,us-ftc-robocall-daily
+18572278888,Robocall,block,3,+18572278888,robocall,1,0,,phone_rule,us-ftc-robocall-daily
+19255028682,Robocall,block,3,+19255028682,robocall,1,0,,phone_rule,us-ftc-robocall-daily
+19252151841,Robocall,block,3,+19252151841,robocall,1,0,,phone_rule,us-ftc-robocall-daily
+16198302412,Robocall,block,3,+16198302412,robocall,1,0,,phone_rule,us-ftc-robocall-daily
+14696893526,Robocall,block,3,+14696893526,robocall,1,0,,phone_rule,us-ftc-robocall-daily
+17624380315,Robocall,block,3,+17624380315,robocall,1,0,,phone_rule,us-ftc-robocall-daily
+12515021693,Robocall,block,3,+12515021693,robocall,1,0,,phone_rule,us-ftc-robocall-daily
+18454224703,Robocall,block,3,+18454224703,robocall,1,0,,phone_rule,us-ftc-robocall-daily
+19034219269,Robocall,block,3,+19034219269,robocall,1,0,,phone_rule,us-ftc-robocall-daily
+15733527882,Robocall,block,3,+15733527882,robocall,1,0,,phone_rule,us-ftc-robocall-daily
+13613971742,Robocall,block,3,+13613971742,robocall,1,0,,phone_rule,us-ftc-robocall-daily
+13412267486,Robocall,block,3,+13412267486,robocall,1,0,,phone_rule,us-ftc-robocall-daily
+13129403369,Robocall,block,3,+13129403369,robocall,1,0,,phone_rule,us-ftc-robocall-daily
+18556702780,Robocall,block,3,+18556702780,robocall,1,0,,phone_rule,us-ftc-robocall-daily
+18022003297,Robocall,block,3,+18022003297,robocall,1,0,,phone_rule,us-ftc-robocall-daily
+12139032308,Robocall,block,3,+12139032308,robocall,1,0,,phone_rule,us-ftc-robocall-daily
+13199009812,Robocall,block,3,+13199009812,robocall,1,0,,phone_rule,us-ftc-robocall-daily
+16616241809,Robocall,block,3,+16616241809,robocall,1,0,,phone_rule,us-ftc-robocall-daily
+19529006473,Robocall,block,3,+19529006473,robocall,1,0,,phone_rule,us-ftc-robocall-daily
+16693228730,Robocall,block,3,+16693228730,robocall,1,0,,phone_rule,us-ftc-robocall-daily
+13124655866,Robocall,block,3,+13124655866,robocall,1,0,,phone_rule,us-ftc-robocall-daily
+17087402548,Robocall,block,3,+17087402548,robocall,1,0,,phone_rule,us-ftc-robocall-daily
+15024699279,Robocall,block,3,+15024699279,robocall,1,0,,phone_rule,us-ftc-robocall-daily
+12255474138,Robocall,block,3,+12255474138,robocall,1,0,,phone_rule,us-ftc-robocall-daily
+14055666775,Robocall,block,3,+14055666775,robocall,1,0,,phone_rule,us-ftc-robocall-daily
+16804999638,Robocall,block,3,+16804999638,robocall,1,0,,phone_rule,us-ftc-robocall-daily
+18663424539,Robocall,block,3,+18663424539,robocall,1,0,,phone_rule,us-ftc-robocall-daily
+17738325593,Robocall,block,3,+17738325593,robocall,1,0,,phone_rule,us-ftc-robocall-daily
+15026610229,Robocall,block,3,+15026610229,robocall,1,0,,phone_rule,us-ftc-robocall-daily
+15025132039,Robocall,block,3,+15025132039,robocall,1,0,,phone_rule,us-ftc-robocall-daily
+15023583129,Robocall,block,3,+15023583129,robocall,1,0,,phone_rule,us-ftc-robocall-daily
+18883398654,Robocall,block,3,+18883398654,robocall,1,0,,phone_rule,us-ftc-robocall-daily
+14243207890,Robocall,block,3,+14243207890,robocall,1,0,,phone_rule,us-ftc-robocall-daily
+15105448556,Robocall,block,3,+15105448556,robocall,1,0,,phone_rule,us-ftc-robocall-daily
+15025132004,Robocall,block,3,+15025132004,robocall,1,0,,phone_rule,us-ftc-robocall-daily
+18583512515,Robocall,block,3,+18583512515,robocall,1,0,,phone_rule,us-ftc-robocall-daily
+15023908229,Robocall,block,3,+15023908229,robocall,1,0,,phone_rule,us-ftc-robocall-daily
+17193143825,Robocall,block,3,+17193143825,robocall,1,0,,phone_rule,us-ftc-robocall-daily
+15024626030,Robocall,block,3,+15024626030,robocall,1,0,,phone_rule,us-ftc-robocall-daily
+15024824140,Robocall,block,3,+15024824140,robocall,1,0,,phone_rule,us-ftc-robocall-daily
+13126677378,Robocall,block,3,+13126677378,robocall,1,0,,phone_rule,us-ftc-robocall-daily
+18195829570,Robocall,block,3,+18195829570,robocall,1,0,,phone_rule,us-ftc-robocall-daily
+15024800108,Robocall,block,3,+15024800108,robocall,1,0,,phone_rule,us-ftc-robocall-daily
+15024800388,Robocall,block,3,+15024800388,robocall,1,0,,phone_rule,us-ftc-robocall-daily
+15024654413,Robocall,block,3,+15024654413,robocall,1,0,,phone_rule,us-ftc-robocall-daily
+15024694421,Robocall,block,3,+15024694421,robocall,1,0,,phone_rule,us-ftc-robocall-daily
+19018963948,Robocall,block,3,+19018963948,robocall,1,0,,phone_rule,us-ftc-robocall-daily
+15023349450,Robocall,block,3,+15023349450,robocall,1,0,,phone_rule,us-ftc-robocall-daily
+19493326539,Robocall,block,3,+19493326539,robocall,1,0,,phone_rule,us-ftc-robocall-daily
+12153958852,Robocall,block,3,+12153958852,robocall,1,0,,phone_rule,us-ftc-robocall-daily
+17072664615,Robocall,block,3,+17072664615,robocall,1,0,,phone_rule,us-ftc-robocall-daily
+17192233076,Robocall,block,3,+17192233076,robocall,1,0,,phone_rule,us-ftc-robocall-daily
+19432322572,Robocall,block,3,+19432322572,robocall,1,0,,phone_rule,us-ftc-robocall-daily
+15594062147,Robocall,block,3,+15594062147,robocall,1,0,,phone_rule,us-ftc-robocall-daily
+14144376974,Robocall,block,3,+14144376974,robocall,1,0,,phone_rule,us-ftc-robocall-daily
+17162027876,Robocall,block,3,+17162027876,robocall,1,0,,phone_rule,us-ftc-robocall-daily
+16783089473,Robocall,block,3,+16783089473,robocall,1,0,,phone_rule,us-ftc-robocall-daily
+17196978652,Robocall,block,3,+17196978652,robocall,1,0,,phone_rule,us-ftc-robocall-daily
+19143039871,Robocall,block,3,+19143039871,robocall,1,0,,phone_rule,us-ftc-robocall-daily
+17193143826,Robocall,block,3,+17193143826,robocall,1,0,,phone_rule,us-ftc-robocall-daily
+16266527564,Robocall,block,3,+16266527564,robocall,1,0,,phone_rule,us-ftc-robocall-daily
+19432322576,Robocall,block,3,+19432322576,robocall,1,0,,phone_rule,us-ftc-robocall-daily
+19707125679,Robocall,block,3,+19707125679,robocall,1,0,,phone_rule,us-ftc-robocall-daily
+15206412923,Robocall,block,3,+15206412923,robocall,1,0,,phone_rule,us-ftc-robocall-daily
+12136984976,Robocall,block,3,+12136984976,robocall,1,0,,phone_rule,us-ftc-robocall-daily
+18338675551,Robocall,block,3,+18338675551,robocall,1,0,,phone_rule,us-ftc-robocall-daily
+17196413233,Robocall,block,3,+17196413233,robocall,1,0,,phone_rule,us-ftc-robocall-daily
+15028620727,Robocall,block,3,+15028620727,robocall,1,0,,phone_rule,us-ftc-robocall-daily
+19797831182,Robocall,block,3,+19797831182,robocall,1,0,,phone_rule,us-ftc-robocall-daily
+17192232175,Robocall,block,3,+17192232175,robocall,1,0,,phone_rule,us-ftc-robocall-daily
+12134970062,Robocall,block,3,+12134970062,robocall,1,0,,phone_rule,us-ftc-robocall-daily
+12899406565,Robocall,block,3,+12899406565,robocall,1,0,,phone_rule,us-ftc-robocall-daily
+13375900918,Robocall,block,3,+13375900918,robocall,1,0,,phone_rule,us-ftc-robocall-daily
+17325928986,Robocall,block,3,+17325928986,robocall,1,0,,phone_rule,us-ftc-robocall-daily
+12083063623,Robocall,block,3,+12083063623,robocall,1,0,,phone_rule,us-ftc-robocall-daily
+17192120062,Robocall,block,3,+17192120062,robocall,1,0,,phone_rule,us-ftc-robocall-daily
+17199990205,Robocall,block,3,+17199990205,robocall,1,0,,phone_rule,us-ftc-robocall-daily
+18705494590,Robocall,block,3,+18705494590,robocall,1,0,,phone_rule,us-ftc-robocall-daily
+13074746533,Robocall,block,3,+13074746533,robocall,1,0,,phone_rule,us-ftc-robocall-daily
+15036473843,Robocall,block,3,+15036473843,robocall,1,0,,phone_rule,us-ftc-robocall-daily
+18336016070,Robocall,block,3,+18336016070,robocall,1,0,,phone_rule,us-ftc-robocall-daily
+14723003553,Robocall,block,3,+14723003553,robocall,1,0,,phone_rule,us-ftc-robocall-daily
+18337755900,Robocall,block,3,+18337755900,robocall,1,0,,phone_rule,us-ftc-robocall-daily
+17196011630,Robocall,block,3,+17196011630,robocall,1,0,,phone_rule,us-ftc-robocall-daily
+12146123342,Robocall,block,3,+12146123342,robocall,1,0,,phone_rule,us-ftc-robocall-daily
+17193703584,Robocall,block,3,+17193703584,robocall,1,0,,phone_rule,us-ftc-robocall-daily
+14086754656,Robocall,block,3,+14086754656,robocall,1,0,,phone_rule,us-ftc-robocall-daily
+18883129798,Robocall,block,3,+18883129798,robocall,1,0,,phone_rule,us-ftc-robocall-daily
+18663341081,Robocall,block,3,+18663341081,robocall,1,0,,phone_rule,us-ftc-robocall-daily
+12132206172,Robocall,block,3,+12132206172,robocall,1,0,,phone_rule,us-ftc-robocall-daily
+14352964793,Robocall,block,3,+14352964793,robocall,1,0,,phone_rule,us-ftc-robocall-daily
+17743368329,Robocall,block,3,+17743368329,robocall,1,0,,phone_rule,us-ftc-robocall-daily
+17199880391,Robocall,block,3,+17199880391,robocall,1,0,,phone_rule,us-ftc-robocall-daily
+17198670974,Robocall,block,3,+17198670974,robocall,1,0,,phone_rule,us-ftc-robocall-daily
+18555203118,Robocall,block,3,+18555203118,robocall,1,0,,phone_rule,us-ftc-robocall-daily
+12148947610,Robocall,block,3,+12148947610,robocall,1,0,,phone_rule,us-ftc-robocall-daily
+12165025829,Robocall,block,3,+12165025829,robocall,1,0,,phone_rule,us-ftc-robocall-daily
+18435081117,Robocall,block,3,+18435081117,robocall,1,0,,phone_rule,us-ftc-robocall-daily
+16615501169,Robocall,block,3,+16615501169,robocall,1,0,,phone_rule,us-ftc-robocall-daily
+12153263441,Robocall,block,3,+12153263441,robocall,1,0,,phone_rule,us-ftc-robocall-daily
+18336126949,Robocall,block,3,+18336126949,robocall,1,0,,phone_rule,us-ftc-robocall-daily
+14086756121,Robocall,block,3,+14086756121,robocall,1,0,,phone_rule,us-ftc-robocall-daily
+18446490735,Robocall,block,3,+18446490735,robocall,1,0,,phone_rule,us-ftc-robocall-daily
+12522219806,Robocall,block,3,+12522219806,robocall,1,0,,phone_rule,us-ftc-robocall-daily
+18052097401,Robocall,block,3,+18052097401,robocall,1,0,,phone_rule,us-ftc-robocall-daily
+18168198978,Robocall,block,3,+18168198978,robocall,1,0,,phone_rule,us-ftc-robocall-daily
+15407345672,Robocall,block,3,+15407345672,robocall,1,0,,phone_rule,us-ftc-robocall-daily
+13127453610,Robocall,block,3,+13127453610,robocall,1,0,,phone_rule,us-ftc-robocall-daily
+18057078926,Robocall,block,3,+18057078926,robocall,1,0,,phone_rule,us-ftc-robocall-daily
+15756514961,Robocall,block,3,+15756514961,robocall,1,0,,phone_rule,us-ftc-robocall-daily
+18183810115,Robocall,block,3,+18183810115,robocall,1,0,,phone_rule,us-ftc-robocall-daily
+19414308987,Robocall,block,3,+19414308987,robocall,1,0,,phone_rule,us-ftc-robocall-daily
+14313064258,Robocall,block,3,+14313064258,robocall,1,0,,phone_rule,us-ftc-robocall-daily
+18887573989,Robocall,block,3,+18887573989,robocall,1,0,,phone_rule,us-ftc-robocall-daily
+18566021260,Robocall,block,3,+18566021260,robocall,1,0,,phone_rule,us-ftc-robocall-daily
+12143038831,Robocall,block,3,+12143038831,robocall,1,0,,phone_rule,us-ftc-robocall-daily
+16135097618,Robocall,block,3,+16135097618,robocall,1,0,,phone_rule,us-ftc-robocall-daily
+12483018268,Robocall,block,3,+12483018268,robocall,1,0,,phone_rule,us-ftc-robocall-daily
+16183056655,Robocall,block,3,+16183056655,robocall,1,0,,phone_rule,us-ftc-robocall-daily
+18663424586,Robocall,block,3,+18663424586,robocall,1,0,,phone_rule,us-ftc-robocall-daily
+12497030057,Robocall,block,3,+12497030057,robocall,1,0,,phone_rule,us-ftc-robocall-daily
+18332340184,Robocall,block,3,+18332340184,robocall,1,0,,phone_rule,us-ftc-robocall-daily
+14697685318,Robocall,block,3,+14697685318,robocall,1,0,,phone_rule,us-ftc-robocall-daily
+14314876444,Robocall,block,3,+14314876444,robocall,1,0,,phone_rule,us-ftc-robocall-daily
+16156780857,Robocall,block,3,+16156780857,robocall,1,0,,phone_rule,us-ftc-robocall-daily
+14018041020,Robocall,block,3,+14018041020,robocall,1,0,,phone_rule,us-ftc-robocall-daily
+12145744506,Robocall,block,3,+12145744506,robocall,1,0,,phone_rule,us-ftc-robocall-daily
+17805043691,Robocall,block,3,+17805043691,robocall,1,0,,phone_rule,us-ftc-robocall-daily
+12054987972,Robocall,block,3,+12054987972,robocall,1,0,,phone_rule,us-ftc-robocall-daily
+19133506216,Robocall,block,3,+19133506216,robocall,1,0,,phone_rule,us-ftc-robocall-daily
+12053542804,Robocall,block,3,+12053542804,robocall,1,0,,phone_rule,us-ftc-robocall-daily
+15089521365,Robocall,block,3,+15089521365,robocall,1,0,,phone_rule,us-ftc-robocall-daily
+16398120013,Robocall,block,3,+16398120013,robocall,1,0,,phone_rule,us-ftc-robocall-daily
+14234057089,Robocall,block,3,+14234057089,robocall,1,0,,phone_rule,us-ftc-robocall-daily
+18319994818,Robocall,block,3,+18319994818,robocall,1,0,,phone_rule,us-ftc-robocall-daily
+12056610890,Robocall,block,3,+12056610890,robocall,1,0,,phone_rule,us-ftc-robocall-daily
+14698711725,Robocall,block,3,+14698711725,robocall,1,0,,phone_rule,us-ftc-robocall-daily
+12604000875,Robocall,block,3,+12604000875,robocall,1,0,,phone_rule,us-ftc-robocall-daily
+12562782529,Robocall,block,3,+12562782529,robocall,1,0,,phone_rule,us-ftc-robocall-daily
+13043079023,Robocall,block,3,+13043079023,robocall,1,0,,phone_rule,us-ftc-robocall-daily
+18307096787,Robocall,block,3,+18307096787,robocall,1,0,,phone_rule,us-ftc-robocall-daily
+16309489563,Robocall,block,3,+16309489563,robocall,1,0,,phone_rule,us-ftc-robocall-daily
+18723507321,Robocall,block,3,+18723507321,robocall,1,0,,phone_rule,us-ftc-robocall-daily
+18332956716,Robocall,block,3,+18332956716,robocall,1,0,,phone_rule,us-ftc-robocall-daily
+19013529287,Robocall,block,3,+19013529287,robocall,1,0,,phone_rule,us-ftc-robocall-daily
+16184507011,Robocall,block,3,+16184507011,robocall,1,0,,phone_rule,us-ftc-robocall-daily
+16099823075,Robocall,block,3,+16099823075,robocall,1,0,,phone_rule,us-ftc-robocall-daily
+19012963831,Robocall,block,3,+19012963831,robocall,1,0,,phone_rule,us-ftc-robocall-daily
+14723003165,Robocall,block,3,+14723003165,robocall,1,0,,phone_rule,us-ftc-robocall-daily
+14348861562,Robocall,block,3,+14348861562,robocall,1,0,,phone_rule,us-ftc-robocall-daily
+16015415701,Robocall,block,3,+16015415701,robocall,1,0,,phone_rule,us-ftc-robocall-daily
+17328137075,Robocall,block,3,+17328137075,robocall,1,0,,phone_rule,us-ftc-robocall-daily
+12703416782,Robocall,block,3,+12703416782,robocall,1,0,,phone_rule,us-ftc-robocall-daily
+17257124515,Robocall,block,3,+17257124515,robocall,1,0,,phone_rule,us-ftc-robocall-daily
+15598959686,Robocall,block,3,+15598959686,robocall,1,0,,phone_rule,us-ftc-robocall-daily
+16208790201,Robocall,block,3,+16208790201,robocall,1,0,,phone_rule,us-ftc-robocall-daily
+16184505695,Robocall,block,3,+16184505695,robocall,1,0,,phone_rule,us-ftc-robocall-daily
+17868080974,Robocall,block,3,+17868080974,robocall,1,0,,phone_rule,us-ftc-robocall-daily
+18174537881,Robocall,block,3,+18174537881,robocall,1,0,,phone_rule,us-ftc-robocall-daily
+15016156009,Robocall,block,3,+15016156009,robocall,1,0,,phone_rule,us-ftc-robocall-daily
+18173865325,Robocall,block,3,+18173865325,robocall,1,0,,phone_rule,us-ftc-robocall-daily
+17199129642,Robocall,block,3,+17199129642,robocall,1,0,,phone_rule,us-ftc-robocall-daily
+18447642363,Robocall,block,3,+18447642363,robocall,1,0,,phone_rule,us-ftc-robocall-daily
+18174896883,Robocall,block,3,+18174896883,robocall,1,0,,phone_rule,us-ftc-robocall-daily
+14704418070,Robocall,block,3,+14704418070,robocall,1,0,,phone_rule,us-ftc-robocall-daily
+13049159640,Robocall,block,3,+13049159640,robocall,1,0,,phone_rule,us-ftc-robocall-daily
+15012312947,Robocall,block,3,+15012312947,robocall,1,0,,phone_rule,us-ftc-robocall-daily
+16016569768,Robocall,block,3,+16016569768,robocall,1,0,,phone_rule,us-ftc-robocall-daily
+12282001616,Robocall,block,3,+12282001616,robocall,1,0,,phone_rule,us-ftc-robocall-daily
+18173092421,Robocall,block,3,+18173092421,robocall,1,0,,phone_rule,us-ftc-robocall-daily
+14435907851,Robocall,block,3,+14435907851,robocall,1,0,,phone_rule,us-ftc-robocall-daily
+12179007016,Robocall,block,3,+12179007016,robocall,1,0,,phone_rule,us-ftc-robocall-daily
+14033060661,Robocall,block,3,+14033060661,robocall,1,0,,phone_rule,us-ftc-robocall-daily
+16786162289,Robocall,block,3,+16786162289,robocall,1,0,,phone_rule,us-ftc-robocall-daily
+18672094962,Robocall,block,3,+18672094962,robocall,1,0,,phone_rule,us-ftc-robocall-daily
+18667717069,Robocall,block,3,+18667717069,robocall,1,0,,phone_rule,us-ftc-robocall-daily
+16203323331,Robocall,block,3,+16203323331,robocall,1,0,,phone_rule,us-ftc-robocall-daily
+18057642560,Robocall,block,3,+18057642560,robocall,1,0,,phone_rule,us-ftc-robocall-daily
+16207723699,Robocall,block,3,+16207723699,robocall,1,0,,phone_rule,us-ftc-robocall-daily
+19284027535,Robocall,block,3,+19284027535,robocall,1,0,,phone_rule,us-ftc-robocall-daily
+18172418759,Robocall,block,3,+18172418759,robocall,1,0,,phone_rule,us-ftc-robocall-daily
+16263946377,Robocall,block,3,+16263946377,robocall,1,0,,phone_rule,us-ftc-robocall-daily
+13802219575,Robocall,block,3,+13802219575,robocall,1,0,,phone_rule,us-ftc-robocall-daily
+16162076909,Robocall,block,3,+16162076909,robocall,1,0,,phone_rule,us-ftc-robocall-daily
+18558830574,Robocall,block,3,+18558830574,robocall,1,0,,phone_rule,us-ftc-robocall-daily
+18172418035,Robocall,block,3,+18172418035,robocall,1,0,,phone_rule,us-ftc-robocall-daily
+15403869485,Robocall,block,3,+15403869485,robocall,1,0,,phone_rule,us-ftc-robocall-daily
+19044257997,Robocall,block,3,+19044257997,robocall,1,0,,phone_rule,us-ftc-robocall-daily
+13146261342,Robocall,block,3,+13146261342,robocall,1,0,,phone_rule,us-ftc-robocall-daily
+18665501067,Robocall,block,3,+18665501067,robocall,1,0,,phone_rule,us-ftc-robocall-daily
+13253322352,Robocall,block,3,+13253322352,robocall,1,0,,phone_rule,us-ftc-robocall-daily
+17404663555,Robocall,block,3,+17404663555,robocall,1,0,,phone_rule,us-ftc-robocall-daily
+15016153684,Robocall,block,3,+15016153684,robocall,1,0,,phone_rule,us-ftc-robocall-daily
+16184505718,Robocall,block,3,+16184505718,robocall,1,0,,phone_rule,us-ftc-robocall-daily
+18779610391,Robocall,block,3,+18779610391,robocall,1,0,,phone_rule,us-ftc-robocall-daily
+19735449982,Robocall,block,3,+19735449982,robocall,1,0,,phone_rule,us-ftc-robocall-daily
+16182309134,Robocall,block,3,+16182309134,robocall,1,0,,phone_rule,us-ftc-robocall-daily
+18057100984,Robocall,block,3,+18057100984,robocall,1,0,,phone_rule,us-ftc-robocall-daily
+12892232341,Robocall,block,3,+12892232341,robocall,1,0,,phone_rule,us-ftc-robocall-daily
+14068127802,Robocall,block,3,+14068127802,robocall,1,0,,phone_rule,us-ftc-robocall-daily
+17199485281,Robocall,block,3,+17199485281,robocall,1,0,,phone_rule,us-ftc-robocall-daily
+19034228038,Robocall,block,3,+19034228038,robocall,1,0,,phone_rule,us-ftc-robocall-daily
+15015133684,Robocall,block,3,+15015133684,robocall,1,0,,phone_rule,us-ftc-robocall-daily
+15162262002,Robocall,block,3,+15162262002,robocall,1,0,,phone_rule,us-ftc-robocall-daily
+14013851345,Robocall,block,3,+14013851345,robocall,1,0,,phone_rule,us-ftc-robocall-daily
+18567022425,Robocall,block,3,+18567022425,robocall,1,0,,phone_rule,us-ftc-robocall-daily
+15623060068,Robocall,block,3,+15623060068,robocall,1,0,,phone_rule,us-ftc-robocall-daily
+16162077854,Robocall,block,3,+16162077854,robocall,1,0,,phone_rule,us-ftc-robocall-daily
+13512393271,Robocall,block,3,+13512393271,robocall,1,0,,phone_rule,us-ftc-robocall-daily
+18663424419,Robocall,block,3,+18663424419,robocall,1,0,,phone_rule,us-ftc-robocall-daily
+18447643056,Robocall,block,3,+18447643056,robocall,1,0,,phone_rule,us-ftc-robocall-daily
+15752990386,Robocall,block,3,+15752990386,robocall,1,0,,phone_rule,us-ftc-robocall-daily
+15704972180,Robocall,block,3,+15704972180,robocall,1,0,,phone_rule,us-ftc-robocall-daily
+18336222346,Robocall,block,3,+18336222346,robocall,1,0,,phone_rule,us-ftc-robocall-daily
+18446490118,Robocall,block,3,+18446490118,robocall,1,0,,phone_rule,us-ftc-robocall-daily
+15019991874,Robocall,block,3,+15019991874,robocall,1,0,,phone_rule,us-ftc-robocall-daily
+18663488193,Robocall,block,3,+18663488193,robocall,1,0,,phone_rule,us-ftc-robocall-daily
+16266314079,Robocall,block,3,+16266314079,robocall,1,0,,phone_rule,us-ftc-robocall-daily
+14065713699,Robocall,block,3,+14065713699,robocall,1,0,,phone_rule,us-ftc-robocall-daily
+19184253562,Robocall,block,3,+19184253562,robocall,1,0,,phone_rule,us-ftc-robocall-daily
+14387030882,Robocall,block,3,+14387030882,robocall,1,0,,phone_rule,us-ftc-robocall-daily
+18139128594,Robocall,block,3,+18139128594,robocall,1,0,,phone_rule,us-ftc-robocall-daily
+14069887677,Robocall,block,3,+14069887677,robocall,1,0,,phone_rule,us-ftc-robocall-daily
+12503854189,Robocall,block,3,+12503854189,robocall,1,0,,phone_rule,us-ftc-robocall-daily
+15109612655,Robocall,block,3,+15109612655,robocall,1,0,,phone_rule,us-ftc-robocall-daily
+13377073205,Robocall,block,3,+13377073205,robocall,1,0,,phone_rule,us-ftc-robocall-daily
+18335102934,Robocall,block,3,+18335102934,robocall,1,0,,phone_rule,us-ftc-robocall-daily
+13054047005,Robocall,block,3,+13054047005,robocall,1,0,,phone_rule,us-ftc-robocall-daily
+16189371001,Robocall,block,3,+16189371001,robocall,1,0,,phone_rule,us-ftc-robocall-daily
+15025358090,Robocall,block,3,+15025358090,robocall,1,0,,phone_rule,us-ftc-robocall-daily
+15107643182,Robocall,block,3,+15107643182,robocall,1,0,,phone_rule,us-ftc-robocall-daily
+15108718348,Robocall,block,3,+15108718348,robocall,1,0,,phone_rule,us-ftc-robocall-daily
+18623488750,Robocall,block,3,+18623488750,robocall,1,0,,phone_rule,us-ftc-robocall-daily
+18888442194,Robocall,block,3,+18888442194,robocall,1,0,,phone_rule,us-ftc-robocall-daily
+12097914417,Robocall,block,3,+12097914417,robocall,1,0,,phone_rule,us-ftc-robocall-daily
+16612152151,Robocall,block,3,+16612152151,robocall,1,0,,phone_rule,us-ftc-robocall-daily
+12208880158,Robocall,block,3,+12208880158,robocall,1,0,,phone_rule,us-ftc-robocall-daily
+18334403729,Robocall,block,3,+18334403729,robocall,1,0,,phone_rule,us-ftc-robocall-daily
+18383860896,Robocall,block,3,+18383860896,robocall,1,0,,phone_rule,us-ftc-robocall-daily
+14067409188,Robocall,block,3,+14067409188,robocall,1,0,,phone_rule,us-ftc-robocall-daily
+15108303621,Robocall,block,3,+15108303621,robocall,1,0,,phone_rule,us-ftc-robocall-daily
+18184793991,Robocall,block,3,+18184793991,robocall,1,0,,phone_rule,us-ftc-robocall-daily
+18012140712,Robocall,block,3,+18012140712,robocall,1,0,,phone_rule,us-ftc-robocall-daily
+16162078143,Robocall,block,3,+16162078143,robocall,1,0,,phone_rule,us-ftc-robocall-daily
+15108339652,Robocall,block,3,+15108339652,robocall,1,0,,phone_rule,us-ftc-robocall-daily
+13185588153,Robocall,block,3,+13185588153,robocall,1,0,,phone_rule,us-ftc-robocall-daily
+17818223068,Robocall,block,3,+17818223068,robocall,1,0,,phone_rule,us-ftc-robocall-daily
+15109734150,Robocall,block,3,+15109734150,robocall,1,0,,phone_rule,us-ftc-robocall-daily
+16162077767,Robocall,block,3,+16162077767,robocall,1,0,,phone_rule,us-ftc-robocall-daily
+18334402212,Robocall,block,3,+18334402212,robocall,1,0,,phone_rule,us-ftc-robocall-daily
+17633904044,Robocall,block,3,+17633904044,robocall,1,0,,phone_rule,us-ftc-robocall-daily
+12253100755,Robocall,block,3,+12253100755,robocall,1,0,,phone_rule,us-ftc-robocall-daily
+16512130464,Robocall,block,3,+16512130464,robocall,1,0,,phone_rule,us-ftc-robocall-daily
+19017401022,Robocall,block,3,+19017401022,robocall,1,0,,phone_rule,us-ftc-robocall-daily
+19375399459,Robocall,block,3,+19375399459,robocall,1,0,,phone_rule,us-ftc-robocall-daily
+16805293160,Robocall,block,3,+16805293160,robocall,1,0,,phone_rule,us-ftc-robocall-daily
+14034432016,Robocall,block,3,+14034432016,robocall,1,0,,phone_rule,us-ftc-robocall-daily
+18049472031,Robocall,block,3,+18049472031,robocall,1,0,,phone_rule,us-ftc-robocall-daily
+14504305662,Robocall,block,3,+14504305662,robocall,1,0,,phone_rule,us-ftc-robocall-daily
+17032607524,Robocall,block,3,+17032607524,robocall,1,0,,phone_rule,us-ftc-robocall-daily
+16162077402,Robocall,block,3,+16162077402,robocall,1,0,,phone_rule,us-ftc-robocall-daily
+12692809175,Robocall,block,3,+12692809175,robocall,1,0,,phone_rule,us-ftc-robocall-daily
+14069913612,Robocall,block,3,+14069913612,robocall,1,0,,phone_rule,us-ftc-robocall-daily
+18058373074,Robocall,block,3,+18058373074,robocall,1,0,,phone_rule,us-ftc-robocall-daily
+18883712036,Robocall,block,3,+18883712036,robocall,1,0,,phone_rule,us-ftc-robocall-daily
+15069816782,Robocall,block,3,+15069816782,robocall,1,0,,phone_rule,us-ftc-robocall-daily
+13605851415,Robocall,block,3,+13605851415,robocall,1,0,,phone_rule,us-ftc-robocall-daily
+12054248951,Robocall,block,3,+12054248951,robocall,1,0,,phone_rule,us-ftc-robocall-daily
+14343771719,Robocall,block,3,+14343771719,robocall,1,0,,phone_rule,us-ftc-robocall-daily
+16592840849,Robocall,block,3,+16592840849,robocall,1,0,,phone_rule,us-ftc-robocall-daily
+18004575362,Robocall,block,3,+18004575362,robocall,1,0,,phone_rule,us-ftc-robocall-daily
+12056389726,Robocall,block,3,+12056389726,robocall,1,0,,phone_rule,us-ftc-robocall-daily
+12056231883,Robocall,block,3,+12056231883,robocall,1,0,,phone_rule,us-ftc-robocall-daily
+19454094526,Robocall,block,3,+19454094526,robocall,1,0,,phone_rule,us-ftc-robocall-daily
+18727999233,Robocall,block,3,+18727999233,robocall,1,0,,phone_rule,us-ftc-robocall-daily
+18334950030,Robocall,block,3,+18334950030,robocall,1,0,,phone_rule,us-ftc-robocall-daily
+18057272292,Robocall,block,3,+18057272292,robocall,1,0,,phone_rule,us-ftc-robocall-daily
+14348121975,Robocall,block,3,+14348121975,robocall,1,0,,phone_rule,us-ftc-robocall-daily
+14057864452,Robocall,block,3,+14057864452,robocall,1,0,,phone_rule,us-ftc-robocall-daily
+14346025263,Robocall,block,3,+14346025263,robocall,1,0,,phone_rule,us-ftc-robocall-daily
+12146283573,Robocall,block,3,+12146283573,robocall,1,0,,phone_rule,us-ftc-robocall-daily
+18333052604,Robocall,block,3,+18333052604,robocall,1,0,,phone_rule,us-ftc-robocall-daily
+14342633272,Robocall,block,3,+14342633272,robocall,1,0,,phone_rule,us-ftc-robocall-daily
+17408523697,Robocall,block,3,+17408523697,robocall,1,0,,phone_rule,us-ftc-robocall-daily
+14025124371,Robocall,block,3,+14025124371,robocall,1,0,,phone_rule,us-ftc-robocall-daily
+12029412026,Robocall,block,3,+12029412026,robocall,1,0,,phone_rule,us-ftc-robocall-daily
+14387030852,Robocall,block,3,+14387030852,robocall,1,0,,phone_rule,us-ftc-robocall-daily
+14706871049,Robocall,block,3,+14706871049,robocall,1,0,,phone_rule,us-ftc-robocall-daily
+14054618959,Robocall,block,3,+14054618959,robocall,1,0,,phone_rule,us-ftc-robocall-daily
+18883469958,Robocall,block,3,+18883469958,robocall,1,0,,phone_rule,us-ftc-robocall-daily
+18447683221,Robocall,block,3,+18447683221,robocall,1,0,,phone_rule,us-ftc-robocall-daily
+16232852460,Robocall,block,3,+16232852460,robocall,1,0,,phone_rule,us-ftc-robocall-daily
+15152042455,Robocall,block,3,+15152042455,robocall,1,0,,phone_rule,us-ftc-robocall-daily
+14052897906,Robocall,block,3,+14052897906,robocall,1,0,,phone_rule,us-ftc-robocall-daily
+18456303146,Robocall,block,3,+18456303146,robocall,1,0,,phone_rule,us-ftc-robocall-daily
+19098087293,Robocall,block,3,+19098087293,robocall,1,0,,phone_rule,us-ftc-robocall-daily
+14027834240,Robocall,block,3,+14027834240,robocall,1,0,,phone_rule,us-ftc-robocall-daily
+18447241841,Robocall,block,3,+18447241841,robocall,1,0,,phone_rule,us-ftc-robocall-daily
+12105959362,Robocall,block,3,+12105959362,robocall,1,0,,phone_rule,us-ftc-robocall-daily
+17753695369,Robocall,block,3,+17753695369,robocall,1,0,,phone_rule,us-ftc-robocall-daily
+14345091074,Robocall,block,3,+14345091074,robocall,1,0,,phone_rule,us-ftc-robocall-daily
+14322513592,Robocall,block,3,+14322513592,robocall,1,0,,phone_rule,us-ftc-robocall-daily
+18333647642,Robocall,block,3,+18333647642,robocall,1,0,,phone_rule,us-ftc-robocall-daily
+14025998312,Robocall,block,3,+14025998312,robocall,1,0,,phone_rule,us-ftc-robocall-daily
+18262125336,Robocall,block,3,+18262125336,robocall,1,0,,phone_rule,us-ftc-robocall-daily
+17163156639,Robocall,block,3,+17163156639,robocall,1,0,,phone_rule,us-ftc-robocall-daily
+14793503595,Robocall,block,3,+14793503595,robocall,1,0,,phone_rule,us-ftc-robocall-daily
+18555502561,Robocall,block,3,+18555502561,robocall,1,0,,phone_rule,us-ftc-robocall-daily
+12392329443,Robocall,block,3,+12392329443,robocall,1,0,,phone_rule,us-ftc-robocall-daily
+12026099753,Robocall,block,3,+12026099753,robocall,1,0,,phone_rule,us-ftc-robocall-daily
+17162108422,Robocall,block,3,+17162108422,robocall,1,0,,phone_rule,us-ftc-robocall-daily
+16059934850,Robocall,block,3,+16059934850,robocall,1,0,,phone_rule,us-ftc-robocall-daily
+15642591135,Robocall,block,3,+15642591135,robocall,1,0,,phone_rule,us-ftc-robocall-daily
+14027924960,Robocall,block,3,+14027924960,robocall,1,0,,phone_rule,us-ftc-robocall-daily
+18002301284,Robocall,block,3,+18002301284,robocall,1,0,,phone_rule,us-ftc-robocall-daily
+14794292520,Robocall,block,3,+14794292520,robocall,1,0,,phone_rule,us-ftc-robocall-daily
+14027458489,Robocall,block,3,+14027458489,robocall,1,0,,phone_rule,us-ftc-robocall-daily
+12065784153,Robocall,block,3,+12065784153,robocall,1,0,,phone_rule,us-ftc-robocall-daily
+15315579997,Robocall,block,3,+15315579997,robocall,1,0,,phone_rule,us-ftc-robocall-daily
+19095428590,Robocall,block,3,+19095428590,robocall,1,0,,phone_rule,us-ftc-robocall-daily
+18444461383,Robocall,block,3,+18444461383,robocall,1,0,,phone_rule,us-ftc-robocall-daily
+14027924944,Robocall,block,3,+14027924944,robocall,1,0,,phone_rule,us-ftc-robocall-daily
+17029569617,Robocall,block,3,+17029569617,robocall,1,0,,phone_rule,us-ftc-robocall-daily
+18664410380,Robocall,block,3,+18664410380,robocall,1,0,,phone_rule,us-ftc-robocall-daily
+16562451369,Robocall,block,3,+16562451369,robocall,1,0,,phone_rule,us-ftc-robocall-daily
+17025294865,Robocall,block,3,+17025294865,robocall,1,0,,phone_rule,us-ftc-robocall-daily
+13467160030,Robocall,block,3,+13467160030,robocall,1,0,,phone_rule,us-ftc-robocall-daily
+18777103573,Robocall,block,3,+18777103573,robocall,1,0,,phone_rule,us-ftc-robocall-daily
+18884219367,Robocall,block,3,+18884219367,robocall,1,0,,phone_rule,us-ftc-robocall-daily
+18663881218,Robocall,block,3,+18663881218,robocall,1,0,,phone_rule,us-ftc-robocall-daily
+13014230518,Robocall,block,3,+13014230518,robocall,1,0,,phone_rule,us-ftc-robocall-daily
+12023451876,Robocall,block,3,+12023451876,robocall,1,0,,phone_rule,us-ftc-robocall-daily
+13855569961,Robocall,block,3,+13855569961,robocall,1,0,,phone_rule,us-ftc-robocall-daily
+19252704409,Robocall,block,3,+19252704409,robocall,1,0,,phone_rule,us-ftc-robocall-daily
+18777882531,Robocall,block,3,+18777882531,robocall,1,0,,phone_rule,us-ftc-robocall-daily
+12702959319,Robocall,block,3,+12702959319,robocall,1,0,,phone_rule,us-ftc-robocall-daily
+12295829762,Robocall,block,3,+12295829762,robocall,1,0,,phone_rule,us-ftc-robocall-daily
+18453169676,Robocall,block,3,+18453169676,robocall,1,0,,phone_rule,us-ftc-robocall-daily
+18775341267,Robocall,block,3,+18775341267,robocall,1,0,,phone_rule,us-ftc-robocall-daily
+17253344127,Robocall,block,3,+17253344127,robocall,1,0,,phone_rule,us-ftc-robocall-daily
+14437396502,Robocall,block,3,+14437396502,robocall,1,0,,phone_rule,us-ftc-robocall-daily
+17752481316,Robocall,block,3,+17752481316,robocall,1,0,,phone_rule,us-ftc-robocall-daily
+12146284088,Robocall,block,3,+12146284088,robocall,1,0,,phone_rule,us-ftc-robocall-daily
+12402802668,Robocall,block,3,+12402802668,robocall,1,0,,phone_rule,us-ftc-robocall-daily
+12255239575,Robocall,block,3,+12255239575,robocall,1,0,,phone_rule,us-ftc-robocall-daily
+18555760628,Robocall,block,3,+18555760628,robocall,1,0,,phone_rule,us-ftc-robocall-daily
+13809792800,Robocall,block,3,+13809792800,robocall,1,0,,phone_rule,us-ftc-robocall-daily
+15052331662,Robocall,block,3,+15052331662,robocall,1,0,,phone_rule,us-ftc-robocall-daily
+14177781556,Robocall,block,3,+14177781556,robocall,1,0,,phone_rule,us-ftc-robocall-daily
+17733896359,Robocall,block,3,+17733896359,robocall,1,0,,phone_rule,us-ftc-robocall-daily
+15342021085,Robocall,block,3,+15342021085,robocall,1,0,,phone_rule,us-ftc-robocall-daily
+14057044204,Robocall,block,3,+14057044204,robocall,1,0,,phone_rule,us-ftc-robocall-daily
+12742001453,Robocall,block,3,+12742001453,robocall,1,0,,phone_rule,us-ftc-robocall-daily
+19498016042,Robocall,block,3,+19498016042,robocall,1,0,,phone_rule,us-ftc-robocall-daily
+19253695547,Robocall,block,3,+19253695547,robocall,1,0,,phone_rule,us-ftc-robocall-daily
+14057848475,Robocall,block,3,+14057848475,robocall,1,0,,phone_rule,us-ftc-robocall-daily
+12027347971,Robocall,block,3,+12027347971,robocall,1,0,,phone_rule,us-ftc-robocall-daily
+18627867331,Robocall,block,3,+18627867331,robocall,1,0,,phone_rule,us-ftc-robocall-daily
+13212649755,Robocall,block,3,+13212649755,robocall,1,0,,phone_rule,us-ftc-robocall-daily
+19016697578,Robocall,block,3,+19016697578,robocall,1,0,,phone_rule,us-ftc-robocall-daily
+18663233137,Robocall,block,3,+18663233137,robocall,1,0,,phone_rule,us-ftc-robocall-daily
+16602427228,Robocall,block,3,+16602427228,robocall,1,0,,phone_rule,us-ftc-robocall-daily
+14048064811,Robocall,block,3,+14048064811,robocall,1,0,,phone_rule,us-ftc-robocall-daily
+15127689859,Robocall,block,3,+15127689859,robocall,1,0,,phone_rule,us-ftc-robocall-daily
+15125431782,Robocall,block,3,+15125431782,robocall,1,0,,phone_rule,us-ftc-robocall-daily
+18329064461,Robocall,block,3,+18329064461,robocall,1,0,,phone_rule,us-ftc-robocall-daily
+17373220599,Robocall,block,3,+17373220599,robocall,1,0,,phone_rule,us-ftc-robocall-daily
+19792322819,Robocall,block,3,+19792322819,robocall,1,0,,phone_rule,us-ftc-robocall-daily
+14379077081,Robocall,block,3,+14379077081,robocall,1,0,,phone_rule,us-ftc-robocall-daily
+16012020790,Robocall,block,3,+16012020790,robocall,1,0,,phone_rule,us-ftc-robocall-daily
+12818010712,Robocall,block,3,+12818010712,robocall,1,0,,phone_rule,us-ftc-robocall-daily
+12109723804,Robocall,block,3,+12109723804,robocall,1,0,,phone_rule,us-ftc-robocall-daily
+12232030263,Robocall,block,3,+12232030263,robocall,1,0,,phone_rule,us-ftc-robocall-daily
+18507544695,Robocall,block,3,+18507544695,robocall,1,0,,phone_rule,us-ftc-robocall-daily
+19045934590,Robocall,block,3,+19045934590,robocall,1,0,,phone_rule,us-ftc-robocall-daily
+18102018806,Robocall,block,3,+18102018806,robocall,1,0,,phone_rule,us-ftc-robocall-daily
+18663233394,Robocall,block,3,+18663233394,robocall,1,0,,phone_rule,us-ftc-robocall-daily
+14192908868,Robocall,block,3,+14192908868,robocall,1,0,,phone_rule,us-ftc-robocall-daily
+19072758303,Robocall,block,3,+19072758303,robocall,1,0,,phone_rule,us-ftc-robocall-daily
+18663233577,Robocall,block,3,+18663233577,robocall,1,0,,phone_rule,us-ftc-robocall-daily
+18776810224,Robocall,block,3,+18776810224,robocall,1,0,,phone_rule,us-ftc-robocall-daily
+16572355968,Robocall,block,3,+16572355968,robocall,1,0,,phone_rule,us-ftc-robocall-daily
+12509079545,Robocall,block,3,+12509079545,robocall,1,0,,phone_rule,us-ftc-robocall-daily
+19493684563,Robocall,block,3,+19493684563,robocall,1,0,,phone_rule,us-ftc-robocall-daily
+18005311401,Robocall,block,3,+18005311401,robocall,1,0,,phone_rule,us-ftc-robocall-daily
+18583941125,Robocall,block,3,+18583941125,robocall,1,0,,phone_rule,us-ftc-robocall-daily
+19492346017,Robocall,block,3,+19492346017,robocall,1,0,,phone_rule,us-ftc-robocall-daily
+13033955201,Robocall,block,3,+13033955201,robocall,1,0,,phone_rule,us-ftc-robocall-daily
+19106360890,Robocall,block,3,+19106360890,robocall,1,0,,phone_rule,us-ftc-robocall-daily
+12202823990,Robocall,block,3,+12202823990,robocall,1,0,,phone_rule,us-ftc-robocall-daily
+14692705757,Robocall,block,3,+14692705757,robocall,1,0,,phone_rule,us-ftc-robocall-daily
+16066446200,Robocall,block,3,+16066446200,robocall,1,0,,phone_rule,us-ftc-robocall-daily
+19738260218,Robocall,block,3,+19738260218,robocall,1,0,,phone_rule,us-ftc-robocall-daily
+19567415389,Robocall,block,3,+19567415389,robocall,1,0,,phone_rule,us-ftc-robocall-daily
+19712471145,Robocall,block,3,+19712471145,robocall,1,0,,phone_rule,us-ftc-robocall-daily
+18555503083,Robocall,block,3,+18555503083,robocall,1,0,,phone_rule,us-ftc-robocall-daily
+18885920996,Robocall,block,3,+18885920996,robocall,1,0,,phone_rule,us-ftc-robocall-daily
+16625968440,Robocall,block,3,+16625968440,robocall,1,0,,phone_rule,us-ftc-robocall-daily
+13522173477,Robocall,block,3,+13522173477,robocall,1,0,,phone_rule,us-ftc-robocall-daily
+18106426783,Robocall,block,3,+18106426783,robocall,1,0,,phone_rule,us-ftc-robocall-daily
+18887977436,Robocall,block,3,+18887977436,robocall,1,0,,phone_rule,us-ftc-robocall-daily
+19075310664,Robocall,block,3,+19075310664,robocall,1,0,,phone_rule,us-ftc-robocall-daily
+19074162222,Robocall,block,3,+19074162222,robocall,1,0,,phone_rule,us-ftc-robocall-daily
+17076041562,Robocall,block,3,+17076041562,robocall,1,0,,phone_rule,us-ftc-robocall-daily
+18435494530,Robocall,block,3,+18435494530,robocall,1,0,,phone_rule,us-ftc-robocall-daily
+17133642760,Robocall,block,3,+17133642760,robocall,1,0,,phone_rule,us-ftc-robocall-daily
+19092811315,Robocall,block,3,+19092811315,robocall,1,0,,phone_rule,us-ftc-robocall-daily
+17122868867,Robocall,block,3,+17122868867,robocall,1,0,,phone_rule,us-ftc-robocall-daily
+18889951537,Robocall,block,3,+18889951537,robocall,1,0,,phone_rule,us-ftc-robocall-daily
+18668825632,Robocall,block,3,+18668825632,robocall,1,0,,phone_rule,us-ftc-robocall-daily
+12019778110,Robocall,block,3,+12019778110,robocall,1,0,,phone_rule,us-ftc-robocall-daily
+12563289094,Robocall,block,3,+12563289094,robocall,1,0,,phone_rule,us-ftc-robocall-daily
+18334161272,Robocall,block,3,+18334161272,robocall,1,0,,phone_rule,us-ftc-robocall-daily
+12019793800,Robocall,block,3,+12019793800,robocall,1,0,,phone_rule,us-ftc-robocall-daily
+15052331656,Robocall,block,3,+15052331656,robocall,1,0,,phone_rule,us-ftc-robocall-daily
+14022030809,Robocall,block,3,+14022030809,robocall,1,0,,phone_rule,us-ftc-robocall-daily
+12017194916,Robocall,block,3,+12017194916,robocall,1,0,,phone_rule,us-ftc-robocall-daily
+12015824830,Robocall,block,3,+12015824830,robocall,1,0,,phone_rule,us-ftc-robocall-daily
+15814360817,Robocall,block,3,+15814360817,robocall,1,0,,phone_rule,us-ftc-robocall-daily
+13155679147,Robocall,block,3,+13155679147,robocall,1,0,,phone_rule,us-ftc-robocall-daily
+12016452606,Robocall,block,3,+12016452606,robocall,1,0,,phone_rule,us-ftc-robocall-daily
+13238613011,Robocall,block,3,+13238613011,robocall,1,0,,phone_rule,us-ftc-robocall-daily
+14255785252,Robocall,block,3,+14255785252,robocall,1,0,,phone_rule,us-ftc-robocall-daily
+14255785194,Robocall,block,3,+14255785194,robocall,1,0,,phone_rule,us-ftc-robocall-daily
+16616514567,Robocall,block,3,+16616514567,robocall,1,0,,phone_rule,us-ftc-robocall-daily
+12017813457,Robocall,block,3,+12017813457,robocall,1,0,,phone_rule,us-ftc-robocall-daily
+15672051852,Robocall,block,3,+15672051852,robocall,1,0,,phone_rule,us-ftc-robocall-daily
+12192642045,Robocall,block,3,+12192642045,robocall,1,0,,phone_rule,us-ftc-robocall-daily
+14406961169,Robocall,block,3,+14406961169,robocall,1,0,,phone_rule,us-ftc-robocall-daily
+13308945036,Robocall,block,3,+13308945036,robocall,1,0,,phone_rule,us-ftc-robocall-daily
+19282709032,Robocall,block,3,+19282709032,robocall,1,0,,phone_rule,us-ftc-robocall-daily
+12367881845,Robocall,block,3,+12367881845,robocall,1,0,,phone_rule,us-ftc-robocall-daily
+15168625499,Robocall,block,3,+15168625499,robocall,1,0,,phone_rule,us-ftc-robocall-daily
+17712221485,Robocall,block,3,+17712221485,robocall,1,0,,phone_rule,us-ftc-robocall-daily
+15163034836,Robocall,block,3,+15163034836,robocall,1,0,,phone_rule,us-ftc-robocall-daily
